fecha,IGAE,ActividadIndustrial,FBCF,IMCP,ANTAD,AUTOS,TARJETAS,Desempleo,IMSS,EPU,INPC,TC,TIIE,Balanza,BMV,INDPRO
1919-01-01,,,,,,,,,,,,,,,,4.8739
1919-02-01,,,,,,,,,,,,,,,,4.6585
1919-03-01,,,,,,,,,,,,,,,,4.5238
1919-04-01,,,,,,,,,,,,,,,,4.6046
1919-05-01,,,,,,,,,,,,,,,,4.6315
1919-06-01,,,,,,,,,,,,,,,,4.9277
1919-07-01,,,,,,,,,,,,,,,,5.2239
1919-08-01,,,,,,,,,,,,,,,,5.3047
1919-09-01,,,,,,,,,,,,,,,,5.197
1919-10-01,,,,,,,,,,,,,,,,5.1432
1919-11-01,,,,,,,,,,,,,,,,5.0624
1919-12-01,,,,,,,,,,,,,,,,5.1432
1920-01-01,,,,,,,,,,,,,,,,5.6279
1920-02-01,,,,,,,,,,,,,,,,5.6279
1920-03-01,,,,,,,,,,,,,,,,5.5201
1920-04-01,,,,,,,,,,,,,,,,5.2239
1920-05-01,,,,,,,,,,,,,,,,5.3586
1920-06-01,,,,,,,,,,,,,,,,5.4124
1920-07-01,,,,,,,,,,,,,,,,5.2778
1920-08-01,,,,,,,,,,,,,,,,5.3047
1920-09-01,,,,,,,,,,,,,,,,5.1162
1920-10-01,,,,,,,,,,,,,,,,4.9008
1920-11-01,,,,,,,,,,,,,,,,4.4969
1920-12-01,,,,,,,,,,,,,,,,4.2276
1921-01-01,,,,,,,,,,,,,,,,3.9853
1921-02-01,,,,,,,,,,,,,,,,3.9045
1921-03-01,,,,,,,,,,,,,,,,3.7968
1921-04-01,,,,,,,,,,,,,,,,3.7968
1921-05-01,,,,,,,,,,,,,,,,3.9045
1921-06-01,,,,,,,,,,,,,,,,3.8776
1921-07-01,,,,,,,,,,,,,,,,3.8506
1921-08-01,,,,,,,,,,,,,,,,3.9853
1921-09-01,,,,,,,,,,,,,,,,4.0122
1921-10-01,,,,,,,,,,,,,,,,4.2545
1921-11-01,,,,,,,,,,,,,,,,4.2007
1921-12-01,,,,,,,,,,,,,,,,4.1738
1922-01-01,,,,,,,,,,,,,,,,4.3353
1922-02-01,,,,,,,,,,,,,,,,4.5238
1922-03-01,,,,,,,,,,,,,,,,4.7662
1922-04-01,,,,,,,,,,,,,,,,4.6046
1922-05-01,,,,,,,,,,,,,,,,4.847
1922-06-01,,,,,,,,,,,,,,,,5.0893
1922-07-01,,,,,,,,,,,,,,,,5.0893
1922-08-01,,,,,,,,,,,,,,,,4.9816
1922-09-01,,,,,,,,,,,,,,,,5.2509
1922-10-01,,,,,,,,,,,,,,,,5.5471
1922-11-01,,,,,,,,,,,,,,,,5.7894
1922-12-01,,,,,,,,,,,,,,,,5.951
1923-01-01,,,,,,,,,,,,,,,,5.8163
1923-02-01,,,,,,,,,,,,,,,,5.8971
1923-03-01,,,,,,,,,,,,,,,,6.0856
1923-04-01,,,,,,,,,,,,,,,,6.2203
1923-05-01,,,,,,,,,,,,,,,,6.301
1923-06-01,,,,,,,,,,,,,,,,6.2472
1923-07-01,,,,,,,,,,,,,,,,6.1933
1923-08-01,,,,,,,,,,,,,,,,6.0856
1923-09-01,,,,,,,,,,,,,,,,5.951
1923-10-01,,,,,,,,,,,,,,,,5.9241
1923-11-01,,,,,,,,,,,,,,,,5.9241
1923-12-01,,,,,,,,,,,,,,,,5.7894
1924-01-01,,,,,,,,,,,,,,,,5.924
1924-02-01,,,,,,,,,,,,,,,,6.0318
1924-03-01,,,,,,,,,,,,,,,,5.9241
1924-04-01,,,,,,,,,,,,,,,,5.7356
1924-05-01,,,,,,,,,,,,,,,,5.4932
1924-06-01,,,,,,,,,,,,,,,,5.2509
1924-07-01,,,,,,,,,,,,,,,,5.1701
1924-08-01,,,,,,,,,,,,,,,,5.3586
1924-09-01,,,,,,,,,,,,,,,,5.5471
1924-10-01,,,,,,,,,,,,,,,,5.6817
1924-11-01,,,,,,,,,,,,,,,,5.7894
1924-12-01,,,,,,,,,,,,,,,,5.951
1925-01-01,,,,,,,,,,,,,,,,6.1395
1925-02-01,,,,,,,,,,,,,,,,6.1395
1925-03-01,,,,,,,,,,,,,,,,6.1395
1925-04-01,,,,,,,,,,,,,,,,6.1933
1925-05-01,,,,,,,,,,,,,,,,6.1664
1925-06-01,,,,,,,,,,,,,,,,6.1125
1925-07-01,,,,,,,,,,,,,,,,6.2741
1925-08-01,,,,,,,,,,,,,,,,6.1664
1925-09-01,,,,,,,,,,,,,,,,6.0856
1925-10-01,,,,,,,,,,,,,,,,6.328
1925-11-01,,,,,,,,,,,,,,,,6.4626
1925-12-01,,,,,,,,,,,,,,,,6.5434
1926-01-01,,,,,,,,,,,,,,,,6.4357
1926-02-01,,,,,,,,,,,,,,,,6.4357
1926-03-01,,,,,,,,,,,,,,,,6.5165
1926-04-01,,,,,,,,,,,,,,,,6.5165
1926-05-01,,,,,,,,,,,,,,,,6.4626
1926-06-01,,,,,,,,,,,,,,,,6.5434
1926-07-01,,,,,,,,,,,,,,,,6.5703
1926-08-01,,,,,,,,,,,,,,,,6.6511
1926-09-01,,,,,,,,,,,,,,,,6.7588
1926-10-01,,,,,,,,,,,,,,,,6.7588
1926-11-01,,,,,,,,,,,,,,,,6.7319
1926-12-01,,,,,,,,,,,,,,,,6.705
1927-01-01,,,,,,,,,,,,,,,,6.678
1927-02-01,,,,,,,,,,,,,,,,6.7319
1927-03-01,,,,,,,,,,,,,,,,6.8127
1927-04-01,,,,,,,,,,,,,,,,6.6511
1927-05-01,,,,,,,,,,,,,,,,6.705
1927-06-01,,,,,,,,,,,,,,,,6.678
1927-07-01,,,,,,,,,,,,,,,,6.5972
1927-08-01,,,,,,,,,,,,,,,,6.5972
1927-09-01,,,,,,,,,,,,,,,,6.4895
1927-10-01,,,,,,,,,,,,,,,,6.3549
1927-11-01,,,,,,,,,,,,,,,,6.3549
1927-12-01,,,,,,,,,,,,,,,,6.3818
1928-01-01,,,,,,,,,,,,,,,,6.5165
1928-02-01,,,,,,,,,,,,,,,,6.5703
1928-03-01,,,,,,,,,,,,,,,,6.6242
1928-04-01,,,,,,,,,,,,,,,,6.5972
1928-05-01,,,,,,,,,,,,,,,,6.678
1928-06-01,,,,,,,,,,,,,,,,6.7319
1928-07-01,,,,,,,,,,,,,,,,6.8127
1928-08-01,,,,,,,,,,,,,,,,6.9473
1928-09-01,,,,,,,,,,,,,,,,7.0012
1928-10-01,,,,,,,,,,,,,,,,7.1358
1928-11-01,,,,,,,,,,,,,,,,7.2704
1928-12-01,,,,,,,,,,,,,,,,7.4051
1929-01-01,,,,,,,,,,,,,,,,7.5128
1929-02-01,,,,,,,,,,,,,,,,7.4858
1929-03-01,,,,,,,,,,,,,,,,7.5128
1929-04-01,,,,,,,,,,,,,,,,7.6474
1929-05-01,,,,,,,,,,,,,,,,7.7821
1929-06-01,,,,,,,,,,,,,,,,7.8359
1929-07-01,,,,,,,,,,,,,,,,7.9436
1929-08-01,,,,,,,,,,,,,,,,7.8628
1929-09-01,,,,,,,,,,,,,,,,7.809
1929-10-01,,,,,,,,,,,,,,,,7.6743
1929-11-01,,,,,,,,,,,,,,,,7.2974
1929-12-01,,,,,,,,,,,,,,,,6.9742
1930-01-01,,,,,,,,,,,,,,,,6.9742
1930-02-01,,,,,,,,,,,,,,,,6.9473
1930-03-01,,,,,,,,,,,,,,,,6.8396
1930-04-01,,,,,,,,,,,,,,,,6.7857
1930-05-01,,,,,,,,,,,,,,,,6.678
1930-06-01,,,,,,,,,,,,,,,,6.4895
1930-07-01,,,,,,,,,,,,,,,,6.1933
1930-08-01,,,,,,,,,,,,,,,,6.0587
1930-09-01,,,,,,,,,,,,,,,,5.951
1930-10-01,,,,,,,,,,,,,,,,5.7894
1930-11-01,,,,,,,,,,,,,,,,5.6548
1930-12-01,,,,,,,,,,,,,,,,5.5201
1931-01-01,,,,,,,,,,,,,,,,5.4932
1931-02-01,,,,,,,,,,,,,,,,5.5201
1931-03-01,,,,,,,,,,,,,,,,5.6279
1931-04-01,,,,,,,,,,,,,,,,5.6548
1931-05-01,,,,,,,,,,,,,,,,5.574
1931-06-01,,,,,,,,,,,,,,,,5.4394
1931-07-01,,,,,,,,,,,,,,,,5.3586
1931-08-01,,,,,,,,,,,,,,,,5.1701
1931-09-01,,,,,,,,,,,,,,,,4.9277
1931-10-01,,,,,,,,,,,,,,,,4.7392
1931-11-01,,,,,,,,,,,,,,,,4.6854
1931-12-01,,,,,,,,,,,,,,,,4.6585
1932-01-01,,,,,,,,,,,,,,,,4.5238
1932-02-01,,,,,,,,,,,,,,,,4.4161
1932-03-01,,,,,,,,,,,,,,,,4.3623
1932-04-01,,,,,,,,,,,,,,,,4.0661
1932-05-01,,,,,,,,,,,,,,,,3.9314
1932-06-01,,,,,,,,,,,,,,,,3.7968
1932-07-01,,,,,,,,,,,,,,,,3.6891
1932-08-01,,,,,,,,,,,,,,,,3.7968
1932-09-01,,,,,,,,,,,,,,,,4.0391
1932-10-01,,,,,,,,,,,,,,,,4.1738
1932-11-01,,,,,,,,,,,,,,,,4.1738
1932-12-01,,,,,,,,,,,,,,,,4.093
1933-01-01,,,,,,,,,,,,,,,,4.0122
1933-02-01,,,,,,,,,,,,,,,,4.0391
1933-03-01,,,,,,,,,,,,,,,,3.7968
1933-04-01,,,,,,,,,,,,,,,,4.0661
1933-05-01,,,,,,,,,,,,,,,,4.7392
1933-06-01,,,,,,,,,,,,,,,,5.4663
1933-07-01,,,,,,,,,,,,,,,,5.9779
1933-08-01,,,,,,,,,,,,,,,,5.7356
1933-09-01,,,,,,,,,,,,,,,,5.4124
1933-10-01,,,,,,,,,,,,,,,,5.1432
1933-11-01,,,,,,,,,,,,,,,,4.847
1933-12-01,,,,,,,,,,,,,,,,4.8739
1934-01-01,,,,,,,,,,,,,,,,5.0354
1934-02-01,,,,,,,,,,,,,,,,5.2778
1934-03-01,,,,,,,,,,,,,,,,5.5201
1934-04-01,,,,,,,,,,,,,,,,5.5201
1934-05-01,,,,,,,,,,,,,,,,5.6278
1934-06-01,,,,,,,,,,,,,,,,5.5201
1934-07-01,,,,,,,,,,,,,,,,5.1432
1934-08-01,,,,,,,,,,,,,,,,5.0893
1934-09-01,,,,,,,,,,,,,,,,4.7931
1934-10-01,,,,,,,,,,,,,,,,5.0085
1934-11-01,,,,,,,,,,,,,,,,5.0624
1934-12-01,,,,,,,,,,,,,,,,5.3855
1935-01-01,,,,,,,,,,,,,,,,5.8163
1935-02-01,,,,,,,,,,,,,,,,5.9241
1935-03-01,,,,,,,,,,,,,,,,5.8971
1935-04-01,,,,,,,,,,,,,,,,5.7894
1935-05-01,,,,,,,,,,,,,,,,5.7894
1935-06-01,,,,,,,,,,,,,,,,5.8702
1935-07-01,,,,,,,,,,,,,,,,5.8702
1935-08-01,,,,,,,,,,,,,,,,6.0856
1935-09-01,,,,,,,,,,,,,,,,6.2472
1935-10-01,,,,,,,,,,,,,,,,6.4357
1935-11-01,,,,,,,,,,,,,,,,6.5703
1935-12-01,,,,,,,,,,,,,,,,6.6511
1936-01-01,,,,,,,,,,,,,,,,6.5434
1936-02-01,,,,,,,,,,,,,,,,6.3818
1936-03-01,,,,,,,,,,,,,,,,6.4626
1936-04-01,,,,,,,,,,,,,,,,6.8665
1936-05-01,,,,,,,,,,,,,,,,7.0012
1936-06-01,,,,,,,,,,,,,,,,7.1358
1936-07-01,,,,,,,,,,,,,,,,7.2704
1936-08-01,,,,,,,,,,,,,,,,7.3781
1936-09-01,,,,,,,,,,,,,,,,7.5128
1936-10-01,,,,,,,,,,,,,,,,7.6205
1936-11-01,,,,,,,,,,,,,,,,7.8359
1936-12-01,,,,,,,,,,,,,,,,8.0783
1937-01-01,,,,,,,,,,,,,,,,8.0513
1937-02-01,,,,,,,,,,,,,,,,8.159
1937-03-01,,,,,,,,,,,,,,,,8.3475
1937-04-01,,,,,,,,,,,,,,,,8.3475
1937-05-01,,,,,,,,,,,,,,,,8.3745
1937-06-01,,,,,,,,,,,,,,,,8.2667
1937-07-01,,,,,,,,,,,,,,,,8.3206
1937-08-01,,,,,,,,,,,,,,,,8.2667
1937-09-01,,,,,,,,,,,,,,,,7.9975
1937-10-01,,,,,,,,,,,,,,,,7.4051
1937-11-01,,,,,,,,,,,,,,,,6.678
1937-12-01,,,,,,,,,,,,,,,,6.0856
1938-01-01,,,,,,,,,,,,,,,,5.951
1938-02-01,,,,,,,,,,,,,,,,5.8971
1938-03-01,,,,,,,,,,,,,,,,5.8971
1938-04-01,,,,,,,,,,,,,,,,5.7894
1938-05-01,,,,,,,,,,,,,,,,5.6548
1938-06-01,,,,,,,,,,,,,,,,5.7086
1938-07-01,,,,,,,,,,,,,,,,6.0318
1938-08-01,,,,,,,,,,,,,,,,6.3549
1938-09-01,,,,,,,,,,,,,,,,6.5434
1938-10-01,,,,,,,,,,,,,,,,6.705
1938-11-01,,,,,,,,,,,,,,,,6.9742
1938-12-01,,,,,,,,,,,,,,,,7.055
1939-01-01,,,,,,,,,,,,,,,,7.055
1939-02-01,,,,,,,,,,,,,,,,7.1089
1939-03-01,,,,,,,,,,,,,,,,7.1358
1939-04-01,,,,,,,,,,,,,,,,7.1089
1939-05-01,,,,,,,,,,,,,,,,7.0819
1939-06-01,,,,,,,,,,,,,,,,7.2435
1939-07-01,,,,,,,,,,,,,,,,7.4589
1939-08-01,,,,,,,,,,,,,,,,7.5666
1939-09-01,,,,,,,,,,,,,,,,8.0244
1939-10-01,,,,,,,,,,,,,,,,8.4283
1939-11-01,,,,,,,,,,,,,,,,8.6437
1939-12-01,,,,,,,,,,,,,,,,8.6437
1940-01-01,,,,,,,,,,,,,,,,8.536
1940-02-01,,,,,,,,,,,,,,,,8.2667
1940-03-01,,,,,,,,,,,,,,,,8.0783
1940-04-01,,,,,,,,,,,,,,,,8.2398
1940-05-01,,,,,,,,,,,,,,,,8.4822
1940-06-01,,,,,,,,,,,,,,,,8.7514
1940-07-01,,,,,,,,,,,,,,,,8.8592
1940-08-01,,,,,,,,,,,,,,,,8.913
1940-09-01,,,,,,,,,,,,,,,,9.1015
1940-10-01,,,,,,,,,,,,,,,,9.2361
1940-11-01,,,,,,,,,,,,,,,,9.4516
1940-12-01,,,,,,,,,,,,,,,,9.7747
1941-01-01,,,,,,,,,,,,,,,,10.017
1941-02-01,,,,,,,,,,,,,,,,10.3132
1941-03-01,,,,,,,,,,,,,,,,10.6364
1941-04-01,,,,,,,,,,,,,,,,10.6633
1941-05-01,,,,,,,,,,,,,,,,11.148
1941-06-01,,,,,,,,,,,,,,,,11.2288
1941-07-01,,,,,,,,,,,,,,,,11.3634
1941-08-01,,,,,,,,,,,,,,,,11.4981
1941-09-01,,,,,,,,,,,,,,,,11.4981
1941-10-01,,,,,,,,,,,,,,,,11.6058
1941-11-01,,,,,,,,,,,,,,,,11.6596
1941-12-01,,,,,,,,,,,,,,,,11.8481
1942-01-01,,,,,,,,,,,,,,,,12.0905
1942-02-01,,,,,,,,,,,,,,,,12.3059
1942-03-01,,,,,,,,,,,,,,,,12.4405
1942-04-01,,,,,,,,,,,,,,,,12.0905
1942-05-01,,,,,,,,,,,,,,,,12.1174
1942-06-01,,,,,,,,,,,,,,,,12.1443
1942-07-01,,,,,,,,,,,,,,,,12.4405
1942-08-01,,,,,,,,,,,,,,,,12.8175
1942-09-01,,,,,,,,,,,,,,,,13.1137
1942-10-01,,,,,,,,,,,,,,,,13.5445
1942-11-01,,,,,,,,,,,,,,,,13.8677
1942-12-01,,,,,,,,,,,,,,,,14.1908
1943-01-01,,,,,,,,,,,,,,,,14.3255
1943-02-01,,,,,,,,,,,,,,,,14.7024
1943-03-01,,,,,,,,,,,,,,,,14.8102
1943-04-01,,,,,,,,,,,,,,,,14.9986
1943-05-01,,,,,,,,,,,,,,,,15.1063
1943-06-01,,,,,,,,,,,,,,,,15.0256
1943-07-01,,,,,,,,,,,,,,,,15.4833
1943-08-01,,,,,,,,,,,,,,,,15.8064
1943-09-01,,,,,,,,,,,,,,,,16.2104
1943-10-01,,,,,,,,,,,,,,,,16.4527
1943-11-01,,,,,,,,,,,,,,,,16.6681
1943-12-01,,,,,,,,,,,,,,,,16.4527
1944-01-01,,,,,,,,,,,,,,,,16.6412
1944-02-01,,,,,,,,,,,,,,,,16.7758
1944-03-01,,,,,,,,,,,,,,,,16.7489
1944-04-01,,,,,,,,,,,,,,,,16.7489
1944-05-01,,,,,,,,,,,,,,,,16.6412
1944-06-01,,,,,,,,,,,,,,,,16.5874
1944-07-01,,,,,,,,,,,,,,,,16.5604
1944-08-01,,,,,,,,,,,,,,,,16.7758
1944-09-01,,,,,,,,,,,,,,,,16.6681
1944-10-01,,,,,,,,,,,,,,,,16.722
1944-11-01,,,,,,,,,,,,,,,,16.5873
1944-12-01,,,,,,,,,,,,,,,,16.5335
1945-01-01,,,,,,,,,,,,,,,,16.3719
1945-02-01,,,,,,,,,,,,,,,,16.3181
1945-03-01,,,,,,,,,,,,,,,,16.2104
1945-04-01,,,,,,,,,,,,,,,,15.9142
1945-05-01,,,,,,,,,,,,,,,,15.4833
1945-06-01,,,,,,,,,,,,,,,,15.1333
1945-07-01,,,,,,,,,,,,,,,,14.7832
1945-08-01,,,,,,,,,,,,,,,,13.2483
1945-09-01,,,,,,,,,,,,,,,,12.0635
1945-10-01,,,,,,,,,,,,,,,,11.5788
1945-11-01,,,,,,,,,,,,,,,,12.0097
1945-12-01,,,,,,,,,,,,,,,,12.0635
1946-01-01,,,,,,,,,,,,,,,,11.3903
1946-02-01,,,,,,,,,,,,,,,,10.8249
1946-03-01,,,,,,,,,,,,,,,,11.9558
1946-04-01,,,,,,,,,,,,,,,,11.7404
1946-05-01,,,,,,,,,,,,,,,,11.3096
1946-06-01,,,,,,,,,,,,,,,,12.0097
1946-07-01,,,,,,,,,,,,,,,,12.4136
1946-08-01,,,,,,,,,,,,,,,,12.8714
1946-09-01,,,,,,,,,,,,,,,,13.1137
1946-10-01,,,,,,,,,,,,,,,,13.356
1946-11-01,,,,,,,,,,,,,,,,13.4368
1946-12-01,,,,,,,,,,,,,,,,13.5176
1947-01-01,,,,,,,,,,,,,,,,13.6792
1947-02-01,,,,,,,,,,,,,,,,13.76
1947-03-01,,,,,,,,,,,,,,,,13.8407
1947-04-01,,,,,,,,,,,,,,,,13.733
1947-05-01,,,,,,,,,,,,,,,,13.7869
1947-06-01,,,,,,,,,,,,,,,,13.7869
1947-07-01,,,,,,,,,,,,,,,,13.7061
1947-08-01,,,,,,,,,,,,,,,,13.7869
1947-09-01,,,,,,,,,,,,,,,,13.8946
1947-10-01,,,,,,,,,,,,,,,,14.0292
1947-11-01,,,,,,,,,,,,,,,,14.2177
1947-12-01,,,,,,,,,,,,,,,,14.2716
1948-01-01,,,,,,,,,,,,,,,,14.3524
1948-02-01,,,,,,,,,,,,,,,,14.3793
1948-03-01,,,,,,,,,,,,,,,,14.2177
1948-04-01,,,,,,,,,,,,,,,,14.2447
1948-05-01,,,,,,,,,,,,,,,,14.487
1948-06-01,,,,,,,,,,,,,,,,14.6755
1948-07-01,,,,,,,,,,,,,,,,14.6755
1948-08-01,,,,,,,,,,,,,,,,14.6216
1948-09-01,,,,,,,,,,,,,,,,14.5139
1948-10-01,,,,,,,,,,,,,,,,14.6217
1948-11-01,,,,,,,,,,,,,,,,14.4332
1948-12-01,,,,,,,,,,,,,,,,14.2985
1949-01-01,,,,,,,,,,,,,,,,14.1639
1949-02-01,,,,,,,,,,,,,,,,14.0292
1949-03-01,,,,,,,,,,,,,,,,13.76
1949-04-01,,,,,,,,,,,,,,,,13.6792
1949-05-01,,,,,,,,,,,,,,,,13.4907
1949-06-01,,,,,,,,,,,,,,,,13.4638
1949-07-01,,,,,,,,,,,,,,,,13.4368
1949-08-01,,,,,,,,,,,,,,,,13.5715
1949-09-01,,,,,,,,,,,,,,,,13.7061
1949-10-01,,,,,,,,,,,,,,,,13.1945
1949-11-01,,,,,,,,,,,,,,,,13.5446
1949-12-01,,,,,,,,,,,,,,,,13.7869
1950-01-01,,,,,,,,,,,,,,,,14.0292
1950-02-01,,,,,,,,,,,,,,,,14.0831
1950-03-01,,,,,,,,,,,,,,,,14.5409
1950-04-01,,,,,,,,,,,,,,,,15.0255
1950-05-01,,,,,,,,,,,,,,,,15.3756
1950-06-01,,,,,,,,,,,,,,,,15.8334
1950-07-01,,,,,,,,,,,,,,,,16.345
1950-08-01,,,,,,,,,,,,,,,,16.8566
1950-09-01,,,,,,,,,,,,,,,,16.7489
1950-10-01,,,,,,,,,,,,,,,,16.8566
1950-11-01,,,,,,,,,,,,,,,,16.8297
1950-12-01,,,,,,,,,,,,,,,,17.1259
1951-01-01,,,,,,,,,,,,,,,,17.1797
1951-02-01,,,,,,,,,,,,,,,,17.2875
1951-03-01,,,,,,,,,,,,,,,,17.3682
1951-04-01,,,,,,,,,,,,,,,,17.3952
1951-05-01,,,,,,,,,,,,,,,,17.3413
1951-06-01,,,,,,,,,,,,,,,,17.2605
1951-07-01,,,,,,,,,,,,,,,,16.9913
1951-08-01,,,,,,,,,,,,,,,,16.8297
1951-09-01,,,,,,,,,,,,,,,,16.9374
1951-10-01,,,,,,,,,,,,,,,,16.9105
1951-11-01,,,,,,,,,,,,,,,,17.0451
1951-12-01,,,,,,,,,,,,,,,,17.1528
1952-01-01,,,,,,,,,,,,,,,,17.3413
1952-02-01,,,,,,,,,,,,,,,,17.449
1952-03-01,,,,,,,,,,,,,,,,17.5029
1952-04-01,,,,,,,,,,,,,,,,17.3413
1952-05-01,,,,,,,,,,,,,,,,17.1798
1952-06-01,,,,,,,,,,,,,,,,17.0182
1952-07-01,,,,,,,,,,,,,,,,16.7489
1952-08-01,,,,,,,,,,,,,,,,17.826
1952-09-01,,,,,,,,,,,,,,,,18.4723
1952-10-01,,,,,,,,,,,,,,,,18.6608
1952-11-01,,,,,,,,,,,,,,,,19.0378
1952-12-01,,,,,,,,,,,,,,,,19.1455
1953-01-01,,,,,,,,,,,,,,,,19.1993
1953-02-01,,,,,,,,,,,,,,,,19.307
1953-03-01,,,,,,,,,,,,,,,,19.4686
1953-04-01,,,,,,,,,,,,,,,,19.5494
1953-05-01,,,,,,,,,,,,,,,,19.6571
1953-06-01,,,,,,,,,,,,,,,,19.5763
1953-07-01,,,,,,,,,,,,,,,,19.8187
1953-08-01,,,,,,,,,,,,,,,,19.7109
1953-09-01,,,,,,,,,,,,,,,,19.307
1953-10-01,,,,,,,,,,,,,,,,19.1455
1953-11-01,,,,,,,,,,,,,,,,18.6877
1953-12-01,,,,,,,,,,,,,,,,18.2299
1954-01-01,,,,,,,,,,,,,,,,18.0953
1954-02-01,,,,,,,,,,,,,,,,18.1492
1954-03-01,,,,,,,,,,,,,,,,18.0414
1954-04-01,,,,,,,,,,,,,,,,17.9337
1954-05-01,,,,,,,,,,,,,,,,18.0414
1954-06-01,,,,,,,,,,,,,,,,18.0953
1954-07-01,,,,,,,,,,,,,,,,18.1222
1954-08-01,,,,,,,,,,,,,,,,18.0953
1954-09-01,,,,,,,,,,,,,,,,18.1222
1954-10-01,,,,,,,,,,,,,,,,18.3377
1954-11-01,,,,,,,,,,,,,,,,18.6338
1954-12-01,,,,,,,,,,,,,,,,18.8762
1955-01-01,,,,,,,,,,,,,,,,19.307
1955-02-01,,,,,,,,,,,,,,,,19.5494
1955-03-01,,,,,,,,,,,,,,,,20.0071
1955-04-01,,,,,,,,,,,,,,,,20.2495
1955-05-01,,,,,,,,,,,,,,,,20.5726
1955-06-01,,,,,,,,,,,,,,,,20.5996
1955-07-01,,,,,,,,,,,,,,,,20.7611
1955-08-01,,,,,,,,,,,,,,,,20.7342
1955-09-01,,,,,,,,,,,,,,,,20.8688
1955-10-01,,,,,,,,,,,,,,,,21.2189
1955-11-01,,,,,,,,,,,,,,,,21.2727
1955-12-01,,,,,,,,,,,,,,,,21.3535
1956-01-01,,,,,,,,,,,,,,,,21.4882
1956-02-01,,,,,,,,,,,,,,,,21.2997
1956-03-01,,,,,,,,,,,,,,,,21.2997
1956-04-01,,,,,,,,,,,,,,,,21.4612
1956-05-01,,,,,,,,,,,,,,,,21.2728
1956-06-01,,,,,,,,,,,,,,,,21.0843
1956-07-01,,,,,,,,,,,,,,,,20.438
1956-08-01,,,,,,,,,,,,,,,,21.2727
1956-09-01,,,,,,,,,,,,,,,,21.7574
1956-10-01,,,,,,,,,,,,,,,,21.9459
1956-11-01,,,,,,,,,,,,,,,,21.7574
1956-12-01,,,,,,,,,,,,,,,,22.0806
1957-01-01,,,,,,,,,,,,,,,,21.9998
1957-02-01,,,,,,,,,,,,,,,,22.2152
1957-03-01,,,,,,,,,,,,,,,,22.1883
1957-04-01,,,,,,,,,,,,,,,,21.8921
1957-05-01,,,,,,,,,,,,,,,,21.8113
1957-06-01,,,,,,,,,,,,,,,,21.8652
1957-07-01,,,,,,,,,,,,,,,,21.9998
1957-08-01,,,,,,,,,,,,,,,,21.9998
1957-09-01,,,,,,,,,,,,,,,,21.8113
1957-10-01,,,,,,,,,,,,,,,,21.4882
1957-11-01,,,,,,,,,,,,,,,,20.9765
1957-12-01,,,,,,,,,,,,,,,,20.5726
1958-01-01,,,,,,,,,,,,,,,,20.1956
1958-02-01,,,,,,,,,,,,,,,,19.7648
1958-03-01,,,,,,,,,,,,,,,,19.5225
1958-04-01,,,,,,,,,,,,,,,,19.1993
1958-05-01,,,,,,,,,,,,,,,,19.3878
1958-06-01,,,,,,,,,,,,,,,,19.8994
1958-07-01,,,,,,,,,,,,,,,,20.1956
1958-08-01,,,,,,,,,,,,,,,,20.5995
1958-09-01,,,,,,,,,,,,,,,,20.7881
1958-10-01,,,,,,,,,,,,,,,,21.0304
1958-11-01,,,,,,,,,,,,,,,,21.6497
1958-12-01,,,,,,,,,,,,,,,,21.6767
1959-01-01,,,,,,,,,,,,,,,,21.9998
1959-02-01,,,,,,,,,,,,,,,,22.4306
1959-03-01,,,,,,,,,,,,,,,,22.7538
1959-04-01,,,,,,,,,,,,,,,,23.2384
1959-05-01,,,,,,,,,,,,,,,,23.5885
1959-06-01,,,,,,,,,,,,,,,,23.6155
1959-07-01,,,,,,,,,,,,,,,,23.05
1959-08-01,,,,,,,,,,,,,,,,22.2691
1959-09-01,,,,,,,,,,,,,,,,22.2421
1959-10-01,,,,,,,,,,,,,,,,22.0806
1959-11-01,,,,,,,,,,,,,,,,22.2152
1959-12-01,,,,,,,,,,,,,,,,23.5885
1960-01-01,,,,,,,,,,,,,,,,24.2078
1960-02-01,,,,,,,,,,,,,,,,23.9924
1960-03-01,,,,,,,,,,,,,,,,23.777
1960-04-01,,,,,,,,,,,,,,,,23.5885
1960-05-01,,,,,,,,,,,,,,,,23.5616
1960-06-01,,,,,,,,,,,,,,,,23.2654
1960-07-01,,,,,,,,,,,,,,,,23.1846
1960-08-01,,,,,,,,,,,,,,,,23.1577
1960-09-01,,,,,,,,,,,,,,,,22.9153
1960-10-01,,,,,,,,,,,,,,,,22.8884
1960-11-01,,,,,,,,,,,,,,,,22.5653
1960-12-01,,,,,,,,,,,,,,,,22.1344
1961-01-01,,,,,,,,,,,,,,,,22.1613
1961-02-01,,,,,,,,,,,,,,,,22.1344
1961-03-01,,,,,,,,,,,,,,,,22.2691
1961-04-01,,,,,,,,,,,,,,,,22.7268
1961-05-01,,,,,,,,,,,,,,,,23.0769
1961-06-01,,,,,,,,,,,,,,,,23.4
1961-07-01,,,,,,,,,,,,,,,,23.6693
1961-08-01,,,,,,,,,,,,,,,,23.8847
1961-09-01,,,,,,,,,,,,,,,,23.8578
1961-10-01,,,,,,,,,,,,,,,,24.3156
1961-11-01,,,,,,,,,,,,,,,,24.6926
1961-12-01,,,,,,,,,,,,,,,,24.908
1962-01-01,,,,,,,,,,,,,,,,24.6925
1962-02-01,,,,,,,,,,,,,,,,25.0964
1962-03-01,,,,,,,,,,,,,,,,25.2311
1962-04-01,,,,,,,,,,,,,,,,25.285
1962-05-01,,,,,,,,,,,,,,,,25.258
1962-06-01,,,,,,,,,,,,,,,,25.2042
1962-07-01,,,,,,,,,,,,,,,,25.4465
1962-08-01,,,,,,,,,,,,,,,,25.4734
1962-09-01,,,,,,,,,,,,,,,,25.635
1962-10-01,,,,,,,,,,,,,,,,25.6619
1962-11-01,,,,,,,,,,,,,,,,25.7696
1962-12-01,,,,,,,,,,,,,,,,25.7696
1963-01-01,,,,,,,,,,,,,,,,25.9581
1963-02-01,,,,,,,,,,,,,,,,26.2544
1963-03-01,,,,,,,,,,,,,,,,26.4159
1963-04-01,,,,,,,,,,,,,,,,26.6582
1963-05-01,,,,,,,,,,,,,,,,26.9814
1963-06-01,,,,,,,,,,,,,,,,27.0622
1963-07-01,,,,,,,,,,,,,,,,26.9545
1963-08-01,,,,,,,,,,,,,,,,27.0083
1963-09-01,,,,,,,,,,,,,,,,27.2776
1963-10-01,,,,,,,,,,,,,,,,27.4661
1963-11-01,,,,,,,,,,,,,,,,27.6007
1963-12-01,,,,,,,,,,,,,,,,27.5469
1964-01-01,,,,,,,,,,,,,,,,27.7892
1964-02-01,,,,,,,,,,,,,,,,27.9777
1964-03-01,,,,,,,,,,,,,,,,27.9777
1964-04-01,,,,,,,,,,,,,,,,28.4355
1964-05-01,,,,,,,,,,,,,,,,28.597
1964-06-01,,,,,,,,,,,,,,,,28.6778
1964-07-01,,,,,,,,,,,,,,,,28.8663
1964-08-01,,,,,,,,,,,,,,,,29.0548
1964-09-01,,,,,,,,,,,,,,,,29.1625
1964-10-01,,,,,,,,,,,,,,,,28.7586
1964-11-01,,,,,,,,,,,,,,,,29.6472
1964-12-01,,,,,,,,,,,,,,,,29.9973
1965-01-01,,,,,,,,,,,,,,,,30.3204
1965-02-01,,,,,,,,,,,,,,,,30.5089
1965-03-01,,,,,,,,,,,,,,,,30.9128
1965-04-01,,,,,,,,,,,,,,,,31.0474
1965-05-01,,,,,,,,,,,,,,,,31.2898
1965-06-01,,,,,,,,,,,,,,,,31.5321
1965-07-01,,,,,,,,,,,,,,,,31.8283
1965-08-01,,,,,,,,,,,,,,,,31.963
1965-09-01,,,,,,,,,,,,,,,,32.0438
1965-10-01,,,,,,,,,,,,,,,,32.3669
1965-11-01,,,,,,,,,,,,,,,,32.5015
1965-12-01,,,,,,,,,,,,,,,,32.9054
1966-01-01,,,,,,,,,,,,,,,,33.2286
1966-02-01,,,,,,,,,,,,,,,,33.444
1966-03-01,,,,,,,,,,,,,,,,33.9018
1966-04-01,,,,,,,,,,,,,,,,33.9556
1966-05-01,,,,,,,,,,,,,,,,34.2787
1966-06-01,,,,,,,,,,,,,,,,34.4403
1966-07-01,,,,,,,,,,,,,,,,34.6288
1966-08-01,,,,,,,,,,,,,,,,34.6557
1966-09-01,,,,,,,,,,,,,,,,34.9789
1966-10-01,,,,,,,,,,,,,,,,35.2212
1966-11-01,,,,,,,,,,,,,,,,34.9788
1966-12-01,,,,,,,,,,,,,,,,35.0596
1967-01-01,,,,,,,,,,,,,,,,35.225
1967-02-01,,,,,,,,,,,,,,,,34.8255
1967-03-01,,,,,,,,,,,,,,,,34.6292
1967-04-01,,,,,,,,,,,,,,,,34.9558
1967-05-01,,,,,,,,,,,,,,,,34.6508
1967-06-01,,,,,,,,,,,,,,,,34.6465
1967-07-01,,,,,,,,,,,,,,,,34.5676
1967-08-01,,,,,,,,,,,,,,,,35.2299
1967-09-01,,,,,,,,,,,,,,,,35.1727
1967-10-01,,,,,,,,,,,,,,,,35.4591
1967-11-01,,,,,,,,,,,,,,,,35.9663
1967-12-01,,,,,,,,,,,,,,,,36.3536
1968-01-01,,,,,,,,,,,,,,,,36.3145
1968-02-01,,,,,,,,,,,,,,,,36.4446
1968-03-01,,,,,,,,,,,,,,,,36.5584
1968-04-01,,,,,,,,,,,,,,,,36.6113
1968-05-01,,,,,,,,,,,,,,,,37.022
1968-06-01,,,,,,,,,,,,,,,,37.158
1968-07-01,,,,,,,,,,,,,,,,37.101
1968-08-01,,,,,,,,,,,,,,,,37.2045
1968-09-01,,,,,,,,,,,,,,,,37.3454
1968-10-01,,,,,,,,,,,,,,,,37.4196
1968-11-01,,,,,,,,,,,,,,,,37.9036
1968-12-01,,,,,,,,,,,,,,,,38.0233
1969-01-01,,,,,,,,,,,,,,,,38.2533
1969-02-01,,,,,,,,,,,,,,,,38.4981
1969-03-01,,,,,,,,,,,,,,,,38.8
1969-04-01,,,,,,,,,,,,,,,,38.6573
1969-05-01,,,,,,,,,,,,,,,,38.5111
1969-06-01,,,,,,,,,,,,,,,,38.8874
1969-07-01,,,,,,,,,,,,,,,,39.0927
1969-08-01,,,,,,,,,,,,,,,,39.1825
1969-09-01,,,,,,,,,,,,,,,,39.1737
1969-10-01,,,,,,,,,,,,,,,,39.1852
1969-11-01,,,,,,,,,,,,,,,,38.8158
1969-12-01,,,,,,,,,,,,,,,,38.7116
1970-01-01,,,,,,,,,,,,,,,,37.9948
1970-02-01,,,,,,,,,,,,,,,,37.9698
1970-03-01,,,,,,,,,,,,,,,,37.9205
1970-04-01,,,,,,,,,,,,,,,,37.823
1970-05-01,,,,,,,,,,,,,,,,37.7789
1970-06-01,,,,,,,,,,,,,,,,37.6567
1970-07-01,,,,,,,,,,,,,,,,37.7491
1970-08-01,,,,,,,,,,,,,,,,37.6818
1970-09-01,,,,,,,,,,,,,,,,37.4221
1970-10-01,,,,,,,,,,,,,,,,36.6735
1970-11-01,,,,,,,,,,,,,,,,36.4514
1970-12-01,,,,,,,,,,,,,,,,37.2885
1971-01-01,,,,,,,,,,,,,,,,37.5753
1971-02-01,,,,,,,,,,,,,,,,37.5037
1971-03-01,,,,,,,,,,,,,,,,37.4631
1971-04-01,,,,,,,,,,,,,,,,37.6735
1971-05-01,,,,,,,,,,,,,,,,37.8646
1971-06-01,,,,,,,,,,,,,,,,38.0234
1971-07-01,,,,,,,,,,,,,,,,37.9131
1971-08-01,,,,,,,,,,,,,,,,37.693
1971-09-01,,,,,,,,,,,,,,,,38.3056
1971-10-01,,,,,,,,,,,,,,,,38.5924
1971-11-01,,,,,,,,,,,,,,,,38.7561
1971-12-01,,,,,,,,,,,,,,,,39.2035
1972-01-01,,,,,,,,,,,,,,,,40.1408
1972-02-01,,,,,,,,,,,,,,,,40.5459
1972-03-01,,,,,,,,,,,,,,,,40.8263
1972-04-01,,,,,,,,,,,,,,,,41.2348
1972-05-01,,,,,,,,,,,,,,,,41.2405
1972-06-01,,,,,,,,,,,,,,,,41.3497
1972-07-01,,,,,,,,,,,,,,,,41.3035
1972-08-01,,,,,,,,,,,,,,,,41.879
1972-09-01,,,,,,,,,,,,,,,,42.2132
1972-10-01,,,,,,,,,,,,,,,,42.7494
1972-11-01,,,,,,,,,,,,,,,,43.2548
1972-12-01,,,,,,,,,,,,,,,,43.7367
1973-01-01,,,,,,,,,,,,,,,,44.0529
1973-02-01,,,,,,,,,,,,,,,,44.6827
1973-03-01,,,,,,,,,,,,,,,,44.7045
1973-04-01,,,,,,,,,,,,,,,,44.6387
1973-05-01,,,,,,,,,,,,,,,,44.9429
1973-06-01,,,,,,,,,,,,,,,,45.0035
1973-07-01,,,,,,,,,,,,,,,,45.1636
1973-08-01,,,,,,,,,,,,,,,,45.1019
1973-09-01,,,,,,,,,,,,,,,,45.4624
1973-10-01,,,,,,,,,,,,,,,,45.847
1973-11-01,,,,,,,,,,,,,,,,46.0553
1973-12-01,,,,,,,,,,,,,,,,45.923
1974-01-01,,,,,,,,,,,,,,,,45.6204
1974-02-01,,,,,,,,,,,,,,,,45.4759
1974-03-01,,,,,,,,,,,,,,,,45.4777
1974-04-01,,,,,,,,,,,,,,,,45.3451
1974-05-01,,,,,,,,,,,,,,,,45.7044
1974-06-01,,,,,,,,,,,,,,,,45.6238
1974-07-01,,,,,,,,,,,,,,,,45.7221
1974-08-01,,,,,,,,,,,,,,,,45.2366
1974-09-01,,,,,,,,,,,,,,,,45.2365
1974-10-01,,,,,,,,,,,,,,,,45.1133
1974-11-01,,,,,,,,,,,,,,,,43.6278
1974-12-01,,,,,,,,,,,,,,,,42.0533
1975-01-01,,,,,,,,,,,,,,,,41.4676
1975-02-01,,,,,,,,,,,,,,,,40.5165
1975-03-01,,,,,,,,,,,,,,,,40.0638
1975-04-01,,,,,,,,,,,,,,,,40.1573
1975-05-01,,,,,,,,,,,,,,,,40.0253
1975-06-01,,,,,,,,,,,,,,,,40.2772
1975-07-01,,,,,,,,,,,,,,,,40.6994
1975-08-01,,,,,,,,,,,,,,,,41.0998
1975-09-01,,,,,,,,,,,,,,,,41.6304
1975-10-01,,,,,,,,,,,,,,,,41.8135
1975-11-01,,,,,,,,,,,,,,,,41.8697
1975-12-01,,,,,,,,,,,,,,,,42.4414
1976-01-01,,,,,,,,,,,,,,,,43.0012
1976-02-01,,,,,,,,,,,,,,,,43.4229
1976-03-01,,,,,,,,,,,,,,,,43.5168
1976-04-01,,,,,,,,,,,,,,,,43.7327
1976-05-01,,,,,,,,,,,,,,,,43.9186
1976-06-01,,,,,,,,,,,,,,,,43.9637
1976-07-01,,,,,,,,,,,,,,,,44.2141
1976-08-01,,,,,,,,,,,,,,,,44.5182
1976-09-01,,,,,,,,,,,,,,,,44.6721
1976-10-01,,,,,,,,,,,,,,,,44.6585
1976-11-01,,,,,,,,,,,,,,,,45.3392
1976-12-01,,,,,,,,,,,,,,,,45.8294
1977-01-01,,,,,,,,,,,,,,,,45.5087
1977-02-01,,,,,,,,,,,,,,,,46.2277
1977-03-01,,,,,,,,,,,,,,,,46.8185
1977-04-01,,,,,,,,,,,,,,,,47.2684
1977-05-01,,,,,,,,,,,,,,,,47.6411
1977-06-01,,,,,,,,,,,,,,,,48.0116
1977-07-01,,,,,,,,,,,,,,,,48.073
1977-08-01,,,,,,,,,,,,,,,,48.1205
1977-09-01,,,,,,,,,,,,,,,,48.3189
1977-10-01,,,,,,,,,,,,,,,,48.3871
1977-11-01,,,,,,,,,,,,,,,,48.4761
1977-12-01,,,,,,,,,,,,,,,,48.5629
1978-01-01,,,,,,,,,,,,,,,,47.8481
1978-02-01,,,,,,,,,,,,,,,,48.1044
1978-03-01,,,,,,,,,,,,,,,,49.0265
1978-04-01,,,,,,,,,,,,,,,,50.0206
1978-05-01,,,,,,,,,,,,,,,,50.254
1978-06-01,,,,,,,,,,,,,,,,50.5801
1978-07-01,,,,,,,,,,,,,,,,50.5384
1978-08-01,,,,,,,,,,,,,,,,50.7458
1978-09-01,,,,,,,,,,,,,,,,50.8744
1978-10-01,,,,,,,,,,,,,,,,51.2559
1978-11-01,,,,,,,,,,,,,,,,51.6514
1978-12-01,,,,,,,,,,,,,,,,51.909
1979-01-01,,,,,,,,,,,,,,,,51.6278
1979-02-01,,,,,,,,,,,,,,,,51.8752
1979-03-01,,,,,,,,,,,,,,,,52.0446
1979-04-01,,,,,,,,,,,,,,,,51.4193
1979-05-01,,,,,,,,,,,,,,,,51.8856
1979-06-01,,,,,,,,,,,,,,,,51.8965
1979-07-01,,,,,,,,,,,,,,,,51.8097
1979-08-01,,,,,,,,,,,,,,,,51.4684
1979-09-01,,,,,,,,,,,,,,,,51.4597
1979-10-01,,,,,,,,,,,,,,,,51.8334
1979-11-01,,,,,,,,,,,,,,,,51.7531
1979-12-01,,,,,,,,,,,,,,,,51.7878
1980-01-01,,,,,,,,,,,,,,,,52.0679
1980-02-01,,,,,,,,,,,,,,,,52.082
1980-03-01,,,,,,,,,,,,,,,,51.87
1980-04-01,,,,,,,,,,,,,,,,50.8397
1980-05-01,,,,,,,,,,,,,,,,49.589
1980-06-01,,,,,,,,,,,,,,,,48.9482
1980-07-01,,,,,,,,,,,,,,,,48.6039
1980-08-01,,,,,,,,,,,,,,,,48.7563
1980-09-01,,,,,,,,,,,,,,,,49.5608
1980-10-01,,,,,,,,,,,,,,,,50.1908
1980-11-01,,,,,,,,,,,,,,,,51.0311
1980-12-01,,,,,,,,,,,,,,,,51.3708
1981-01-01,,,,,,,,,,,,,,,,51.0415
1981-02-01,,,,,,,,,,,,,,,,50.824
1981-03-01,,,,,,,,,,,,,,,,51.0826
1981-04-01,,,,,,,,,,,,,,,,50.858
1981-05-01,,,,,,,,,,,,,,,,51.1495
1981-06-01,,,,,,,,,,,,,,,,51.4101
1981-07-01,,,,,,,,,,,,,,,,51.7471
1981-08-01,,,,,,,,,,,,,,,,51.6826
1981-09-01,,,,,,,,,,,,,,,,51.4337
1981-10-01,,,,,,,,,,,,,,,,51.0281
1981-11-01,,,,,,,,,,,,,,,,50.435
1981-12-01,,,,,,,,,,,,,,,,49.8987
1982-01-01,,,,,,,,,,,,,,,,48.8685
1982-02-01,,,,,,,,,,,,,,,,49.8636
1982-03-01,,,,,,,,,,,,,,,,49.5323
1982-04-01,,,,,,,,,,,,,,,,49.075
1982-05-01,,,,,,,,,,,,,,,,48.7483
1982-06-01,,,,,,,,,,,,,,,,48.6214
1982-07-01,,,,,,,,,,,,,,,,48.4616
1982-08-01,,,,,,,,,,,,,,,,48.0192
1982-09-01,,,,,,,,,,,,,,,,47.9008
1982-10-01,,,,,,,,,,,,,,,,47.4371
1982-11-01,,,,,,,,,,,,,,,,47.283
1982-12-01,,,,,,,,,,,,,,,,46.9485
1983-01-01,,,,,,,,,,,,,,,,47.8234
1983-02-01,,,,,,,,,,,,,,,,47.5233
1983-03-01,,,,,,,,,,,,,,,,47.9244
1983-04-01,,,,,,,,,,,,,,,,48.5311
1983-05-01,,,,,,,,,,,,,,,,48.8239
1983-06-01,,,,,,,,,,,,,,,,49.123
1983-07-01,,,,,,,,,,,,,,,,49.8546
1983-08-01,,,,,,,,,,,,,,,,50.4443
1983-09-01,,,,,,,,,,,,,,,,51.178
1983-10-01,,,,,,,,,,,,,,,,51.5693
1983-11-01,,,,,,,,,,,,,,,,51.7993
1983-12-01,,,,,,,,,,,,,,,,52.0594
1984-01-01,,,,,,,,,,,,,,,,53.0985
1984-02-01,,,,,,,,,,,,,,,,53.3318
1984-03-01,,,,,,,,,,,,,,,,53.5929
1984-04-01,,,,,,,,,,,,,,,,53.91
1984-05-01,,,,,,,,,,,,,,,,54.2026
1984-06-01,,,,,,,,,,,,,,,,54.4014
1984-07-01,,,,,,,,,,,,,,,,54.5521
1984-08-01,,,,,,,,,,,,,,,,54.6083
1984-09-01,,,,,,,,,,,,,,,,54.4466
1984-10-01,,,,,,,,,,,,,,,,54.4406
1984-11-01,,,,,,,,,,,,,,,,54.624
1984-12-01,,,,,,,,,,,,,,,,54.6416
1985-01-01,,,,,,,,,,,,,,,,54.6322
1985-02-01,,,,,,,,,,,,,,,,54.7825
1985-03-01,,,,,,,,,,,,,,,,54.8653
1985-04-01,,,,,,,,,,,,,,,,54.7459
1985-05-01,,,,,,,,,,,,,,,,54.8255
1985-06-01,,,,,,,,,,,,,,,,54.7989
1985-07-01,,,,,,,,,,,,,,,,54.5396
1985-08-01,,,,,,,,,,,,,,,,54.7055
1985-09-01,,,,,,,,,,,,,,,,54.8906
1985-10-01,,,,,,,,,,,,,,,,54.7199
1985-11-01,,,,,,,,,,,,,,,,54.9124
1985-12-01,,,,,,,,,,,,,,,,55.4412
1986-01-01,,,,,,,,,,,,,,,,55.7481
1986-02-01,,,,,,,,,,,,,,,,55.3568
1986-03-01,,,,,,,,,,,,,,,,54.9625
1986-04-01,,,,,,,,,,,,,,,,55.0413
1986-05-01,,,,,,,,,,,,,,,,55.1226
1986-06-01,,,,,,,,,,,,,,,,54.9005
1986-07-01,,,,,,,,,,,,,,,,55.2592
1986-08-01,,,,,,,,,,,,,,,,55.1567
1986-09-01,,,,,,,,,,,,,,,,55.2975
1986-10-01,,,,,,,,,,,,,,,,55.5332
1986-11-01,,,,,,,,,,,,,,,,55.7557
1986-12-01,,,,,,,,,,,,,,,,56.2845
1987-01-01,,,,,,,,,,,,,,,,56.0882
1987-02-01,,,,,,,,,,,,,,,,56.8275
1987-03-01,,,,,,,,,,,,,,,,56.9098
1987-04-01,,,,,,,,,,,,,,,,57.2701
1987-05-01,,,,,,,,,,,,,,,,57.6322
1987-06-01,,,,,,,,,,,,,,,,57.9307
1987-07-01,,,,,,,,,,,,,,,,58.3258
1987-08-01,,,,,,,,,,,,,,,,58.7636
1987-09-01,,,,,,,,,,,,,,,,58.9951
1987-10-01,,,,,,,,,,,,,,,,59.781
1987-11-01,,,,,,,,,,,,,,,,60.0726
1987-12-01,,,,,,,,,,,,,,,,60.4095
1988-01-01,,,,,,,,,,,,,,,,60.3976
1988-02-01,,,,,,,,,,,,,,,,60.7003
1988-03-01,,,,,,,,,,,,,,,,60.8501
1988-04-01,,,,,,,,,,,,,,,,61.2031
1988-05-01,,,,,,,,,,,,,,,,61.0797
1988-06-01,,,,,,,,,,,,,,,,61.2569
1988-07-01,,,,,,,,,,,,,,,,61.2659
1988-08-01,,,,,,,,,,,,,,,,61.5731
1988-09-01,,,,,,,,,,,,,,,,61.3807
1988-10-01,,,,,,,,,,,,,,,,61.6453
1988-11-01,,,,,,,,,,,,,,,,61.7944
1988-12-01,,,,,,,,,,,,,,,,62.0743
1989-01-01,,,,,,,,,,,,,,,,62.2574
1989-02-01,,,,,,,,,,,,,,,,61.9819
1989-03-01,,,,,,,,,,,,,,,,62.1369
1989-04-01,,,,,,,,,,,,,,,,62.1276
1989-05-01,,,,,,,,,,,,,,,,61.7744
1989-06-01,,,,,,,,,,,,,,,,61.7697
1989-07-01,,,,,,,,,,,,,,,,61.1738
1989-08-01,,,,,,,,,,,,,,,,61.7732
1989-09-01,,,,,,,,,,,,,,,,61.5796
1989-10-01,,,,,,,,,,,,,,,,61.4966
1989-11-01,,,,,,,,,,,,,,,,61.7044
1989-12-01,,,,,,,,,,,,,,,,62.0428
1990-01-01,,,,,,,,,,,,,,,,61.729
1990-02-01,,,,,,,,,,,,,,,,62.2896
1990-03-01,,,,,,,,,,,,,,,,62.5999
1990-04-01,,,,,,,,,,,,,,,,62.4359
1990-05-01,,,,,,,,,,,,,,,,62.6258
1990-06-01,,,,,,,,,,,,,,,,62.8382
1990-07-01,,,,,,,,,,,,,,,,62.7284
1990-08-01,,,,,,,,,,,,,,,,62.9475
1990-09-01,,,,,,,,,,,,,,,,62.9523
1990-10-01,,,,,,,,,,,,,,,,62.5845
1990-11-01,,,,,,,,,,,,,,,,61.7887
1990-12-01,,,,,,,,,,,,,,,,61.3352
1991-01-01,,,,,,,,,,,,,,,,61.1355
1991-02-01,,,,,,,,,,,,,,,,60.6838
1991-03-01,,,,,,,,,,,,,,,,60.3346
1991-04-01,,,,,,,,,,,,,,,,60.4938
1991-05-01,,,,,,,,,,,,,,,,61.0633
1991-06-01,,,,,,,,,,,,,,,,61.5581
1991-07-01,,,,,,,,,,,,,,,,61.7305
1991-08-01,,,,,,,,,,,,,,,,61.7298
1991-09-01,,,,,,,,,,,,,,,,62.2195
1991-10-01,,,,,,,,,,,,,,,,62.1855
1991-11-01,,,,,,,,,,,,,,,,62.0871
1991-12-01,,,,,,,,,,,,,,,1431.5,61.7852
1992-01-01,,,,,,,,,,,11.657778,3.06772,,,1623.5,61.4616
1992-02-01,,,,,,,,,,,11.7959,3.06291,,,1860.5999755859375,61.8955
1992-03-01,,,,,,,,,,,11.915948,3.06677,,,1875.699951171875,62.4232
1992-04-01,,,,,,,,,,,12.022171,3.06941,,,1838.300048828125,62.897
1992-05-01,,,,,,,,,,,12.101438,3.10184,,,1892.300048828125,63.104
1992-06-01,,,,,,,,,,,12.183345,3.11916,,,1599.300048828125,63.1363
1992-07-01,,,,,,,,,,,12.260272,3.11557,,,1569.699951171875,63.7176
1992-08-01,,,,,,,,,,,12.335592,3.0881,,,1400.4000244140625,63.3613
1992-09-01,,,,,,,,,,,12.442897,3.0893,,,1327.0999755859375,63.5703
1992-10-01,,,,,,,,,,,12.532494,3.12445,,,1597.300048828125,63.9995
1992-11-01,,,,,,,,,,,12.63662,3.11832,,,1716.0,64.2422
1992-12-01,,,,,,,,,,,12.816553,3.11888,,,1759.4000244140625,64.3507
1993-01-01,56.2778528192,63.2720623041,54.5607650968,52.5347487347,41.2296360640975,43.88565219209888,,,,,12.97732,3.10869,,-1165261.1999999997,1653.199951171875,64.5978
1993-02-01,57.7022153856,65.7545184654,55.7304853202,53.2226310058,42.19363535778184,46.53432764940406,,,,,13.083345,3.09784,,-1327881.3000000003,1546.699951171875,64.9089
1993-03-01,57.8118627233,66.2254657118,56.4957325695,53.7867835738,42.432923288364904,46.4191049136703,,,,,13.159594,3.10797,,-1263536.6999999997,1771.699951171875,64.8522
1993-04-01,57.1834541757,65.3942878753,56.0009157045,53.1869434102,43.44210558165311,40.28090320040259,,,,,13.23548,3.09758,,-1268651.2000000002,1662.800048828125,65.0301
1993-05-01,57.8781693199,65.3882022874,57.0631933017,53.9972822576,43.71528197127247,42.99949945126601,,,,,13.311137,3.12334,,-1275933.2999999998,1613.0,64.784
1993-06-01,57.4400144433,64.9011362642,54.9017644984,53.5614507136,43.87137813177374,42.0226324563955,,,,,13.385797,3.12111,,-1113320.9000000004,1666.300048828125,64.9301
1993-07-01,58.3091249472,65.4899959102,55.8329365108,53.5024690405,44.63319783156803,41.1251081147834,,,,,13.450123,3.12365,,-1434348.5,1773.0,65.1052
1993-08-01,58.0857253932,65.646416493,57.3138437484,53.2508601664,44.74562721444685,39.532712325817684,,,,,13.522112,3.11211,,-1030096.2999999998,1902.800048828125,65.0267
1993-09-01,57.8383028097,65.4956387352,57.9250326027,53.7110887222,43.48472048441019,37.52181823228316,,,,,13.622261,3.11319,,-1126521.0,1834.4000244140625,65.3717
1993-10-01,57.7529322322,65.7835751465,59.2078721987,53.7858368491,44.70615624858262,34.52269534119103,,,,,13.677973,3.11522,,-800880.9000000004,2016.4000244140625,65.8509
1993-11-01,57.6107545933,65.8207090216,61.3002693713,53.5310205867,44.77822716813403,35.39665989247007,,,,,13.738302,3.15307,,-807422.8000000007,2212.800048828125,66.1518
1993-12-01,58.4809559634,66.8254085605,60.9620814986,56.0500409656,45.4929264044461,34.06683933010769,,,,,13.843055,3.10796,,-911752.7000000002,2603.0,66.5436
1994-01-01,58.7405655047,67.2986695328,62.3887533176,54.5569065926,46.73524796530076,41.272849333327976,,,,,13.950375,3.1072,,-1487608.5999999996,2783.300048828125,66.7351
1994-02-01,58.7087909344,66.9466360654,63.9644982885,54.9236215548,47.223274594826115,42.88061075155174,,,,,14.022124,3.12112,,-1647183.5,2585.39990234375,66.774
1994-03-01,59.1913663582,67.6799520962,65.963404986,55.0595494218,48.90014805729283,42.51108360718925,,,,,14.094225,3.29936,,-1427618.0,2410.39990234375,67.4552
1994-04-01,60.4167924371,71.1011254774,67.5773517196,56.050169962,47.23410395728112,43.81393387304819,,,,,14.163251,3.34559,,-1670265.0,2295.5,67.8541
1994-05-01,60.3439381388,68.397739942,66.0349423538,56.3004655831,48.59578665750861,47.5425067071646,,,,,14.231682,3.31668,,-1611425.1000000006,2477.699951171875,68.1663
1994-06-01,60.4263575642,68.3318694474,66.2846539617,56.6857650763,48.65115374798075,46.806034743896035,,,,,14.302895,3.3667,,-1614114.2999999998,2258.199951171875,68.6265
1994-07-01,59.9420582519,68.2210340811,66.1345685192,56.9446222408,49.39430387225774,42.7096948324595,,,,,14.366327,3.40192,,-1719271.2999999998,2461.0,68.7178
1994-08-01,60.4516847959,69.0267402455,66.5823440221,57.2304799235,49.046784454670934,42.74018761799061,,,,,14.433287,3.38079,,-1646452.7999999998,2710.0,69.1785
1994-09-01,60.8752167062,69.2469543105,65.6680558406,57.2474181164,50.30210267004117,39.829306653124945,,,,,14.535937,3.40096,,-1595771.7999999998,2746.10009765625,69.3961
1994-10-01,61.0857543073,68.8107948736,66.5722675946,57.4829860101,50.04943102262518,38.4589116510856,,,,,14.612245,3.41952,,-1622918.5999999996,2552.10009765625,69.9544
1994-11-01,61.3116811855,68.5997423436,65.244540361,57.8517149202,49.776090993354,34.814047910916706,,,,,14.690361,3.44284,,-1175766.9000000004,2591.300048828125,70.4326
1994-12-01,60.7823194977,68.4206888668,58.1536113816,57.1351426407,50.59001349823594,35.39349681745245,,,,,14.819204,4.0836,,-1367793.4000000004,2373.0,71.1523
1995-01-01,60.9032848415,69.400683022,51.2705071675,54.5033210639,49.90017841846939,32.868460484471804,,,,,15.376991,5.62534,,-152460.7999999998,2067.60009765625,71.2734
1995-02-01,56.9953794654,63.1808951366,42.3416548186,53.929648688,46.73028155880668,21.348457317861453,,,,,16.028707,5.6695,,366552.7000000002,1533.199951171875,71.193
1995-03-01,56.7175012079,62.1735285138,42.3768445928,53.2537908267,46.499859636256055,19.171276071598605,,,,,16.973617,6.77216,,210152.59999999963,1826.4000244140625,71.3113
1995-04-01,55.1037705001,59.5702584882,41.5162219552,52.7082939039,41.08446989219576,11.929246952841172,,,,,18.326133,6.20638,,687625.8000000007,1969.5,71.1882
1995-05-01,54.6918506521,59.2230678592,38.419311692,52.2110748988,39.97887064669623,11.684090481443823,,,,,19.09209,5.98607,,801382.0,1934.5,71.5378
1995-06-01,55.2997684719,59.5462783638,40.134826846,52.5813556411,39.79848429184754,11.033786699996858,,,,,19.698024,6.22688,,691887.7000000002,2195.89990234375,71.7749
1995-07-01,55.6973428528,59.9993162347,40.3419866745,52.6099898482,39.68469395725953,11.147540108752484,,,,,20.099588,6.12499,,687816.5,2369.10009765625,71.4748
1995-08-01,56.1275666625,60.1166249929,40.7372333733,52.7761434903,40.60436942383916,12.058729631626077,,,,,20.432981,6.20552,,786569.3000000007,2505.199951171875,72.4223
1995-09-01,56.6147681729,61.0916256695,42.7454973805,52.842645034,40.30892020123428,12.988758324990377,,,,,20.855643,6.3134,,792197.7000000002,2392.300048828125,72.7144
1995-10-01,55.391646551,58.5610318254,42.8911157095,52.5894381179,40.882494139908204,13.650211733892537,,,,,21.284762,6.74983,,697453.5999999996,2308.10009765625,72.5866
1995-11-01,57.1639822578,62.4612422764,44.4917349717,52.9398264555,41.00284354042654,16.181165481386344,,,,,21.809608,7.70558,,676788.7999999998,2689.0,72.7779
1995-12-01,59.2112451812,66.72751160360001,46.2164305339,53.9633360571,40.70044378729239,13.36973776717496,,,,,22.520167,7.68073,,772079.5999999996,2778.5,73.0305
1996-01-01,59.1358462971,66.2200623845,47.0531346979,53.7205743423,41.574184609352706,17.599620123994125,,,,200.40365465524465,23.329754,7.476,,889477.3999999994,3034.699951171875,72.6125
1996-02-01,58.6138162215,65.7852352348,45.7720125944,53.5417053728,39.27516025710827,17.948586612373177,,,,121.81696287787935,23.874262,7.52403,,517265.9000000004,2832.5,73.6752
1996-03-01,59.1174826832,66.9375647857,46.35862228,54.5836249507,40.64546869620992,20.506450684736485,,,,174.65146667594894,24.399826,7.56874,,608271.2000000002,3072.39990234375,73.585
1996-04-01,58.8287518874,66.3680102201,48.1658309566,53.7674149313,40.80276226206402,20.52550264082372,,,,103.58212848423594,25.09345,7.4617,,592986.2999999998,3187.199951171875,74.3172
1996-05-01,59.6200260834,67.4209048329,49.0476426663,54.1949466715,40.273185617329155,22.15525892423522,,,,125.6151625451096,25.550842,7.4326,,407005.69999999925,3205.5,74.8726
1996-06-01,60.1215048829,68.5586687561,50.7701119152,54.4003412624,41.03313352919615,21.749057496506694,,,,94.26124460275116,25.966902,7.56035,,660961.6000000006,3210.800048828125,75.4433
1996-07-01,60.1520596273,68.3597685583,52.0966577462,54.8076563336,40.82151349945403,22.925202932547794,,,,152.31372634868717,26.336031,7.62062,,413054.7999999998,3007.199951171875,75.4549
1996-08-01,60.1742441165,68.3930945695,52.0983719837,54.9450542403,40.80750785935612,18.448404223693657,,,,60.999880402293314,26.686072,7.5115,,408718.89999999944,3305.5,75.8411
1996-09-01,60.6439029777,68.5650730573,52.6201279649,55.4561569564,41.36855515021266,23.241921716508195,,,,116.9217623537837,27.112751,7.54404,,557230.7000000002,3236.300048828125,76.3158
1996-10-01,61.1350785754,69.8701095134,54.1896973635,55.9871940072,41.15016317156178,25.97864921124363,,,,156.24204239264995,27.451168,7.72627,,291647.0999999996,3213.300048828125,76.3384
1996-11-01,61.9200241613,70.6265650921,53.8880355601,56.2167153157,41.99211626707161,28.37490004246857,,,,113.20694718722832,27.867083,7.90602,,467463.2000000002,3277.39990234375,77.0397
1996-12-01,62.3407803116,72.5336142562,55.3630160106,56.5807323587,42.36223613618269,28.160120888391845,,,,148.79131973061735,28.759336,7.87407,,929271.5999999996,3361.0,77.5333
1997-01-01,62.0148289294,70.704754235,53.6201144674,56.5876090335,41.903440710187574,24.715617665231722,,,,134.02952125475534,29.498886,7.82699,,736217.5,3647.10009765625,77.6562
1997-02-01,62.2604233485,71.2647517696,54.2939198158,57.6184707457,42.49767083603274,27.14429224374652,,,,122.48234145607518,29.994598,7.80033,,350891.30000000075,3841.0,78.5833
1997-03-01,62.6280181229,71.7127195337,54.4186174138,57.278933146,42.53457605183047,26.537636208616057,,,,121.9279020841433,30.367889,7.96471,,253238.1000000015,3748.0,79.082
1997-04-01,63.2982501471,72.7841543237,57.1285922011,58.400980958,42.73121210197582,30.74504894846533,,,,134.97436169349714,30.695972,7.90744,,115788.20000000112,3756.60009765625,79.1747
1997-05-01,63.9151743472,73.5424957334,58.1277285601,58.5406482469,43.19814122192849,31.207869983509763,,,,140.78943443069718,30.976119,7.90063,,77490.59999999963,3968.800048828125,79.6133
1997-06-01,64.5873174863,74.3643545764,59.1237432753,59.3663071239,43.84370966423792,32.954649342889155,,,,161.43671729370172,31.250957,7.9502,,157957.90000000037,4458.0,79.9792
1997-07-01,64.5740508359,74.9794372047,59.3413105465,59.1784465635,44.53882928183599,35.42837658475619,,,10206251.0,99.96890430953691,31.523211,7.87215,,-89753.0,5067.7998046875,80.6624
1997-08-01,65.1007076097,75.5316647558,60.9988432406,59.7743677778,44.98794506869453,34.354687903329705,,,10291282.0,125.02440395043098,31.803502,7.78285,,-152726.90000000037,4648.39990234375,81.4694
1997-09-01,65.4331245126,75.6593538702,60.5130269213,60.0020988821,45.03181277514019,36.94724568360601,,,10384707.0,108.42225937066384,32.199613,7.78048,,-237324.80000000075,5321.5,82.2156
1997-10-01,66.362841598,76.5776912091,60.7830215112,60.6115750989,45.94819328770659,40.53182760322345,,,10476716.0,117.74490846469166,32.456941,7.86029,,-109927.5,4647.7998046875,82.9446
1997-11-01,66.9595033983,77.1464968063,62.7752417308,61.2205936037,46.743544512264286,39.67257781946081,,,10563802.0,136.49181065956515,32.820042,8.26893,,-113999.80000000075,4974.60009765625,83.5978
1997-12-01,66.7456525861,77.2917681316,60.9529067555,60.9404002002,46.35617999370647,38.89199837428974,,,10633961.0,178.8007569179951,33.279875,8.12185,,-199366.70000000112,5229.39990234375,83.9538
1998-01-01,67.1777801256,78.2440628646,60.8086624235,61.6904735157,48.090381159138374,40.72243097138481,,,10723592.0,121.22559492936571,34.003924,8.21768,,-573612.0999999996,4569.39990234375,84.3218
1998-02-01,68.0368531052,79.4663674578,65.2274693668,62.4363754406,48.31963165705211,43.65917412868911,,,10778687.0,131.54298045793985,34.599238,8.50135,,-701412.0999999996,4784.5,84.4583
1998-03-01,68.5969584809,79.9635603523,66.200796014,63.5390251219,49.09700388404193,45.22619519902463,,,10853094.0,231.23565527240063,35.004533,8.5676,,-569389.5,5016.2001953125,84.488
1998-04-01,68.5924667225,79.6363665672,64.3720916498,62.7979025473,48.975762329481384,44.98203640523495,,,10904591.0,163.48180223382704,35.332042,8.49654,,-522374.80000000075,5098.52978515625,84.7779
1998-05-01,68.500945773,79.9695155649,66.8632921514,63.4413920929,49.67141159944769,42.94416191535696,,,10939535.0,197.5841763175742,35.613481,8.59338,,-586795.9000000004,4530.009765625,85.3367
1998-06-01,68.1525737053,79.0426377744,64.1932103072,63.1081686553,49.037906116327015,49.80769219255386,,,10975363.0,216.05431289792895,36.03442,8.91313,,-623452.6999999993,4282.6201171875,84.8248
1998-07-01,68.6275792606,79.2203606083,65.2007430723,63.1105359145,49.242483154611186,48.1959670674534,,,11049105.0,232.26492008624535,36.381878,8.89597,,-1044275.6999999993,4244.9599609375,84.4986
1998-08-01,68.8953224499,79.6928188526,64.8343241428,63.5028933802,49.961694205083376,50.20928754424705,,,11110171.0,258.4811245721537,36.731632,9.3633,,-843971.1999999993,2991.929931640625,86.248
1998-09-01,68.6114410785,79.5248464159,66.2952712471,63.373615634,49.91939542443167,48.63887275394801,,,11160560.0,428.160888881888,37.327376,10.23073,,-919451.0,3569.8798828125,86.2021
1998-10-01,68.5247607237,79.6963761534,65.5412273263,63.6588431798,49.86719717410442,35.047203647597534,,,11220250.0,235.49982373780395,37.862269,10.15356,,-670136.9000000004,4074.860107421875,86.7914
1998-11-01,68.6491891078,79.6644430188,64.2381736368,63.6491533891,49.63758943673508,39.94518282937316,,,11218921.0,241.93222094815798,38.532786,9.96816,,-553026.8000000007,3769.8798828125,86.7256
1998-12-01,69.0233827057,80.3732559619,65.1952809633,63.9820054514,48.713227312227744,49.789713880166936,,,11289164.0,262.05662218279775,39.472974,9.90569,,-272917.80000000075,3959.659912109375,87.1185
1999-01-01,69.5404231853,80.3213105569,67.2376199994,63.7912747371,50.82036239842235,40.059819804055095,,,11337689.0,250.44801147828767,40.46977,10.13513,,-506240.9000000004,3957.929931640625,87.4949
1999-02-01,69.4436842314,80.4900019228,67.468104558,63.9274149955,50.75938370232088,37.517101520951144,,,11400807.0,118.95974459697459,41.013643,9.99388,,-435971.69999999925,4260.7998046875,88.027
1999-03-01,69.68014519,80.6276814194,68.3156260356,64.1874298396,51.25435913376579,42.30976222923692,,,11442400.0,103.17930848910049,41.394684,9.7316,,-396281.5999999996,4930.3701171875,88.2267
1999-04-01,69.8381696425,81.3377502529,67.5172107033,64.8942484731,51.49742183624918,43.18205330777135,,,11496552.0,146.26162911096196,41.774577,9.41846,,-549726.3000000007,5414.4501953125,88.4295
1999-05-01,70.1084797238,80.6291967456,67.3720861337,65.2885418849,52.19283214882889,45.344714078449286,,,11552361.0,98.19577008512739,42.025877,9.41052,,-561761.6999999993,5477.64990234375,88.9886
1999-06-01,69.8055224133,80.2759385201,68.0306416918,65.3144430443,52.25780704685593,46.04062547653039,,,11605518.0,138.15171561330263,42.302006,9.51388,,-467612.69999999925,5829.509765625,88.9188
1999-07-01,70.347283103,80.4427493616,66.5263447145,66.2039671106,52.46314256567057,44.12231118083954,,,11657277.0,119.38518060090826,42.58158,9.3657,,-349219.5,5260.35009765625,89.4333
1999-08-01,70.2553731755,80.6825492091,67.3526926372,66.6023698292,53.63968678420441,46.920116156241434,,,11718859.0,170.24945719317915,42.821255,9.3966,,-366422.4000000004,5086.8701171875,89.7924
1999-09-01,70.9174780026,81.566607319,67.1429751885,67.0140856723,52.29475568459829,49.04071133210246,,,11791094.0,250.08889776692135,43.235018,9.33578,,-552539.9000000004,5050.4599609375,89.4299
1999-10-01,70.8136361471,81.0463214972,67.7700447426,67.0403597822,53.461009581168106,48.07394067193915,,,11857833.0,154.5662495540006,43.508851,9.56674,,-625579.8000000007,5450.3701171875,90.523
1999-11-01,71.0010524584,81.7379024526,68.5213195267,67.5084856488,54.09805200518603,50.55638990153854,,,11937575.0,125.08417548307345,43.895776,9.39881,,-265723.2000000011,6136.47021484375,90.9618
1999-12-01,71.666512979,82.2676475221,70.00253706,68.4070254591,54.236484301059285,59.28737546528369,,,11962086.0,160.17131029398374,44.335516,9.42489,,-380940.19999999925,7129.8798828125,91.6634
2000-01-01,73.6354365122,83.5093541632,70.5364088851,69.6011695144,54.33973530024575,54.92754342109709,,,12048903.0,161.02013423197275,44.93083,9.48778,,-586018.1999999993,6585.669921875,91.538
2000-02-01,73.1835529871,84.7479176485,70.7484036618,69.9183129536,55.356623985325136,54.054067499466264,,,12110301.0,157.84092026218258,45.32938,9.42516,,-216496.69999999925,7368.5498046875,91.8239
2000-03-01,73.0976067602,85.202723295,70.1000515876,69.9083889553,55.67521676690485,55.95117271826988,,,12179603.0,90.80582313502407,45.580681,9.28758,,-430069.19999999925,7473.25,92.1504
2000-04-01,73.2437354419,84.7203707025,72.2168317738,70.4269724721,56.312560403221546,56.980570855375625,,,12211355.0,93.59448738033126,45.840018,9.39033,,-706507.5,6640.68017578125,92.6989
2000-05-01,73.8035899966,85.3414779398,71.7254054442,71.0960029851,57.00340113083957,58.928356775389325,,,12289556.0,136.35006115512172,46.011379,9.51581,,-810777.8000000007,5961.14013671875,92.9499
2000-06-01,74.349105772,86.0985120484,71.7649824998,71.4180287381,58.680598553430826,60.018701053733345,,,12361959.0,216.03891949007564,46.28392,9.82954,,-615770.2999999989,6948.330078125,92.9862
2000-07-01,74.7638692964,86.825024256,71.9740923453,72.4148248289,58.426483637669776,60.01653719804243,,,12438401.0,125.40429876563192,46.464466,9.4212,,-941294.2000000011,6514.2099609375,92.8048
2000-08-01,74.3495302059,85.8469124926,72.2387130656,72.148483558,57.44042210788016,57.668054822750506,,,12482012.0,89.63743155773777,46.719785,9.27094,,-747493.2999999989,6664.81982421875,92.5521
2000-09-01,74.334399875,85.4429904204,70.9688133938,72.6521314205,58.1845400234218,63.011263888330504,,,12513886.0,89.93564029822309,47.061072,9.35401,,-1023216.2999999989,6334.56005859375,92.9792
2000-10-01,74.4091841887,85.2917781615,71.8331098745,73.4435039399,58.68627440218054,62.961941261851365,,,12552315.0,117.68753634638054,47.385136,9.53136,,-568982.3999999985,6394.240234375,92.6179
2000-11-01,74.172891623,84.360664401,70.6043951197,73.5724214938,57.80170993232928,65.6563524911733,,,12562680.0,172.7514844496277,47.790288,9.5004,,-721444.7999999989,5652.6298828125,92.6438
2000-12-01,73.4954359434,82.3143941606,68.5169467062,72.995289975,57.32447677687066,62.6072260393408,,,12556928.0,95.6620515016658,48.307671,9.46616,,-895829.0999999996,5652.18994140625,92.3415
2001-01-01,74.1785040772,85.0351315869,67.764805265,73.3300680537,59.72521074720547,64.68859032600483,,,12548000.0,161.43063557705847,48.575476,9.77658,,-806476.5,6496.89013671875,91.902
2001-02-01,73.5751962957,84.3849813298,67.1134538484,73.2979702163,60.286352990977974,65.26022602774441,,,12516109.0,92.36227883120986,48.543328,9.70449,,-731092.5,6032.10009765625,91.3034
2001-03-01,73.4274783551,83.3441014369,66.9003904401,73.2194696069,60.129305765788686,63.44203563088563,,,12478047.0,93.74991524019983,48.850888,9.60055,,-726087.9000000004,5727.89013671875,91.1162
2001-04-01,73.2685415084,82.5828080446,65.5566796234,72.9795723788,60.841151363336735,61.41637354375813,,,12449250.0,113.58339146921566,49.097309,9.32681,,-1008555.4000000004,5987.25,90.7891
2001-05-01,73.1747190145,83.1577562253,65.0865261457,73.1688702534,60.385397409187945,59.975829227460956,,,12432308.0,153.34516535826927,49.20997,9.13717,,-871175.5,6595.39013671875,90.3555
2001-06-01,73.2430813031,82.9376035566,65.5556396507,74.6032970428,61.55722874448659,60.811492723857754,,,12398409.0,86.54521800783598,49.326364,9.08673,,-610875.3000000007,6666.169921875,89.8784
2001-07-01,73.1188017371,82.9544383812,67.0670637968,73.2957399625,61.586148878345504,65.27242820882208,,,12363722.0,88.25765094692737,49.198202,9.16182,,-693308.9000000004,6474.39990234375,89.3028
2001-08-01,73.503542838,82.9236362762,66.6660536443,73.7191602281,61.043909239107144,69.4075713885594,,,12336829.0,105.16073381946545,49.489688,9.13075,,-673385.6999999993,6310.7001953125,89.2003
2001-09-01,73.4101134809,83.2263313608,66.8131973213,74.0074766135,60.729272597246876,63.98172330737621,,,12293647.0,333.24824993527386,49.950381,9.41886,,-811183.6999999993,5403.52978515625,88.7485
2001-10-01,72.5849788803,81.5966099077,64.8580306871,73.8089050789,60.86626295814923,62.738328152035685,,,12254265.0,328.67236051395093,50.176135,9.34499,,-896574.1999999993,5537.0400390625,88.5052
2001-11-01,72.8725152385,82.3191145917,65.893578812,73.8997342143,60.14678567469676,66.7313427537086,,,12235068.0,198.3217808812801,50.365149,9.22364,,-909137.5,5832.830078125,87.97
2001-12-01,72.7113194048,81.7457637352,66.3026737617,74.2034315593,59.107010994504684,66.13594679212677,,,12235870.0,231.98385022352767,50.434899,9.15608,,-733317.7999999989,6372.27978515625,87.9324
2002-01-01,71.8325039311,80.9764077435,64.5159467778,73.9436708079,58.338244202192826,74.019356580395,,,12213965.0,225.66810354847067,50.900472,9.1616,,-393459.69999999925,6927.8701171875,88.5176
2002-02-01,71.7570416249,79.3134091923,63.9979609852,73.3325565644,57.7411718322276,69.29362907426798,,,12231343.0,119.25466810208547,50.86775,9.09981,,-807141.2000000011,6734.43994140625,88.5278
2002-03-01,72.3610219772,80.2171156275,62.3872706106,74.8732779776,58.877641775386635,66.79432577667987,,,12238658.0,109.82916098909126,51.127948,9.07074,,-935019.0999999996,7361.85986328125,89.1686
2002-04-01,72.9253269901,81.6384277178,63.5818713999,75.1644247903,58.81638609622332,70.78123904482544,,,12274797.0,107.71403570831207,51.407235,9.16285,,-127209.5,7480.740234375,89.604
2002-05-01,72.9690093823,81.0191873273,64.6205574157,75.0355719111,59.05789391935258,70.99337594430523,,,12293240.0,110.91159183323767,51.511429,9.51918,,-935801.0,7031.64013671875,89.964
2002-06-01,72.9112077734,81.2218347433,64.0221795127,75.367272924,58.574458974597356,66.65744207584619,,,12298177.0,113.86771833740474,51.762586,9.76519,,-762325.4000000004,6460.9501953125,90.7061
2002-07-01,73.1974805002,81.4307539957,64.8392935922,74.9199718735,60.21044644477068,68.67086924217678,,,12321378.0,184.69084309166203,51.911181,9.78075,,-619824.6999999993,6021.83984375,90.6769
2002-08-01,73.792435119,82.3740658394,65.0036804399,75.0506935816,59.01384462596927,69.732498723308,,,12309035.0,215.44584328052375,52.10856,9.83961,,-663309.7000000011,6216.43017578125,90.5762
2002-09-01,73.6089576811,82.3369178003,66.3142512895,75.083549612,58.80206877687285,66.01250137389526,,,12309228.0,208.54938333594822,52.421984,10.07136,,-736542.7000000011,5728.4599609375,90.6531
2002-10-01,73.9629009058,83.2610422494,65.9388008959,75.4288436292,59.180232543957715,69.7466890587252,,,12296565.0,177.29067032461793,52.653036,10.09503,,-572646.5999999996,5967.72998046875,90.4643
2002-11-01,73.5166958297,83.2950693222,66.781613339,74.692452361,60.16075461217078,63.50371830909618,,,12297989.0,178.856933013216,53.078877,10.19745,,-492831.4000000004,6156.830078125,90.9711
2002-12-01,73.5633905406,82.4624640024,65.9622915469,74.5621521814,60.80566019597362,63.78878927777528,,,12306817.0,168.95693389586367,53.30993,10.22492,,-457120.19999999925,6127.08984375,90.4652
2003-01-01,73.5127060957,80.8072590619,65.9432007273,75.564005785,61.03545929245554,68.26034273477273,,,12300583.0,369.95697464365486,53.525441,10.62031,,68450.29999999888,5954.35009765625,91.2361
2003-02-01,73.953942758,82.6076621793,67.4342968746,75.8038472036,60.09574500178575,70.39215206026121,,,12296209.0,364.07626787597593,53.674122,10.93716,,94740.40000000037,5927.06005859375,91.3445
2003-03-01,73.4120196195,82.069679135,66.1105330809,75.822827073,60.54792851253129,65.30172032216983,,,12295821.0,428.7254570374136,54.01293,10.91239,,-750747.7999999989,5914.02978515625,91.1044
2003-04-01,73.504118537,82.2503702168,66.8303585309,76.2261547887,60.66197057345452,67.38320852517641,,,12277908.0,234.80729510807686,54.105144,10.59174,,-889349.5999999996,6509.8798828125,90.5617
2003-05-01,73.2902632503,82.5034449762,65.873860545,76.0092270866,61.779750636844014,64.00993709701584,,,12260579.0,139.31793964137574,53.93056,10.2512,,-971377.5,6699.18017578125,90.537
2003-06-01,73.8949887389,83.0161181791,66.5438005302,76.5722743839,61.62061343190869,70.78576637613791,,,12245028.0,89.6962725668734,53.975112,10.50468,,-561071.4000000004,7054.990234375,90.6527
2003-07-01,73.9175110909,82.784531794,66.3889256833,76.9803114039,62.59021170319529,71.68756727817218,,,12220628.0,112.15218633498516,54.053339,10.45024,,-596506.9000000004,7355.06982421875,91.1185
2003-08-01,73.2333317988,82.5725106578,66.4167206761,76.1937538886,63.0810565031879,66.99102348321739,,,12222614.0,113.35599137167023,54.21549,10.78114,,-569150.9000000004,7591.419921875,90.9197
2003-09-01,73.4578640293,82.3889629872,64.8719162593,76.4321993903,63.3119271886498,66.08083884165869,,,12232570.0,101.91693677960052,54.538238,10.92689,,-338765.5999999996,7822.47998046875,91.5059
2003-10-01,73.7495443305,82.963211784,65.9138983906,76.4143532737,63.43144435749829,67.12347862828636,,,12267082.0,80.29391427457703,54.738207,11.17477,,-404597.30000000075,8064.830078125,91.6186
2003-11-01,73.8863392846,82.431167529,64.8857131653,76.6952615905,63.99944908954036,67.78761453526583,,,12303348.0,158.12443189904488,55.192542,11.14498,,-369665.9000000004,8554.48046875,92.2329
2003-12-01,74.7792187629,83.8516363794,66.1286840831,77.7990409349,64.56106412192275,70.28292324957266,,,12322056.0,235.26996647095874,55.429811,11.24859,,-320410.5,8795.2802734375,92.2602
2004-01-01,75.1301321552,84.1058339378,69.7516798476,76.4308739841,64.40901126372678,69.91074110458453,,,12352182.0,130.3476793198754,55.774317,10.91507,,-54511.199999999255,9428.76953125,92.4006
2004-02-01,75.3544977717,84.2272786242,68.5580642418,77.4539626596,64.97533190747677,72.28595949681575,,,12378376.0,86.73388296919086,56.107945,11.01417,,-577164.0999999996,9991.7998046875,92.958
2004-03-01,76.2809870048,85.9846064375,70.0709234847,78.0496516093,65.33252150546254,77.89159890197274,,,12422683.0,86.3682595231881,56.298071,11.00941,,-346910.19999999925,10517.5,92.5861
2004-04-01,76.0208741784,85.8501895413,70.4776641671,77.6946736574,66.12836169779341,77.24927382606,,,12439658.0,80.957883404451,56.383032,11.27506,,-772729.2999999989,9948.1298828125,92.93
2004-05-01,76.1477767965,85.5000707973,70.3337001543,77.7165015997,65.98735163552949,76.72234670750557,,,12464467.0,131.65877402139967,56.241603,11.51243,,-587340.1999999993,10036.2900390625,93.6013
2004-06-01,76.5062478483,86.0201811836,70.7731352058,77.7865507932,67.49232218298603,72.79285052460699,,,12487218.0,57.19775307877466,56.331745,11.38939,,-719073.3000000007,10281.8203125,92.871
2004-07-01,76.0453700132,85.5883811009,70.2177530899,77.9674622078,67.44830585169038,73.93827288761538,,,12517291.0,96.35328111282581,56.47939,11.46359,,-857617.8000000007,10116.3896484375,93.5649
2004-08-01,76.2357212645,85.5747820204,69.2768050359,78.4160814266,68.3359408191104,74.67315818848982,,,12534811.0,64.069020380675,56.828041,11.39418,,-600658.4000000004,10264.3203125,93.6277
2004-09-01,76.2247846131,85.6711371087,70.0119089192,78.2693803484,70.35471901889042,74.47433047567456,,,12568471.0,43.78815353595256,57.297917,11.48639,,-515740.7999999989,10957.3701171875,93.7467
2004-10-01,76.453242998,85.9962363253,71.1184837843,78.1633279532,70.25016854375853,76.06574955530863,,,12602044.0,110.62260684658472,57.694747,11.39832,,-532983.5,11564.349609375,94.5465
2004-11-01,77.1359320536,86.0393602312,71.6521546749,79.4695303438,70.27863888370042,80.47200391585906,,,12635116.0,122.51591459955095,58.186899,11.36815,,-1278947.8999999985,12102.5498046875,94.7813
2004-12-01,77.0680746814,86.2838047589,71.5426282995,79.2456745155,72.8154243806297,82.1600859686452,,,12664994.0,114.96237559509576,58.307088,11.20411,,-1542360.5000000019,12917.8798828125,95.5365
2005-01-01,77.1343760276,86.5007638586,73.2020250726,79.4851673964,69.05263176416473,78.21050133692633,,3.7527354348,12706888.0,109.54149827616546,58.30916,11.26074,,-1337529.2000000011,13097.1201171875,95.8801
2005-02-01,77.2719923065,86.874540866,71.8330518357,78.9220006423,71.18690492050736,78.87112886138812,,3.6012604725,12746173.0,61.47756668577529,58.503431,11.13672,,-977162.8000000007,13789.4599609375,96.5761
2005-03-01,76.9354443399,86.6538442494,73.325047237,78.6320046778,70.85320606122816,78.07662484515438,,3.6994285862,12759321.0,46.86774260398718,58.767121,11.1427,,-833918.3999999985,12676.900390625,96.4456
2005-04-01,77.3319960926,86.9465385136,71.8816120703,78.9055909468,71.12500168943949,77.32729158876886,,3.6176324215,12791064.0,165.1391041167802,58.976415,11.1163,,-450969.799999997,12322.990234375,96.6532
2005-05-01,77.5130013975,87.7337620476,72.6771808995,79.414057034,70.39694877888293,77.96952526452063,,3.8376411425,12822888.0,87.64536664308235,58.828251,10.97326,,-526742.0999999978,12964.3896484375,96.7402
2005-06-01,76.8612069853,86.6567046077,73.1042441978,78.7697425341,71.64150390931043,77.45588178691438,,3.8342879834,12853785.0,54.37202578510644,58.771783,10.82278,,-286699.1000000015,13486.1298828125,97.1753
2005-07-01,77.1134085472,85.3777222121,72.4746333796,79.5069650774,72.86410844582042,76.47759681931633,,3.650788207,12886711.0,86.16555724691237,59.0018,10.67814,,-1075099.8000000007,14409.66015625,96.8676
2005-08-01,78.1223318726,87.6000467054,73.6209265381,80.0541682362,73.25012713588654,79.67234219677813,,3.453394856,12937054.0,74.61248056358284,59.072255,10.68822,,-501391.3999999985,14243.1904296875,97.1833
2005-09-01,78.5358471829,88.292140932,74.2752523927,80.7893521091,75.47412034245967,82.12715931666972,,3.4523240078,12979324.0,64.4626495052826,59.309006,10.77754,,-174410.19999999925,16120.080078125,95.3005
2005-10-01,78.7595408517,88.5377585773,74.5716977046,80.9868767497,74.47045992811603,76.19327393110734,,3.2424598157,13034231.0,101.8532585534426,59.45458,10.83244,,-582974.4000000022,15759.73046875,96.4572
2005-11-01,79.4774544294,89.8426590056,76.834260543,81.0163273274,74.18322065637261,79.04418863700867,,3.0254507298,13075984.0,52.53546092973388,59.882493,10.66845,,-464317.30000000075,16830.9609375,97.5414
2005-12-01,79.9671931984,90.9429634571,77.8403841097,81.5295347633,76.89329668219922,82.23224186254797,,3.1084048557,13116204.0,64.66318541124795,60.250312,10.62945,,-487552.59999999776,17802.7109375,98.0452
2006-01-01,81.4547020585,91.1862015299,78.6922076063,82.5142087201,77.82051877405335,80.73736682262728,,3.2544597442,13174031.0,70.89008636615692,60.603626,10.547,8.209545454545454,1014755.6999999993,18907.099609375,98.1999
2006-02-01,80.6010107705,90.5973060473,77.780658081,82.3718411856,77.0861937266114,79.55441930103811,,3.5348903799,13225802.0,31.33762760547567,60.696358,10.48328,7.7436842105263155,-193981.8999999985,18706.3203125,98.2413
2006-03-01,80.6830855608,91.4456552175,79.7091729527,82.1939021308,79.5208074373707,78.14715964842169,,3.2932456832,13292948.0,72.82233934229902,60.772512,10.74676,7.456363636363636,-541774.0,19272.630859375,98.4628
2006-04-01,81.1224306687,91.5628692592,80.4474425689,83.1093191447,80.15992904060404,78.0878240667566,,3.4138699772,13352521.0,62.484234829270804,60.861617,11.04212,7.182777777777777,-305176.5,20646.189453125,98.7618
2006-05-01,81.9552761412,92.4720390755,80.7275583078,83.3229276988,82.25616374796363,78.67670233287714,,3.3674175783,13411781.0,75.97655326046673,60.590675,11.09228,7.024545454545454,-709182.5999999978,18677.919921875,98.7869
2006-06-01,81.835470577,92.5475467694,80.5666507794,83.7125930067,81.68407907170648,79.21762441583864,,3.5605395309,13478862.0,107.51695852642031,60.642998,11.39126,7.025454545454545,-553184.8000000007,19147.169921875,99.0997
2006-07-01,81.7971662464,92.5187603373,81.1528396577,83.6901403047,81.68440546002334,77.2838306805636,,3.6839699599,13533406.0,85.03845058538356,60.809294,10.98579,7.023809523809524,-701715.0,20095.9296875,99.0489
2006-08-01,82.0052726923,92.9550180002,82.5743174122,83.8280872835,83.01170443949962,78.09579750989822,,3.651653825,13579589.0,73.08830450939635,61.119609,10.87197,7.025652173913044,-415906.5,21049.349609375,99.4836
2006-09-01,81.975106992,92.6379287479,83.4255195986,84.1039265615,82.44406664596244,81.28220062149865,,3.6546113336,13635661.0,35.39987576241268,61.736612,10.98531,7.061428571428571,-1380493.3000000007,21937.109375,99.3183
2006-10-01,82.208797716,92.6501025959,82.255911863,84.221278471,83.1729591848234,81.35911439559862,,3.7169089452,13662844.0,39.09672042813951,62.006519,10.89715,7.023636363636363,-808640.1000000015,23046.94921875,99.2044
2006-11-01,81.9399761808,92.8355111262,82.4619530563,84.2812334905,83.39188275147484,80.55978760028397,,3.7983591824,13702279.0,51.20937571782528,62.331857,10.91773,7.038500000000001,-719095.3999999985,24962.009765625,99.1627
2006-12-01,82.3171218873,91.9211245463,83.2706787792,84.0298664522,84.06272966709557,80.23228359027448,,3.8449911054,13744087.0,34.39215019135284,62.692424,10.84787,7.071666666666666,-842298.8000000007,26448.3203125,100.1735
2007-01-01,82.390163735,92.0213197103,81.2323469448,83.3119712835,85.79711044510967,80.55442185850615,,3.7256739624,13790077.0,36.19042311355906,63.016208,10.95286,7.030454545454545,-1387232.8999999985,27561.490234375,99.8346
2007-02-01,82.4443216685,92.7169960962,83.237274669,83.6698712752,85.8678730107885,77.70970267578775,,3.8797562773,13847622.0,40.19172422600977,63.192347,10.9998,7.033157894736842,-973844.8999999985,26638.94921875,100.7753
2007-03-01,82.9124548306,93.6884340396,83.6564447837,84.2889969939,87.00937183755174,78.74632155373398,,3.858000592,13897311.0,32.91698237051057,63.329113,11.11386,7.034761904761906,-826360.5,28747.689453125,100.9547
2007-04-01,83.2903373236,93.4349755001,84.9428117006,84.1451018347,88.05351562502317,76.88408752175461,,3.7477661363,13934717.0,8.508974751185457,63.291295,10.98058,7.05842105263158,-1393622.8000000007,28996.7109375,101.6334
2007-05-01,83.4713168981,93.4531323521,85.1307706265,84.2481826239,88.8811393881584,75.76083805399334,,3.605261092,13975854.0,85.216930429287,62.982534,10.81669,7.290909090909091,-1236668.6000000015,31398.9609375,101.7306
2007-06-01,83.8205077492,93.4291843921,83.5891188294,84.9488758968,90.1010815202126,72.53356124277668,,3.5413799553,14032332.0,89.33470867363454,63.05817,10.83498,7.273809523809524,-1470603.6999999993,31151.05078125,101.7893
2007-07-01,83.6765870199,93.408442939,86.7479868258,83.7590944341,90.52340094929455,77.35855746770376,,3.5009535299,14072609.0,44.025523284867305,63.326005,10.81093,7.280454545454545,-670851.6999999993,30659.66015625,101.6672
2007-08-01,83.8701714081,92.9225342523,87.7834707789,84.6155376979,90.7205294486108,75.20606978240815,,3.59783147,14111805.0,93.70981698507248,63.583996,11.04563,7.271304347826088,-545221.6000000015,30347.859375,101.863
2007-09-01,84.041870709,93.4833009474,92.7073464949,84.5069985014,91.41310637776031,77.70794592875504,,3.5168014665,14172032.0,69.62111657377761,64.077703,11.0315,7.234999999999999,-500213.1000000015,30296.189453125,102.0894
2007-10-01,83.9188850486,93.1504846011,90.4095621407,85.0732490852,91.98100444067153,78.22673222957403,,3.6793923056,14198440.0,66.78520081017018,64.327405,10.82314,7.274782608695652,-941907.1999999993,31458.669921875,101.8015
2007-11-01,83.5993523198,92.514844068,90.9588370206,84.8496866812,91.05942870261539,76.6858096538744,,3.5131713206,14248075.0,67.22287371981137,64.781221,10.88664,7.5040000000000004,118271.40000000224,29770.51953125,102.3446
2007-12-01,83.6413270526,93.0985179359,90.5434404495,84.1513258714,92.46337143704999,75.05406072070535,,3.6583987994,14222534.0,90.0562958347878,65.049056,10.84839,7.529473684210527,-335137.6000000015,29536.830078125,102.3803
2008-01-01,84.133775159,92.899664937,91.9843363721,85.2180602506,93.74455238009757,79.14238642594246,,3.8891192237,14291853.0,107.64438312693937,65.350564,10.91001,7.516363636363636,-1116246.0,28793.640625,102.2448
2008-02-01,84.2515710798,94.8660589358,94.2317733324,85.8258013318,94.10704599286981,75.67611125568075,,3.6438768034,14313348.0,49.85234542416611,65.544834,10.76653,7.4995,-1618489.6000000015,28918.51953125,101.8438
2008-03-01,83.0886951732,92.7272708282,92.4460149214,85.5217727049,94.36644694353683,72.89818166455929,,3.6979314392,14330341.0,49.7280218161537,66.019891,10.73131,7.504444444444445,-566784.8000000007,30912.990234375,101.5336
2008-04-01,84.689093539,92.7589884529,93.0186712306,85.8662244517,94.53909915233383,75.87606645841991,,3.6002554752,14350985.0,63.56647756686399,66.170127,10.51535,7.495454545454546,-740876.3000000007,30281.41015625,100.8785
2008-05-01,84.2439526632,92.8725242356,95.0910559904,86.2316581015,95.72509259916637,76.69987721759513,,3.6478927212,14371396.0,51.381887848769715,66.098635,10.43515,7.502857142857143,-745364.4000000022,31975.470703125,100.2674
2008-06-01,84.9165908905,93.9099995175,96.1926613115,86.6241105957,96.3888630049308,76.6964547800113,,3.6545203033,14385399.0,71.72769485999999,66.372168,10.32921,7.5980952380952385,-542225.200000003,29395.490234375,100.0335
2008-07-01,84.8499996916,92.1846719874,97.6937310496,86.7435644665,95.42532860687513,76.28103954692378,,3.8480400978,14385620.0,63.077580849714195,66.742059,10.21552,7.859565217391305,-942775.6999999993,27501.01953125,99.676
2008-08-01,83.9340769764,92.1762471877,92.9146609494,85.6883777647,95.43695135227075,73.58771793952468,,3.8113644818,14402887.0,65.43401456023211,67.127492,10.10951,8.115714285714287,-1747314.0999999978,26290.990234375,98.1111
2008-09-01,83.6879950266,91.4211516386,91.0564962084,85.155949087,95.77325437205685,68.37008272884879,,3.8577273999,14358265.0,86.68493040529418,67.584935,10.64369,8.245714285714286,-1966546.3000000007,24888.900390625,93.7895
2008-10-01,83.7731972182,91.5293081449,91.2175555147,84.0745103408,94.52835007927887,65.47857271692372,,3.9589383552,14312714.0,149.631753522375,68.045486,12.63139,7.7495652173913046,-2597683.5,20445.3203125,94.7219
2008-11-01,82.6380714065,89.9938741844,89.7614027366,83.334103759,96.66876800605186,62.69206852748965,,4.6839563147,14263599.0,112.3501158401983,68.818942,13.11395,7.931052631578948,-2940039.5,20534.720703125,93.4715
2008-12-01,81.711357573,88.985152754,85.6786730802,80.6433569361,89.70995376088644,59.31946180710182,,4.5089549837,14173281.0,105.6292262194961,69.295552,13.42263,8.246190476190478,-1722158.6999999993,22380.3203125,90.8357
2009-01-01,78.1556727861,84.3248760016,81.6295840696,78.4197058807,94.92104928950525,57.63192896867586,33.10100463916475,4.6532648925,14078107.0,126.5903406144318,69.456149,13.89211,7.985714285714285,-1252636.9000000022,19565.140625,88.57
2009-02-01,77.8533892606,83.9623840125,80.9837580661,78.5240424086,95.34867854129416,56.40014507327664,33.39345474207443,5.003567265,13968437.0,185.57082926662,69.609494,14.59664,7.6752631578947375,-1189708.4000000022,17752.1796875,88.031
2009-03-01,77.6631132355,83.2383757178,80.7477519891,78.6397853586,95.69731368845432,53.96773236107801,33.39337099827392,5.0438136224,13905260.0,95.41922196179519,70.00995,14.66953,7.222380952380952,-654605.5,19626.75,86.6528
2009-04-01,76.987615746,83.2666630561,80.1555593064,78.2256799885,95.75873574302194,50.78890292140821,34.00498935559593,5.3269194792,13862402.0,63.58184541284173,70.25499,13.43674,6.3945,-233738.90000000224,21898.849609375,85.9344
2009-05-01,76.627576564,83.0480991611,80.3226270186,75.4900823985,94.3855175143433,48.09993670188547,32.50217400583696,5.6556638477,13828559.0,57.851179257031205,70.050358,13.16209,5.5825000000000005,-142278.79999999702,24331.7109375,85.0665
2009-06-01,77.8427640858,82.8566030366,81.4497146013,77.9640137029,94.50878031952884,51.308857874802094,34.30789397855294,5.4574009776,13788920.0,58.05732565448347,70.179354,13.3418,5.0613636363636365,-527222.6999999993,24368.380859375,84.7459
2009-07-01,79.2322315514,84.7259542337,83.0089607972,78.9250409202,95.38333327522052,50.36976525882623,34.77750841786054,5.6168778814,13792995.0,35.303709433493445,70.370516,13.36541,4.649130434782609,-925536.3999999985,27043.5,85.7027
2009-08-01,79.0764138319,84.6881726951,81.0851911615,79.7201799075,96.73750757617333,51.24615676328651,34.62886667368662,5.7405838912,13811874.0,41.52625984300474,70.538884,13.00803,4.4852380952380955,-423685.80000000075,28129.94921875,86.6426
2009-09-01,79.6730535656,85.9214581739,82.0142973126,79.4751582403,95.6615708372044,50.80121052884585,35.06263539494864,5.8969935841,13820862.0,77.92684882834017,70.892716,13.42115,4.513333333333334,-263255.40000000224,29232.240234375,87.4063
2009-10-01,80.288648113,86.3606012902,81.5190144347,80.3220770371,95.647095331165,53.60260185719047,35.48893556581572,5.5900276125,13856699.0,85.38106902102265,71.107191,13.22566,4.515,556661.5,28646.029296875,87.6419
2009-11-01,81.0873331792,87.6743522234,81.3262383379,81.1826352669,94.33414242004231,52.81186005352403,35.49016878757082,5.3607248841,13905006.0,60.357112821362115,71.476046,13.10937,4.578421052631579,41462.20000000298,30957.109375,88.0221
2009-12-01,81.5545679455,88.0642924675,83.1820088974,81.6941625757,97.30972819462491,53.58483727406558,34.9328907796854,5.2661650976,13981930.0,57.138561792592554,71.771855,12.86309,4.594090909090909,124818.5,32120.470703125,88.3793
2010-01-01,80.8530034784,87.8845596006,84.3480514717,80.7079508803,97.14134895216844,54.34845625175544,35.431007762275925,5.5231136894,14055761.0,102.5767700103908,72.552046,12.80186,4.582,286776.6000000015,30391.609375,89.3426
2010-02-01,81.513567477,87.4910815175,83.8247154681,81.0084597767,98.09184067095244,54.67217340011737,36.3197414800476,5.2277820074,14132453.0,42.24798455550243,72.971671,12.94242,4.6421052631578945,-119528.10000000149,31634.5390625,89.6779
2010-03-01,82.0706073417,88.5240975039,86.0879046979,81.6145712529,98.3732782358947,56.318398677127966,37.42219881090344,5.2684208075,14208808.0,41.271404346439496,73.489725,12.57366,4.5636363636363635,-487788.19999999925,33266.4296875,90.2928
2010-04-01,83.0179069822,89.4879772703,87.1912378014,82.2502395831,98.48541308589398,56.308059374429234,37.089829917533535,5.4643061613,14283009.0,86.82881805670402,73.255565,12.23015,4.595,-142899.30000000075,32687.3203125,90.5991
2010-05-01,82.8531058595,88.9573804588,85.3489718391,82.6230375645,101.56699014949477,56.49147738170478,38.63764581820626,5.2582440857,14340012.0,115.21094448157679,72.793978,12.74282,4.601428571428571,-551862.6999999993,32038.529296875,91.823
2010-06-01,82.8298900824,88.9779599372,85.9227741527,82.7619457974,99.91490654265795,53.374780158466436,37.86542295016464,5.1928482751,14395740.0,45.00507585183824,72.771183,12.71933,4.589545454545455,-903092.1999999993,31156.970703125,91.9928
2010-07-01,83.1170737679,88.735533661,84.2003563653,82.6919950411,100.11353298712453,55.22776271144597,38.41152875299687,5.3235130569,14439357.0,81.62571676228026,72.92919,12.81887,4.613181818181818,-348829.69999999925,32308.740234375,92.3421
2010-08-01,83.3076072499,89.4640272136,86.1222031258,82.6998618842,101.58142168321871,57.68484345845237,38.707065511794426,4.9714028816,14499537.0,62.42527048864155,73.13175,12.76946,4.596818181818182,-188335.3999999985,31679.849609375,92.6805
2010-09-01,83.548894946,88.9668259347,87.0662342653,83.7865030863,101.18484606150938,57.78722395229665,39.49678445166906,5.2138638619,14529779.0,59.98311277674519,73.51511,12.79975,4.5565,23093.0,33330.33984375,92.9537
2010-10-01,83.5151381909,89.024876836,88.2733512098,83.6951142353,102.73550483332339,59.91696253357107,39.64872508925245,5.4193343649,14604036.0,107.32536351539812,73.968926,12.43738,4.523333333333333,-696060.8000000007,35568.21875,92.6903
2010-11-01,83.6826035801,88.8501336856,88.4641167137,84.4700050089,94.50051569898199,59.61459977809942,39.3750796857515,5.346244911,14666477.0,54.69549462075398,74.561581,12.33906,4.556,172372.8999999985,36817.3203125,92.7709
2010-12-01,84.3643173825,89.6709590162,89.4362297242,84.7412231097,104.6167344384609,61.65799189463049,42.970466324187576,5.4709612353,14723054.0,44.01326802011588,74.930954,12.38849,4.60695652173913,-260055.90000000224,38550.7890625,93.6787
2011-01-01,84.4825354017,89.8147822398,91.2134482646,86.1434784036,104.15425025511018,60.48236534219102,42.173736652553686,5.1106047117,14758255.0,58.655428484643416,75.295991,12.12585,4.5495238095238095,1397845.3999999985,36982.23828125,93.4814
2011-02-01,84.6730804434,89.6138696408,88.9464757026,86.0176386027,104.43054971844904,61.69533122402149,42.525075918226065,5.2837575524,14806670.0,50.25858381740637,75.57846,12.07032,4.518421052631578,-352468.8999999985,37019.69921875,93.1102
2011-03-01,85.2074220232,90.2925934716,88.4432704598,85.7181541809,105.23086549041297,60.840422900526356,42.99702420804243,5.0601110961,14861068.0,64.54344606879978,75.723451,11.99917,4.488636363636363,463365.69999999925,37440.51171875,94.0788
2011-04-01,84.3710617861,90.2089858788,89.757505896,85.6986296214,109.49632976954291,62.75138657323469,43.56778809996061,5.1707543406,14905288.0,48.892855828391056,75.717441,11.7184,4.504736842105263,89569.59999999776,36962.62109375,93.7749
2011-05-01,85.5263783248,91.0020471935,92.2840320984,86.1155215421,103.90871064175893,62.149278381433504,44.29114470662728,5.3522686029,14956783.0,37.71227489867631,75.159264,11.6533,4.466363636363637,214939.6000000015,35832.7890625,93.888
2011-06-01,85.869865986,91.841239456,95.7832857325,86.2663612989,106.91848854423478,61.30724657896436,45.025635628059405,5.5783523264,14990427.0,69.66203907291842,75.155508,11.80602,4.492727272727273,-560366.1000000015,36558.0703125,94.172
2011-07-01,86.1302985675,91.6410865534,94.6508602348,86.8062524772,107.99221299877783,61.42100474173587,44.31059868477357,5.2735386033,15051971.0,80.08977048765216,75.516107,11.67256,4.471904761904762,-454821.6000000015,35999.33984375,94.636
2011-08-01,86.8420110232,92.073650802,96.7521168273,87.190422973,108.32460056398665,63.57424182302055,46.24913282540064,5.340075318,15086825.0,102.28373204338874,75.635555,12.23191,4.441304347826088,-208845.19999999925,35721.1015625,95.2749
2011-09-01,86.9464066924,91.9282724901,94.6298399027,87.4470362436,109.8349717805166,64.8329491249793,46.62794169120744,5.2401132992,15143953.0,81.09628579692969,75.821113,13.04452,4.3671428571428565,-1233967.6999999993,33503.28125,95.1961
2011-10-01,86.987575947,93.1387734687,96.566644984,87.6676415865,110.72674617196353,63.70779612272559,46.826194267790605,4.81055309,15196614.0,63.18464108982943,76.332712,13.435,4.368571428571428,-478646.19999999925,36159.98828125,95.8568
2011-11-01,87.6010322464,93.9664721637,97.379073702,86.9091338147,110.047882964139,63.333204630340546,46.95700938335983,5.061315772,15240386.0,95.00619695253513,77.158333,13.69929,4.409000000000001,-182251.0,36829.1484375,95.8485
2011-12-01,87.5531802123,94.4680061639,98.8797051996,88.0508444447,109.9406992403279,68.72443906786589,45.430455872485965,5.0263661984,15318578.0,47.942313564169034,77.792385,13.76888,4.499047619047619,-253199.29999999702,37077.51953125,96.3571
2012-01-01,88.3363833192,94.5746847544,96.9006355484,86.6914709005,111.70290064786937,66.45550455660623,48.59200145396583,4.6688697675,15392652.0,68.6519628173204,78.343049,13.41778,4.4790909090909095,763683.6999999993,37422.6796875,96.9318
2012-02-01,88.5178858634,94.5612341055,97.1286331089,86.8505545571,110.31239764047412,65.90083011240525,48.70455574722125,5.420545466,15458514.0,67.52161493359252,78.502314,12.78306,4.497,860.1999999992549,37816.69140625,97.2435
2012-03-01,88.6915833842,94.6574529404,96.3215849913,87.7670762264,112.80865101859897,68.65059442446005,49.448098989398744,5.11603362,15522991.0,43.30641315513694,78.547389,12.7567,4.497619047619048,921413.3999999985,39521.23828125,96.74
2012-04-01,88.9088108391,95.1542823502,98.6940245415,88.1109607065,114.73315664452521,69.59777523635594,50.04703317664115,4.8903552802,15564491.0,32.63353171152402,78.30098,13.06967,4.483157894736842,-262950.0,39461.0,97.4359
2012-05-01,88.5142038534,94.753720036,98.0810211671,87.1031132611,115.52358525769077,69.53590927299966,51.68706277962647,4.8770845805,15625788.0,66.30916198286303,78.053819,13.66338,4.505454545454546,33560.89999999851,37872.94921875,97.6609
2012-06-01,89.1120784341,95.2353211824,96.5207774558,88.4961132947,116.35796180032317,69.43280661483006,49.7928148453254,4.8546542708,15702685.0,67.71946450568895,78.413667,13.9192,4.492857142857143,106927.20000000298,40199.55078125,97.6663
2012-07-01,89.47218698,95.9838522159,99.6015422715,88.7051656426,116.27198307767299,69.14194140891988,52.18369012388838,4.7232797851,15763444.0,48.794825527868326,78.853897,13.36608,4.4786363636363635,4.0,40704.28125,97.8713
2012-08-01,88.9597387694,94.6221712761,97.2894007966,89.3353312824,115.5455599337341,68.84163402904873,51.945781315268476,4.9394462599,15805185.0,47.963065097204606,79.09054,13.18452,4.493478260869566,322854.799999997,39421.6484375,97.4525
2012-09-01,89.3152663558,95.8699976513,99.5945601466,89.6512211059,116.66426998029628,71.42633369290195,51.245590258159034,4.6713873273,15877103.0,45.94752775264608,79.439119,12.93944,4.5009999999999994,-140131.5,40799.23828125,97.381
2012-10-01,89.2151884501,94.0324394285,97.0573769766,89.8101806237,116.59645303127422,68.78427720276281,52.75052158009351,4.8355615777,15921508.0,57.2613196266181,79.841036,12.891,4.500869565217391,-1484057.6999999993,41619.9609375,97.7193
2012-11-01,90.0843581033,94.8251854337,98.1178840882,90.6762829585,117.86920409231325,70.04230275749859,55.039502487371074,5.2058207857,15953813.0,41.81522161969489,80.383437,13.0746,4.5035,-485364.69999999925,41833.51953125,98.0777
2012-12-01,89.76259628,94.3054642881,94.2764729648,88.8406451672,113.55733090383342,69.34841782366874,53.97170941391175,4.9752377523,16023665.0,59.80223263524104,80.568243,12.87048,4.5073684210526315,119801.80000000075,43705.828125,98.3101
2013-01-01,89.6844498034,94.4352135551,94.656601074,90.1061162215,117.3554443311974,71.89471575432135,54.250761249298705,5.1567106133,16072679.0,67.06057445581781,80.892782,12.699,4.492272727272727,-792287.8000000007,45278.05859375,98.3342
2013-02-01,89.5589280582,95.13950553,96.9873955346,90.6173991005,117.06519270623087,74.16782745670324,54.10676788406413,4.9593274951,16114321.0,36.01390132518956,81.290943,12.72288,4.493157894736842,-866191.1000000015,44120.98828125,98.7941
2013-03-01,89.4970436167,94.1530260265,96.3311367503,90.4184613212,116.52319267161747,73.93516403026273,53.472562847700885,5.0499098909,16175523.0,30.59160794166148,81.887433,12.52472,4.150555555555555,-552298.6000000015,44077.08984375,99.1921
2013-04-01,89.1968366162,93.2926337139,93.4522386035,90.2376491834,116.62265591803722,76.18527994771476,54.45980657840672,5.1188415456,16199583.0,24.387869154264916,81.941523,12.20504,4.018181818181818,-559844.3999999985,42263.48046875,99.1065
2013-05-01,89.9267582212,94.7809778135,95.0715625078,90.9062028658,116.81125265599692,75.79491688923412,53.781689701299584,4.9586119252,16223596.0,27.58124163738443,81.66882,12.31149,4.02,-717061.0,41588.3203125,99.1839
2013-06-01,89.6420503303,93.8346415049,91.7812565677,90.6984839865,117.43898262989698,75.28954244833103,57.88341745240646,5.0711154267,16250899.0,45.01886812697289,81.619238,12.95958,4.0165,-78920.89999999851,40623.30078125,99.3897
2013-07-01,89.6914125411,94.0038455324,93.7196823223,91.0702940012,117.51634462205118,75.54208014495929,56.71615578639304,4.8956868413,16268130.0,71.34398171248371,81.592193,12.76586,4.007826086956522,-11492.79999999702,40837.87890625,99.0814
2013-08-01,90.2571296052,94.9148191685,91.7637419266,91.1632895656,117.45670451771923,73.41724137911517,57.144965931547006,4.8219045003,16304174.0,37.259396662375394,81.824328,12.91781,4.007272727272727,108180.70000000298,39492.37109375,99.6543
2013-09-01,90.1335909882,94.0083970971,91.5849628738,90.6847394389,118.12754493708486,71.8969517335831,59.21585903621217,4.9841769389,16328116.0,49.418029238951476,82.13234,13.07591,3.8165,550485.9000000022,40185.23046875,100.161
2013-10-01,90.4196096019,95.011957185,91.9575257744,91.0203538776,117.30641480715313,72.38569444897213,59.82597421061973,4.8834800821,16376645.0,79.34555354624932,82.522988,12.99922,3.7243478260869565,302286.0,41038.6484375,100.082
2013-11-01,90.2134774873,94.7465549723,90.9922988676,90.8589686175,120.85025759884194,75.42058279209152,59.302566122928845,4.6093519138,16427511.0,49.47553751290242,83.292265,13.07956,3.567,394855.69999999925,42499.12890625,100.3158
2013-12-01,90.7542812757,95.0436519026,93.9221754953,91.9026166634,117.31812637546435,75.30558800746164,60.96524266001475,4.7934143246,16488225.0,15.295198599260292,83.770058,13.00755,3.6245,1103349.5,42727.08984375,100.5175
2014-01-01,90.0152473247,95.1246098094,91.728676247,91.190653911,117.17725979272457,73.22368267441534,60.47720513805476,4.906421152,16496891.0,46.55311457736281,84.519052,13.22302,3.5040909090909094,-687045.3000000007,40879.75,100.1599
2014-02-01,91.1966618437,95.4597869796,94.663796019,91.6506400368,117.74920867173361,74.0549440505035,61.212759318565915,4.8195395042,16547665.0,37.62532821740122,84.733157,13.28078,3.5163157894736843,-68604.0,38782.890625,100.9168
2014-03-01,91.45301427,96.897447431,95.5656959795,91.9265411286,118.88667076300305,72.92935072882098,62.17027099357107,5.2859413441,16592684.0,25.80053875374473,84.965292,13.19508,3.5140000000000002,-463132.5,40461.6015625,101.8942
2014-04-01,91.8717775052,97.4622411363,95.5076843576,92.8521196717,117.70499234039175,73.88532647650268,62.73216889958662,4.9173964647,16672625.0,21.63243989053726,84.806779,13.07084,3.532,81563.09999999776,40711.55859375,101.9928
2014-05-01,92.5483897007,97.5572185248,95.2145381648,92.5892740234,119.69841231986938,76.77096855914674,62.48307240935912,4.9421149595,16748672.0,32.30870856966192,84.535579,12.92473,3.532857142857143,-302922.30000000447,41362.51171875,102.3836
2014-06-01,92.2068070594,97.813903025,95.7312091373,92.696376852,119.27053430575528,76.40898014412969,62.24547247735466,4.8266337161,16797200.0,30.657214601001353,84.682072,12.99576,3.145238095238095,-443896.200000003,42737.171875,102.735
2014-07-01,92.7741787014,97.2154360397,94.2809918421,93.004430738,119.42405578235665,81.53772134431749,63.66982862341336,5.2163635868,16855538.0,12.090349864315042,84.914959,12.99044,3.023913043478261,145781.30000000075,43817.69140625,102.9632
2014-08-01,92.1488330678,96.7670187448,95.5062748407,92.7331215374,119.99274121017503,87.53399660375541,63.78196600433584,4.842735875,16910816.0,27.675089355205117,85.219965,13.14064,3.049523809523809,-895308.5,45628.08984375,102.7688
2014-09-01,92.3594081169,97.4047492423,94.5469466404,92.8124571314,119.01529848953562,79.98199728438507,63.98253492813555,4.7840120447,16979503.0,12.94737373069538,85.59634,13.2352,3.0176190476190476,707049.0999999978,44985.66015625,103.0641
2014-10-01,93.0099412012,98.253745995,98.9577175743,93.1476514044,121.3206707787434,82.78239135593441,64.19620189398404,4.647182523,17045524.0,30.872518539084425,86.069626,13.47625,3.036521739130435,580293.1999999993,45027.51953125,103.0764
2014-11-01,93.1564050646,98.0839490203,98.2621083263,93.730760901,122.1030656373109,85.28481002104425,63.42226607076199,4.6555534675,17117106.0,19.503297083225426,86.763778,13.62161,3.0515789473684207,-1668109.6000000015,44190.46875,103.7126
2014-12-01,93.0513450782,97.8872623033,97.9442121507,93.5133572909,122.96864822411813,83.07011769751185,64.68333849507452,4.1682412301,17187938.0,26.34499862656129,87.188984,14.5129,3.0838095238095242,-406741.59999999776,43145.66015625,103.7044
2015-01-01,93.1176195247,97.5116165758,99.1487940798,93.8688817463,124.14992509224439,89.44452008207713,65.82666975782867,4.39203264,17241108.0,31.711336926933786,87.110103,14.69259,3.0366666666666666,-563817.5,40950.578125,102.8905
2015-02-01,93.4715320604,98.1771503884,96.1700117907,93.9739761659,125.51946596905972,90.69533363192814,67.5427496215877,4.4468659982,17293942.0,22.28947083889465,87.275377,14.92134,3.059473684210526,-520528.5,44190.171875,102.2335
2015-03-01,93.6681556554,97.6593349871,97.2138550394,94.1177531317,125.66573381560879,92.30587690332334,68.15384716796885,4.2755084299,17349607.0,37.876564705477726,87.630717,15.22834,3.0747619047619046,-597025.9000000022,43724.78125,101.8914
2015-04-01,94.5109961269,98.7413422197,100.7569503258,94.3790322786,127.49579255968919,88.82947240560972,68.47089986463351,4.3477796777,17416118.0,18.375567624938963,87.40384,15.22618,3.0435,-970550.1999999993,44582.390625,101.3355
2015-05-01,93.8494644734,97.8685296999,98.6629371306,94.7043724011,127.76549202670502,90.18342919321086,69.88903714092646,4.3854762421,17471789.0,26.27943728913297,86.967366,15.26447,3.0155000000000003,-1663259.8000000007,44703.62109375,100.8883
2015-06-01,94.2951874633,98.3463970934,100.7963723726,94.8367185829,129.68774923618045,93.68193639816369,69.76675755105306,4.4134047871,17538972.0,35.39497226799851,87.113108,15.48304,3.1018181818181816,-1443773.200000003,45053.69921875,100.571
2015-07-01,95.0210850531,99.4305469272,102.7063168875,95.003478065,130.1182778601639,93.86486518575313,70.4044198186896,4.4911454952,17598070.0,40.53707449325389,87.24082,15.93958,3.1004347826086955,-1103614.3999999985,44752.9296875,101.2228
2015-08-01,94.9778326017,99.7675603276,102.2034849678,95.5113741748,131.81947372846165,97.28606202227374,72.11044701580718,4.386937725,17640472.0,51.36443484168305,87.424875,16.53676,3.0771428571428574,-2296123.8000000007,43721.9609375,101.0367
2015-09-01,96.4307257028,101.8532617918,103.3277058608,96.2924732113,131.32578181762253,97.5161941688578,72.75945172502357,4.195666269,17686088.0,56.28963952513516,87.752419,16.85776,3.067619047619048,-1253737.3000000007,42632.5390625,100.7547
2015-10-01,95.2382568486,99.7332932312,99.7363585712,96.6249690962,132.13580248387814,98.51149980338053,72.5489199155512,4.4420062455,17733890.0,26.353205030090344,88.203919,16.564,3.044090909090909,-731876.3000000007,44542.76171875,100.2675
2015-11-01,94.6137408545,99.0028797112,100.9791678701,96.4645779194,131.85684015686962,98.37852387157044,76.11728378289106,4.0642158798,17785228.0,13.533063201290666,88.685468,16.63569,3.0721052631578947,-1716395.299999997,43418.55078125,99.5298
2015-12-01,94.8918389625,99.4619347011,98.6882798614,95.7691121962,134.92483342049667,99.98988794671546,75.29775938294824,4.3069323012,17825380.0,30.03646651464994,89.046818,17.06662,3.2436363636363637,-1676568.0,42977.5,99.0417
2016-01-01,95.0572442889,99.3948958657,99.4387889964,96.9963872139,133.6074186286734,105.26292203504508,76.56616788292352,4.1717624979,17893239.0,53.313437195621695,89.386381,18.07277,3.2805,-804932.9000000022,43630.76953125,99.5607
2016-02-01,95.5508604072,99.5197825318,101.3048689729,96.2893903714,134.01420440310946,101.57470224475864,76.5666684495397,4.2550320258,17949911.0,41.25225588857349,89.777781,18.4731,3.4854999999999996,-1909589.0,43714.9296875,99.0445
2016-03-01,95.0957950302,98.7536682048,99.7026879783,96.4404031094,134.5935630965143,102.32143565171124,77.16548342926419,4.143846366,18000875.0,40.6359952737883,89.910001,17.64905,3.7920000000000003,-1936736.8000000007,45881.078125,98.3096
2016-04-01,95.1868157383,98.7004809173,99.8123912487,95.8825226419,141.88481293691078,105.73048980818997,78.28706652112425,3.8230935617,18048044.0,29.300710167559203,89.625278,17.48768,3.768095238095238,-1925443.0,45784.76953125,98.6421
2016-05-01,95.5218207985,98.9679101144,98.6950309227,96.0857158586,132.86420101435667,110.32214224690915,79.8416054704926,3.9539140453,18117102.0,24.358337545510928,89.225615,18.15419,3.804090909090909,-955765.3999999985,45459.44921875,98.4184
2016-06-01,95.9257038441,98.6790040828,99.2799756324,96.5834801253,137.71598232675603,115.09382080662267,80.70107421814629,3.9216688273,18182255.0,52.31668484018083,89.324028,18.65297,3.8318181818181816,-1326052.0999999978,45966.48828125,98.8833
2016-07-01,95.8317719855,98.6929642033,97.5043019198,96.754488595,139.37038040255558,112.52396990909355,82.10091003599767,3.8114746324,18248586.0,34.59252140957218,89.556914,18.60144,4.263333333333334,-940431.799999997,46660.671875,98.9992
2016-08-01,96.1398469655,98.7913198348,100.7256839439,96.9384957963,140.649503714217,113.4712590403285,82.31363280283571,3.7628251135,18310239.0,27.210355630073792,89.809333,18.47487,4.288260869565217,-918249.0999999978,47541.3203125,98.85
2016-09-01,96.7553160227,99.1500109379,100.47351045,97.064173764,142.1849034413878,115.86142576528395,83.7057592339851,3.844170274,18389961.0,47.65531638908002,90.357744,19.19241,4.331428571428572,-872207.0,47245.80078125,98.7457
2016-10-01,97.0003590631,99.101706216,101.7548287738,97.2795864408,142.02590107030755,117.50928640326211,85.2824852605487,3.5852178659,18446347.0,47.58549766356053,90.906154,18.89241,4.768571428571429,-286225.3999999985,48009.28125,98.7611
2016-11-01,97.2423081007,100.245215314,103.1315443533,97.1421794428,142.78348278940433,113.76724052854755,85.04798230325827,3.5939750222,18505949.0,89.25954907951622,91.616834,20.11846,4.997999999999999,-231370.5,45315.9609375,98.3491
2016-12-01,97.7174279758,99.9369988088,102.8318041586,98.9667633079,143.46449758577776,122.01194938071104,86.90846544956176,3.6364384846,18554818.0,108.77404465597604,92.039035,20.52058,5.568095238095238,-938997.0999999978,45642.8984375,99.0214
2017-01-01,98.0066738913,100.6471041897,100.8876721402,97.7131882576,141.7921190955498,111.366694595316,86.67420681775967,3.5353375165,18619235.0,161.46822549445062,93.603882,21.38527,5.7695454545454545,-581810.9000000022,47001.05859375,98.7611
2017-02-01,97.5461597747,100.1940154004,99.4654318531,98.3787937608,142.45172506320483,110.03043030392601,87.62768853924524,3.4686833878,18683303.0,99.24703755369127,94.14478,20.29054,6.13421052631579,-558237.5,46856.7890625,98.3646
2017-03-01,97.8738131602,100.8881885956,100.4339102413,98.3056414269,143.19307857934982,110.16289664411751,88.16733153437549,3.5268245736,18763532.0,69.89384801077814,94.722489,19.30103,6.314545454545454,-1157083.5,48541.55859375,99.0137
2017-04-01,97.8487406093,99.7891863698,97.285169884,98.5757456535,139.83525723965036,112.31766247841364,90.2162236660521,3.475798118,18830581.0,48.14061572551249,94.838933,18.78748,6.580555555555556,-182812.0,49261.328125,100.0224
2017-05-01,97.6480260137,99.8309821123,99.639794625,98.4237910362,141.8842722244289,108.84802744359334,89.29655980890853,3.5076982466,18894485.0,61.229022870037056,94.725494,18.75566,6.633636363636364,-1526798.8000000045,48788.44140625,100.1408
2017-06-01,98.1556757186,99.9062642183,100.482518839,98.5981844484,142.2060815415726,108.17589156308114,90.35126353697538,3.2768759559,18981417.0,42.05119538825183,94.96364,18.13261,6.85,-808759.1999999955,49857.48828125,100.3471
2017-07-01,97.2939698084,99.1230093998,99.1794116497,98.4158587872,141.97856604953398,107.49152707353402,90.36685838740695,3.2563884119,19049172.0,23.745011828265863,95.322736,17.82834,7.057619047619048,-717619.599999994,51011.87109375,100.1068
2017-08-01,98.3327560993,99.7282104003,100.1018571265,100.3508520283,142.23052866846606,105.00462445112402,91.68193274911343,3.3333464531,19126140.0,52.71893553451954,95.793768,17.80703,7.043478260869565,-1623084.6000000015,51210.48046875,99.6925
2017-09-01,97.1532798143,98.7482198127,99.9738346348,98.2848351131,142.7757089595951,101.44174927640337,91.04585376437764,3.3407483491,19172922.0,27.02212216413927,96.093515,17.83565,7.045238095238095,-1230842.3999999985,50346.05859375,99.7954
2017-10-01,98.4680564941,99.8647855388,99.4851001508,99.1427695917,142.9596197144776,105.61186269787717,92.5014058316649,3.4445542268,19247809.0,67.03946593367142,96.698269,18.8161,7.04,-1392826.0,48625.53125,101.0247
2017-11-01,99.2000086434,100.0303941832,99.4975463466,99.0831378129,143.61810785352452,104.83214394166129,92.89862076547927,3.5001015971,19294145.0,63.94220009908923,97.695174,18.91578,7.025499999999999,21824.70000000298,47092.44140625,101.2664
2017-12-01,99.8332098205,100.735973371,102.6613916298,99.4327463106,144.08776487262548,104.32213223305054,94.77549296143007,3.3907538027,19357112.0,59.61513843475345,98.272883,19.18122,7.222631578947368,-1447394.3999999985,49354.421875,101.4644
2018-01-01,99.1312891102,99.8424486988,100.4305969915,99.6967898663,145.69829216242954,96.76891212964937,95.69368290866453,3.2817091531,19415876.0,66.29480293579725,98.794999699501,18.90739,7.292272727272728,-960314.200000003,50456.171875,101.4625
2018-02-01,99.6457225971,100.2705558756,101.5566734335,99.7644633416,144.99208613036774,101.82286432496883,96.46111288630999,3.2928629915,19500626.0,54.96923229933992,99.17137448164,18.64494,7.49,-425985.5,47437.9296875,101.7085
2018-03-01,100.3315240405,100.3259043561,102.0175477957,100.1894400785,146.1207527305952,102.38691241041214,97.69038065059851,3.2654106945,19588348.0,45.432122011675496,99.492156980588,18.63084,7.566315789473684,-455620.299999997,46124.8515625,102.2067
2018-04-01,99.4313624565,98.9801818207,100.1514639682,99.7969910133,144.16893366860148,100.60873717125463,96.57359316007489,3.3829011672,19662769.0,56.69057946999486,99.154847046097,18.38719,7.541428571428572,-461690.0,48358.16015625,103.3329
2018-05-01,100.1819870335,100.6705364535,102.2551042255,100.0275278436,146.7444576462301,99.20609942435863,98.50091131007734,3.2240546084,19719267.0,84.17989782805044,98.994080173087,19.591,7.576363636363637,-2077391.6000000015,44662.55078125,102.4024
2018-06-01,99.9358612833,100.4915436127,101.8843598094,99.6190362724,148.9253409030227,100.760509347091,99.5620490435415,3.3543598237,19736184.0,75.62917460616492,99.376464931787,20.3032,7.641904761904762,-1942469.099999994,47663.19921875,103.198
2018-07-01,100.2952775154,100.8106900275,102.555314774,100.1749540678,149.22859587792402,100.81379518513587,100.79337930122274,3.2934854702,19822196.0,44.1575806503158,99.909099104514,19.00952,7.805909090909091,-1866563.8999999985,49698.01171875,103.3646
2018-08-01,100.5818205185,99.9776136131,98.7288986303,100.8852480969,148.89078112048244,99.96309899821185,101.24102254438712,3.2688943268,19877448.0,73.36435419419047,100.492,18.85751,7.8017391304347825,-1264367.799999997,49547.6796875,104.0327
2018-09-01,100.6798616636,101.0765818853,101.6952357409,100.7554780112,147.18698335128678,102.33802738515303,102.72019476776802,3.3306355647,19935091.0,48.74727601038611,100.917,19.01543,7.8055,-87149.40000000596,49504.16015625,104.1004
2018-10-01,100.5638047325,100.169242508,102.0134588874,99.806213678,148.8477960324217,98.88643051252217,103.24996389762309,3.2016714757,19956993.0,86.68230713200627,101.44,19.18587,7.814347826086956,-1597531.5,43942.55078125,103.9856
2018-11-01,100.0467238636,99.1813754499,95.9353111454,100.1694888076,149.04709549217213,98.77975761349238,103.9033523383232,3.3420765227,19970747.0,128.89160521637862,102.303,20.26117,7.927,-2416701.5,41732.78125,104.0681
2018-12-01,99.6473514847,98.9232478926,94.7566617949,99.6381644018,148.31141201132075,97.66485549775024,103.61035719140905,3.6599491843,19984551.0,61.20571478404347,103.02,20.11118,8.18578947368421,44589.60000000149,41640.26953125,104.0936
2019-01-01,100.1486006554,99.0795619233,99.1855939655,100.9901403267,148.85520010842507,97.09375618981612,105.66665883282332,3.4536431671,20025595.0,83.45544648970707,103.108,19.1651,8.257727272727273,-1104175.6000000015,43987.94140625,103.4021
2019-02-01,100.3970986648,99.5605515913,98.4306419404,100.957866943,150.13705288357454,95.67820079417679,107.0667376699159,3.3921562604,20066426.0,106.42291851292491,103.079,19.20488,8.259473684210526,262332.6000000015,42823.80859375,102.8371
2019-03-01,99.2262060644,98.3370624159,96.7212622754,99.3082317006,149.16911046123985,94.00418176816487,107.25611068059564,3.6142836722,20092749.0,82.30194198042888,103.476,19.24774,8.2595,121513.10000000149,43281.28125,102.8757
2019-04-01,99.6622257349,99.3389293454,98.0086909857,100.1702779917,145.59625276120602,93.84210254117015,109.29363788210425,3.4853682563,20148895.0,50.411853324628694,103.531,18.98635,8.2735,455032.40000000596,44597.3203125,102.274
2019-05-01,99.2457114498,98.4243607652,95.0400591617,100.38911406,153.328195836012,87.43814978154153,108.96151142478993,3.539005974,20196103.0,70.57819582073257,103.233,19.11965,8.286363636363635,545614.700000003,42749.16015625,102.392
2019-06-01,99.7462827884,99.4000479492,95.4981600971,101.292689213,154.3188090193421,91.58602542172389,111.42269443923499,3.5341951617,20217231.0,97.639585119967,103.299,19.27447,8.2685,1155968.3999999985,43161.171875,102.4375
2019-07-01,99.5373238516,98.8060108235,94.3681245613,101.1549622713,155.09864569234796,91.06192399345318,110.22561815829089,3.5250550354,20248677.0,73.01489448284993,103.687,19.0534,8.284347826086956,42188.10000000149,40863.08984375,101.9408
2019-08-01,99.6428023874,98.635231793,94.9439114232,100.8088938439,156.64503548050473,90.8701785813099,112.47302686845293,3.4833137154,20225832.0,117.06529494936532,103.67,19.68504,8.157727272727273,1574536.8999999985,42622.5,102.639
2019-09-01,100.0752867205,98.5538544207,93.8050396177,101.5779211267,153.98226428873656,92.15368579613363,112.77396810337343,3.5182642748,20276321.0,112.92948359112893,103.942,19.58651,8.0705,399846.90000000596,43011.26953125,102.2917
2019-10-01,99.0597010645,96.5156172504,94.0729695278,101.502266817,154.0382399683112,89.35247187751526,112.62979196694411,3.6148925191,20295737.0,97.53976897637953,104.503,19.32418,7.778260869565218,95768.10000000149,43337.28125,101.4281
2019-11-01,99.2629286063,96.9231444671,94.4305431366,101.6811085165,155.04063283464893,91.10726032368575,114.08125414887516,3.5316871036,20312651.0,106.20496053650959,105.346,19.33247,7.76,827836.599999994,42820.1796875,101.9372
2019-12-01,99.0882278115,96.16023779,92.7468044463,101.1319100086,159.05416381679694,90.8979764071397,115.96834274402876,3.1965932331,20330718.0,130.48063912649573,105.934,19.10708,7.4625,949289.3000000045,43541.01953125,101.7003
2020-01-01,99.9208770073,97.3179710875,91.9200225901,101.5368450267,154.7973970391609,91.33303738516173,115.75991318285578,3.6460812716,20326208.0,110.98279000398534,106.447,18.80402,7.261363636363637,1442889.3999999985,44108.30859375,101.0338
2020-02-01,98.9136143493,96.7590259612,89.4961939868,101.4541539938,152.6751374572318,91.09132374688159,115.37608434034772,3.5723355779,20356561.0,89.10796883608548,106.889,18.84432,7.122105263157894,1927984.5,41324.30859375,101.3735
2020-03-01,95.6661572709,93.5627522286,86.8447171803,95.6204991751,152.19090671708386,70.90772854904876,107.8935501206727,3.321478807,20199304.0,143.0392389511395,106.838,22.3784,6.89,1859242.0,34554.53125,97.4078
2020-04-01,77.612495424,69.8628698378,60.7569708517,78.4298273007,112.65850933354373,32.531052146484676,85.78853042708228,4.6741826802,19675140.0,155.528490922257,105.755,24.26584,6.3534999999999995,-4193425.0999999978,36470.109375,84.5619
2020-05-01,76.1644251365,69.7710212007,59.8672790183,77.157844161,120.42390899611128,36.26710422636137,89.09002499577878,4.2801218098,19400055.0,113.72834046867126,106.162,23.42302,5.802,-3629572.5999999978,36122.73046875,85.9604
2020-06-01,85.1938817545,84.8887208244,72.9874859918,83.5069201651,132.17047583699838,53.75903732482507,98.4985266018956,5.4397879663,19323766.0,104.16645784120135,106.743,22.29896,5.486363636363636,4679259.1000000015,37716.4296875,91.5934
2020-07-01,89.5084678823,88.6182809096,74.8803496416,87.189183596,141.53142192130554,61.725288565663426,102.68827196396235,5.0101725365,19343282.0,48.36795710650228,107.444,22.40328,5.01,6451489.900000002,37019.6796875,95.0256
2020-08-01,92.1359500157,91.9834641392,77.5254640101,89.2056822451,150.13544004800454,67.76315666809502,110.2225203554005,4.9018931006,19383092.0,69.90359703354034,107.867,22.20716,4.728571428571429,7197092.199999999,36840.73046875,95.9549
2020-09-01,94.6348197517,94.2697387829,79.7792261154,92.8162168373,153.29364222282103,67.78496298486586,112.09741310687214,4.7917313202,19414014.0,65.69602528868637,108.114,21.68098,4.467619047619047,4810736.800000001,37458.69140625,95.9669
2020-10-01,95.6426662572,95.4931955127,80.584233566,93.6758443251,153.12313427018051,71.07719795094714,114.54099431493385,4.5905988702,19477150.0,69.03883507001231,108.774,21.2705,4.248181818181819,6751234.5,36987.859375,96.7394
2020-11-01,96.3823855895,95.8663349428,85.6029256275,94.9704287034,156.55259738842656,73.30768384125645,115.97864306309529,4.5126056781,19562587.0,73.8865564228552,108.856,20.38192,4.27,2998671.8999999985,41778.87109375,97.0816
2020-12-01,96.0988822948,95.4089773421,82.803233687,95.3126986314,151.1566414937533,71.69136499377059,115.47259474154241,4.1716719329,19656358.0,78.49791540341708,109.271,19.96508,4.293181818181818,3593698.700000003,44066.87890625,98.363
2021-01-01,96.15075696,94.6586419253,83.6698718173,95.7298115936,135.946778988107,72.24550524701779,118.23713886810093,4.5330724525,19671392.0,111.12366872895511,110.21,19.92148,4.3025,2576553.3999999985,42985.73046875,98.8822
2021-02-01,95.5327519833,93.658819303,85.7729182271,96.1624955805,154.4582352457727,74.67652748326017,120.31218263097627,4.4416993821,19701875.0,74.06746545577806,110.907,20.30973,4.1147368421052635,2318598.8999999985,44592.91015625,95.6149
2021-03-01,97.434063884,95.7884445413,87.507791008,98.1002909348,156.37002860291153,79.1570885893995,122.14489245308955,4.4670893048,19757540.0,91.16689421686581,111.824,20.75545,4.016363636363637,-4328025.200000003,47246.26171875,98.3856
2021-04-01,97.2491482597,95.6077726751,87.4678358323,98.1663902311,160.3110651320031,74.5115723235037,123.18679522853839,4.6685698574,19827627.0,69.6693234280538,112.19,20.01529,4.014,667295.3999999985,48009.71875,98.5587
2021-05-01,97.2534146201,95.0949838745,86.929928245,98.4515424492,154.55745024023514,76.65479625406721,123.3714321103024,4.0760409277,19916442.0,78.603222160704,112.419,19.96313,4.036190476190476,-457584.799999997,50885.94921875,99.4333
2021-06-01,97.0903103099,94.9276275765,84.1350743711,98.7347219232,155.63901075490355,73.87515635169952,126.2567784071402,3.9753858487,19992992.0,74.3117365366792,113.018,20.03007,4.043636363636363,-174307.5,50289.75,99.7987
2021-07-01,96.7474468319,95.1300939768,87.0964294975,99.0920121691,155.94686606618376,69.77083055776563,127.0668432244386,4.0842836658,20131465.0,64.23336681057651,113.682,19.97011,4.275454545454545,-2915135.1999999955,50868.3203125,100.2519
2021-08-01,96.0258972809,95.4820416822,88.330199301,98.471617072,155.3875121799664,68.58882651725271,128.79354044754157,3.9991393912,20209057.0,37.98455923990453,113.899,20.07614,4.414090909090909,-2197553.6000000015,53304.73828125,100.0437
2021-09-01,95.7989527016,94.4612128484,87.7779156547,99.1459742152,161.41464633800354,67.88650116267031,131.5606074431112,3.9181080871,20277608.0,54.35100182252835,114.601,20.04869,4.578571428571429,-1622593.0,51385.55078125,98.8579
2021-10-01,96.4730861306,95.4646766986,87.8852503769,99.7732941809,160.45552782202796,65.78012759573623,132.52599912642782,3.8543565797,20337057.0,69.47987906202171,115.561,20.46256,4.803809523809524,-2205604.299999997,51309.83984375,100.1861
2021-11-01,97.0996101785,95.9709796544,88.627417778,100.1215694094,163.83620529965947,64.98137357341008,133.69921652506068,3.8035955409,20421017.0,86.74360226610264,116.884,20.90042,4.914,17370.19999999553,49698.71875,100.8654
2021-12-01,97.6278605311,97.1807140955,88.7129154581,101.0150190117,163.40357865648906,66.42931658169209,135.92237113732315,3.8120614961,20495636.0,49.097593029597434,117.308,20.89184,5.200434782608696,-1985681.3999999985,53272.44140625,100.5726
2022-01-01,98.2632454576,98.4089442009,91.4285828058,101.3376475607,156.1163778377176,71.14231557833573,134.35903000047617,3.5759067355,20572433.0,85.1344894622657,118.002,20.49777,5.50047619047619,-3241908.200000003,51330.8515625,100.1856
2022-02-01,98.4573874881,98.366170419,91.2793766161,102.1569035068,163.76838450355515,70.85971517107082,137.0507261239681,3.8173126993,20659060.0,81.5931650434235,118.981,20.44952,5.798421052631579,987565.5,53400.609375,100.8064
2022-03-01,99.1265740506,99.2976135147,94.4494398622,102.8803429032,165.554380748785,72.70643186204725,138.01739065851933,3.481715349,20701382.0,85.25172120790413,120.159,20.55621,6.095909090909092,-2097807.5,56536.6796875,101.3907
2022-04-01,99.78036672,99.8830586077,94.5239606638,102.8527119172,164.96640117312532,76.59664467364586,140.49031944378729,3.0643880238,20757449.0,102.83195580845388,120.809,20.10881,6.532105263157895,-2699574.5,51417.96875,101.44
2022-05-01,99.8065668858,99.6863105419,93.5899192677,103.3869613487,164.75254180932993,80.0312816954808,142.40063831587588,3.3185506109,20808696.0,42.381061473844724,121.022,20.03053,6.805909090909091,-3314227.200000003,51752.53125,101.3335
2022-06-01,99.4766512171,99.1471657153,93.0001642469,103.2600662637,160.73275474495475,75.68612316320001,140.1441232697883,3.3058449798,20876723.0,40.428121683252854,122.044,20.02374,7.136363636363637,-4476381.3999999985,47524.44921875,101.018
2022-07-01,100.0286731607,99.82114184,92.0285466019,102.9107532099,162.8890280905727,71.58191541240157,142.1434598751535,3.1920116372,20941752.0,66.26282401474752,122.948,20.54672,7.7542857142857144,-5475115.1999999955,48144.328125,101.223
2022-08-01,100.5216601242,100.254132894,94.1856096293,103.1764663372,166.37474832568958,78.47271025841913,144.35705405297418,3.2368403646,21014949.0,84.41846752239063,123.803,20.12093,8.221304347826088,-3175508.700000003,44919.21875,101.0963
2022-09-01,100.6948593174,99.8356468526,93.6346345847,104.0086241051,164.85233441447497,76.4260716354794,144.2235643592603,3.1141926795,21088717.0,104.56990074652369,124.571,20.07502,8.548095238095238,-51808.0,44626.80078125,101.2918
2022-10-01,101.0940218114,99.8637442577,94.4638523198,104.6522855668,165.3919380696178,81.33759957978968,145.78625763857383,3.2317785483,21158150.0,75.8086543482457,125.276,19.98454,9.242380952380952,-2231675.3000000045,49922.30078125,101.2529
2022-11-01,101.659392438,100.9605900675,96.4578540405,104.1454676995,164.76280066139938,74.3098797700581,146.67671288378222,2.936386527,21199283.0,59.0616464679871,125.997,19.44491,9.746500000000001,-949059.1999999955,51684.859375,100.9552
2022-12-01,102.5356260233,102.3825894453,99.9769770211,105.5539284727,166.9926546669019,84.79434366864832,147.97273009319457,2.9676553487,21262024.0,60.04516103851396,126.478,19.59296,10.297142857142855,-1850717.3999999985,48463.859375,99.7664
2023-01-01,102.5980201446,101.9297140097,100.541975513,106.0166183452,166.97407558082236,84.83544960057164,150.87362300221974,2.9108572714,21319910.0,120.56540675824179,127.336,18.98634,10.507727272727273,382211.69999999553,54564.26953125,100.505
2023-02-01,101.9319837382,101.6105217885,102.2213580197,105.1739274396,166.23545365993598,90.68642893521654,150.4753924759021,2.8367416969,21398061.0,49.85073148309039,128.046,18.59857,10.84578947368421,-2611622.1999999955,52758.05859375,100.6416
2023-03-01,101.7197669546,101.629352578,102.6189484371,104.931155082,166.0175847644221,90.54398571104122,152.1961134125966,2.8252555909,21487525.0,69.08277685462592,128.389,18.3749,11.025,-1043678.5,53904.0,101.0205
2023-04-01,102.7338840737,102.1224429738,102.7906680173,106.1826940756,166.8425077867323,92.36970533398222,153.90214548794518,2.872006841,21567039.0,52.7423723825824,128.363,18.08549,11.271666666666667,-3184129.8999999985,55121.21875,101.253
2023-05-01,102.9112324015,102.6114966942,105.9997641099,107.0679560998,163.33571248078678,91.89110806900327,153.20698168330605,2.930875276,21644097.0,41.288807962282675,128.084,17.7373,11.288636363636364,-1359907.700000003,52736.26171875,100.9286
2023-06-01,103.3528525903,103.0327993787,108.3236318916,107.8081445448,172.86098893690183,95.30501815614106,160.14297070358506,2.6026498274,21691812.0,71.96146771940178,128.214,17.2412,11.246363636363636,-427702.59999999404,53526.1015625,100.1196
2023-07-01,103.3749842622,102.9929044187,106.3147546546,107.9152986781,169.77054697225535,97.35386001897957,158.5921209442545,2.9100658074,21724512.0,39.49342385433891,128.832,16.90494,11.245238095238095,-239578.80000000447,54819.05078125,100.9067
2023-08-01,103.7195414556,103.1409697098,108.1877487525,108.5602552069,168.38428748327684,95.5615507833528,159.30349692164347,2.687857894,21773792.0,29.665068788062342,129.545,16.97664,11.244347826086956,-40268.29999999702,53020.98046875,100.8393
2023-09-01,104.5900175082,103.8062493227,111.2006955066,109.3404073105,168.664899413966,103.1723263780607,161.35683682908734,2.6727524962,21814900.0,36.4840239588446,130.12,17.30769,11.24952380952381,-1506489.6999999955,50874.98046875,101.0211
2023-10-01,104.6198851801,104.8098945018,113.1020118469,109.6239821872,170.88775359785268,99.65744862480618,163.9919847408751,2.7097976886,21859677.0,52.53112253968204,130.609,18.08233,11.252272727272727,-1141679.400000006,49061.87890625,100.4689
2023-11-01,103.8509401665,103.0971962525,110.1985886211,110.0468545255,171.00209732597787,98.4597522043663,165.00556322197355,2.7817346846,21898355.0,65.82919408104685,131.445,17.3767,11.253499999999999,-1435192.5,54060.01171875,100.8639
2023-12-01,104.2898592955,103.0304719198,111.6784921116,110.3692150517,170.46024685966123,100.51363190218865,167.09091937050238,2.8051639984,21948742.0,33.99725605617066,132.373,17.18599,11.277894736842105,306230.1000000015,57386.25,100.6031
2024-01-01,104.3230061878,103.6274925154,112.5102800147,110.7148612931,172.5749046621284,99.2568355455447,167.5448869759011,2.781667234,21992335.0,98.83051949559251,133.555,17.08732,11.25590909090909,-495501.700000003,57372.76171875,99.2223
2024-02-01,104.6728299396,102.0232763825,112.3998970341,111.5721658648,173.60758506820957,98.95423666689851,171.11589692479808,2.5926616986,22024538.0,45.32379624754543,133.681,17.08978,11.247499999999999,-2024218.1000000015,55414.0,100.285
2024-03-01,104.94320153460001,102.6509133292,111.7543923039,111.6967565616,168.13038451550574,105.68068180775924,170.90804960307378,2.6916461103,22083380.0,51.908516431323385,134.065,16.79179,11.205,-2698675.200000003,57369.01171875,100.4575
2024-04-01,103.5864230564,101.6644914448,112.2308530201,110.7931846053,173.96447886558607,100.67103219736057,171.68057011974008,2.6764913301,22121177.0,57.106503559375874,134.336,16.81044,11.011363636363637,-3550919.700000003,56727.98046875,100.2434
2024-05-01,104.4319579798,101.8538552919,111.9004026467,110.9251502243,171.84232253503964,102.88079127274902,174.54336430499745,2.6026967876,22135766.0,34.41989325431366,134.087,16.79356,11.012727272727274,-486769.200000003,55179.23828125,100.863
2024-06-01,104.5894114656,102.1153649002,110.8358725938,110.6005818258,170.06627668289346,106.11587051966936,173.2543248133212,2.7064848025,22157710.0,106.91830550436843,134.594,18.21737,11.0045,-3279328.8999999985,52440.01953125,100.894
2024-07-01,105.6396875743,102.7168721376,113.469361331,111.5016611155,172.63580399082826,107.12705379091636,178.47491711148805,2.7210124856,22191722.0,41.263237387435616,136.003,18.11169,11.010434782608696,-232175.80000000447,53136.83984375,99.9757
2024-08-01,104.7616685758,102.2381835408,112.4294840666,111.1724502055,170.4869752739501,107.84515094919406,180.80241873813247,2.7535249735,22194424.0,91.31693006787354,136.013,19.15148,10.835909090909091,-3339589.6000000015,52913.5,100.4309
2024-09-01,105.0199275173,102.8669482902,110.9568909127,110.4474435164,172.7264278876954,107.05085196781536,182.94774223409456,2.6987807924,22191049.0,130.77949541978867,136.08,19.63163,10.7325,-374583.1000000015,52477.30078125,99.8084
2024-10-01,104.0142900474,101.1286183306,109.2742247498,109.3097018803,172.63398389787645,103.1869638482809,183.05226120963738,2.4883046977,22177577.0,144.74993804240052,136.828,19.70618,10.514090909090909,554468.099999994,50661.05078125,99.4695
2024-11-01,104.5047662287,101.3149038296,109.7640740047,110.2202372031,173.1922215132778,111.27096326283312,185.1652707895306,2.6860632563,22156223.0,154.4253269895332,137.424,20.34549,10.4215,-1030865.8000000045,49812.640625,99.2925
2024-12-01,103.5336239482,100.0972769627,106.0682961135,108.3983704536,172.81460576986464,105.49170560256466,186.94476377590124,2.643887069,22168069.0,151.90220251812184,137.949,20.26606,10.251000000000001,-1069662.299999997,49513.26953125,100.3273
2025-01-01,104.2945034375,100.3271778563,105.1871517502,109.4950865062,173.68097650042264,103.57056358671608,190.07901563226685,2.6426942004,22178416.0,225.07234331374514,138.343,20.54902,9.998636363636363,-249856.29999999702,51209.53125,100.0647
2025-02-01,105.2834769376,102.1030295338,105.9880970954,110.7731599074,174.28619897521094,106.39197262306108,192.6008171493621,2.6577306428,22186311.0,342.6725656289119,138.726,20.45714,9.576315789473684,1243639.1000000015,52325.73046875,101.0993
2025-03-01,104.9759992981,101.7186703655,106.1758814482,110.2292283949,174.93687967977453,102.59259695746874,195.3979696911496,2.6004454868,22189148.0,426.98671229230837,139.161,20.24174,9.443000000000001,-127557.39999999851,52484.4296875,101.0404
2025-04-01,104.679834425,100.6912368995,102.3324286055,111.3855147997,169.69820218195176,102.49136741699587,198.1719527186741,2.6221675371,22183310.0,420.647907098,139.62,20.05635,9.0125,-839700.0,56259.28125,101.1279
2025-05-01,104.8777490968,101.6585805914,104.7819454694,111.0657311231,181.5572966573375,103.60971614839902,200.56951385549615,2.7048752546,22183012.0,240.19003745211413,140.012,19.4355,8.752857142857144,-40819.79999999702,57841.69140625,100.9655
2025-06-01,105.0525166923,101.2818051823,102.6993778742,111.4079756173,177.28449902328128,103.5790627781777,203.0707576394573,2.6042519254,22163806.0,176.67270793563986,140.405,19.02998,8.450952380952382,1254.0,57450.87890625,101.4785
2025-07-01,104.4744154323,100.1185497065,104.7876447108,111.7389578832,175.0315322421316,105.82402566011307,203.5350848369045,2.5810307491,22301283.0,77.02714233450774,140.78,18.69093,7.985217391304348,525486.3999999985,57397.9296875,101.894
2025-08-01,104.9705865002,100.0104635612,101.896943359,112.7062306771,177.6412067893266,107.33023044742964,205.98338663661139,2.6551982826,22299402.0,103.68802986351855,140.867,18.70633,7.815714285714286,86102.39999999851,58708.859375,101.6247
2025-09-01,104.5118062496,99.8751175936,101.9853668518,112.759142986,174.58837487110827,106.41174229312031,207.5871795935464,2.739643026,22315514.0,174.80246817290123,141.197,18.49901,7.758571428571429,-904585.299999997,62915.5703125,101.668
2025-10-01,105.5346248861,100.6907862646,102.9932620053,113.6321688585,174.99522697022408,110.92959080665103,210.69951252071348,2.618162559,22373849.0,112.78272809573463,141.708,18.42958,7.53695652173913,1534927.0,62769.1796875,101.2195
2025-11-01,105.4436275151,101.304239214,103.571704492,112.9691914158,174.85553055584992,112.73715038239061,214.74108207934094,2.7016718813,22404760.0,196.88749162442323,142.645,18.41848,7.344210526315789,-341704.19999999553,63596.78125,101.0344
2025-12-01,105.8587292674,101.429791885,104.0200602911,114.2241376948,175.55509735017802,108.1571101637675,217.0915889048912,2.6279892685,22474635.0,223.1433443040475,143.042,18.0739,7.206190476190477,-977202.3000000045,64308.2890625,101.4941
2026-01-01,104.7896722553,100.4751407547,103.0605429506,112.4885451069,173.9365225363824,112.94128926519433,210.11245920163978,2.6498584727,22414395.0,289.6553657310149,143.588,17.6449,7.033809523809524,-1492526.5,67598.953125,101.0388
2026-02-01,105.083788772,100.9851548617,102.7026960723,112.3112632121,173.44215359501183,106.5441221942896,210.53129290727492,2.7249670929,22480792.0,153.20386912990392,144.307,17.22277,7.027368421052632,-739137.3999999985,71405.7734375,101.9053
2026-03-01,105.5937629351,100.43403796,103.355682379,113.6356869267,173.79812475041052,108.99928113330786,213.5479566602041,2.8032670324,22484381.0,182.42268038362317,145.544,17.76921,6.972857142857143,2336693.5,68610.71875,101.7336
2026-04-01,107.3299514715,102.5471029079,107.7697250793,113.8536466759,176.3218713149036,109.04635810732512,215.44411156147478,2.5489029585,22529091.0,102.11534826555078,145.831,17.41873,6.759,2771445.6999999955,67858.09375,102.5783
2026-05-01,106.8538775695,101.8471113921,107.2878818744,113.9645575576,175.98201439588283,110.32946520641829,218.63377343164618,2.7267550459,22564970.0,102.11143427191614,145.527,17.30336,6.555,591805.599999994,68587.7421875,102.6396
2026-06-01,106.7913751502,102.0773318562,108.7359934718,,175.2741287833014,109.07641049196735,221.11197971071408,2.8039743121,22643142.0,127.27514961030013,145.131,17.38191,6.477727272727273,3752496.799999997,66966.6796875,102.842
2026-07-01,,102.5367509347,,,175.77382347364053,109.40205606828658,223.90955220299534,,22646608.0,211.60854618131796,145.169,17.46074,6.4995652173913046,465256.59999999404,66936.9921875,103.0454
2026-08-01,,,,,,,,,,82.13124751075246,,,6.5042857142857144,,65430.3203125,103.0682
2026-09-01,,,,,,,,,,,,,6.495384615384615,,63375.9296875,
