fecha,IGAE_mom,ActividadIndustrial_mom,FBCF_mom,IMCP_mom,ANTAD_mom,AUTOS_mom,TARJETAS_mom,Desempleo_mom,IMSS_mom,EPU_mom,INPC_mom,TC_mom,TIIE_mom,Balanza_mom,BMV_mom,INDPRO_mom
1919-01-01,,,,,,,,,,,,,,,,
1919-02-01,,,,,,,,,,,,,,,,-0.04520093005506065
1919-03-01,,,,,,,,,,,,,,,,-0.029341159296598862
1919-04-01,,,,,,,,,,,,,,,,0.017703455216389052
1919-05-01,,,,,,,,,,,,,,,,0.005824985883812417
1919-06-01,,,,,,,,,,,,,,,,0.061991558042839845
1919-07-01,,,,,,,,,,,,,,,,0.058371901616524724
1919-08-01,,,,,,,,,,,,,,,,0.015348970671473117
1919-09-01,,,,,,,,,,,,,,,,-0.02051168401647807
1919-10-01,,,,,,,,,,,,,,,,-0.010406082180964837
1919-11-01,,,,,,,,,,,,,,,,-0.015834774694196918
1919-12-01,,,,,,,,,,,,,,,,0.015834774694196918
1920-01-01,,,,,,,,,,,,,,,,0.0900609169475941
1920-02-01,,,,,,,,,,,,,,,,0.0
1920-03-01,,,,,,,,,,,,,,,,-0.019340394725992693
1920-04-01,,,,,,,,,,,,,,,,-0.05515172669563162
1920-05-01,,,,,,,,,,,,,,,,0.025458497564448512
1920-06-01,,,,,,,,,,,,,,,,0.00998987047159372
1920-07-01,,,,,,,,,,,,,,,,-0.02518327318552438
1920-08-01,,,,,,,,,,,,,,,,0.005083875820955264
1920-09-01,,,,,,,,,,,,,,,,-0.03618124404886092
1920-10-01,,,,,,,,,,,,,,,,-0.04301351889754823
1920-11-01,,,,,,,,,,,,,,,,-0.08601018660197024
1920-12-01,,,,,,,,,,,,,,,,-0.0617538143413483
1921-01-01,,,,,,,,,,,,,,,,-0.05902186443579005
1921-02-01,,,,,,,,,,,,,,,,-0.020482857596672455
1921-03-01,,,,,,,,,,,,,,,,-0.027971127421230646
1921-04-01,,,,,,,,,,,,,,,,0.0
1921-05-01,,,,,,,,,,,,,,,,0.027971127421230646
1921-06-01,,,,,,,,,,,,,,,,-0.00691332857156346
1921-07-01,,,,,,,,,,,,,,,,-0.0069874252359312106
1921-08-01,,,,,,,,,,,,,,,,0.034383611404167125
1921-09-01,,,,,,,,,,,,,,,,0.006727127588585624
1921-10-01,,,,,,,,,,,,,,,,0.05863752700162417
1921-11-01,,,,,,,,,,,,,,,,-0.01272606823883149
1921-12-01,,,,,,,,,,,,,,,,-0.006424286230050313
1922-01-01,,,,,,,,,,,,,,,,0.03796392015166439
1922-02-01,,,,,,,,,,,,,,,,0.04256153662148621
1922-03-01,,,,,,,,,,,,,,,,0.05219699309538295
1922-04-01,,,,,,,,,,,,,,,,-0.034493537878993896
1922-05-01,,,,,,,,,,,,,,,,0.05130415303510616
1922-06-01,,,,,,,,,,,,,,,,0.048780339683866414
1922-07-01,,,,,,,,,,,,,,,,0.0
1922-08-01,,,,,,,,,,,,,,,,-0.02138917197100021
1922-09-01,,,,,,,,,,,,,,,,0.052648365906657224
1922-10-01,,,,,,,,,,,,,,,,0.05487577819059175
1922-11-01,,,,,,,,,,,,,,,,0.04275339059890193
1922-12-01,,,,,,,,,,,,,,,,0.027530613390458925
1923-01-01,,,,,,,,,,,,,,,,-0.022894951918603024
1923-02-01,,,,,,,,,,,,,,,,0.013796383905613663
1923-03-01,,,,,,,,,,,,,,,,0.03146462005122874
1923-04-01,,,,,,,,,,,,,,,,0.021892812398285777
1923-05-01,,,,,,,,,,,,,,,,0.012890213860678346
1923-06-01,,,,,,,,,,,,,,,,-0.0085749875935901
1923-07-01,,,,,,,,,,,,,,,,-0.00866530079455341
1923-08-01,,,,,,,,,,,,,,,,-0.017542737870820613
1923-09-01,,,,,,,,,,,,,,,,-0.02236605203823938
1923-10-01,,,,,,,,,,,,,,,,-0.004530495913478427
1923-11-01,,,,,,,,,,,,,,,,0.0
1923-12-01,,,,,,,,,,,,,,,,-0.023000117476980497
1924-01-01,,,,,,,,,,,,,,,,0.022983237133296308
1924-02-01,,,,,,,,,,,,,,,,0.01803357725173993
1924-03-01,,,,,,,,,,,,,,,,-0.01801669690805574
1924-04-01,,,,,,,,,,,,,,,,-0.03233641089048955
1924-05-01,,,,,,,,,,,,,,,,-0.04318140218475719
1924-06-01,,,,,,,,,,,,,,,,-0.045111473191227436
1924-07-01,,,,,,,,,,,,,,,,-0.015507459789717792
1924-08-01,,,,,,,,,,,,,,,,0.0358107162427137
1924-09-01,,,,,,,,,,,,,,,,0.03457252173759584
1924-10-01,,,,,,,,,,,,,,,,0.02397521505430822
1924-11-01,,,,,,,,,,,,,,,,0.01877817554459371
1924-12-01,,,,,,,,,,,,,,,,0.027530613390458925
1925-01-01,,,,,,,,,,,,,,,,0.03118403295571537
1925-02-01,,,,,,,,,,,,,,,,0.0
1925-03-01,,,,,,,,,,,,,,,,0.0
1925-04-01,,,,,,,,,,,,,,,,0.008724756953344626
1925-05-01,,,,,,,,,,,,,,,,-0.004352863333864754
1925-06-01,,,,,,,,,,,,,,,,-0.008779344436919745
1925-07-01,,,,,,,,,,,,,,,,0.026094193635501695
1925-08-01,,,,,,,,,,,,,,,,-0.01731484919858195
1925-09-01,,,,,,,,,,,,,,,,-0.013189874536955859
1925-10-01,,,,,,,,,,,,,,,,0.03905890576439841
1925-11-01,,,,,,,,,,,,,,,,0.02104748313728977
1925-12-01,,,,,,,,,,,,,,,,0.012425194452724941
1926-01-01,,,,,,,,,,,,,,,,-0.01659629281462438
1926-02-01,,,,,,,,,,,,,,,,0.0
1926-03-01,,,,,,,,,,,,,,,,0.012476806747894198
1926-04-01,,,,,,,,,,,,,,,,0.0
1926-05-01,,,,,,,,,,,,,,,,-0.008305708385994759
1926-06-01,,,,,,,,,,,,,,,,0.012425194452724941
1926-07-01,,,,,,,,,,,,,,,,0.004102585499126343
1926-08-01,,,,,,,,,,,,,,,,0.0122227609677934
1926-09-01,,,,,,,,,,,,,,,,0.01606310498207031
1926-10-01,,,,,,,,,,,,,,,,0.0
1926-11-01,,,,,,,,,,,,,,,,-0.003987937712745193
1926-12-01,,,,,,,,,,,,,,,,-0.004003905057970547
1927-01-01,,,,,,,,,,,,,,,,-0.004034975212179104
1927-02-01,,,,,,,,,,,,,,,,0.008038880270149651
1927-03-01,,,,,,,,,,,,,,,,0.011931095564983618
1927-04-01,,,,,,,,,,,,,,,,-0.024006262834308734
1927-05-01,,,,,,,,,,,,,,,,0.008071262211354568
1927-06-01,,,,,,,,,,,,,,,,-0.004034975212179104
1927-07-01,,,,,,,,,,,,,,,,-0.012173224929602489
1927-08-01,,,,,,,,,,,,,,,,0.0
1927-09-01,,,,,,,,,,,,,,,,-0.0164598304461836
1927-10-01,,,,,,,,,,,,,,,,-0.02095931726929323
1927-11-01,,,,,,,,,,,,,,,,0.0
1927-12-01,,,,,,,,,,,,,,,,0.004224020350104052
1928-01-01,,,,,,,,,,,,,,,,0.020887232762149877
1928-02-01,,,,,,,,,,,,,,,,0.008222071565856526
1928-03-01,,,,,,,,,,,,,,,,0.008170116309373254
1928-04-01,,,,,,,,,,,,,,,,-0.004084293272006878
1928-05-01,,,,,,,,,,,,,,,,0.012173224929602489
1928-06-01,,,,,,,,,,,,,,,,0.008038880270149651
1928-07-01,,,,,,,,,,,,,,,,0.011931095564983618
1928-08-01,,,,,,,,,,,,,,,,0.019564577529989302
1928-09-01,,,,,,,,,,,,,,,,0.007728468047958126
1928-10-01,,,,,,,,,,,,,,,,0.019042805044574118
1928-11-01,,,,,,,,,,,,,,,,0.018686942685468333
1928-12-01,,,,,,,,,,,,,,,,0.018357641352919174
1929-01-01,,,,,,,,,,,,,,,,0.014439280490762041
1929-02-01,,,,,,,,,,,,,,,,-0.0036003399204593833
1929-03-01,,,,,,,,,,,,,,,,0.0036003399204593833
1929-04-01,,,,,,,,,,,,,,,,0.01775748828047785
1929-05-01,,,,,,,,,,,,,,,,0.017460503858106602
1929-06-01,,,,,,,,,,,,,,,,0.006889513740944597
1929-07-01,,,,,,,,,,,,,,,,0.013650834620076324
1929-08-01,,,,,,,,,,,,,,,,-0.010223795906366018
1929-09-01,,,,,,,,,,,,,,,,-0.006865862420968316
1929-10-01,,,,,,,,,,,,,,,,-0.017399830578451958
1929-11-01,,,,,,,,,,,,,,,,-0.05035896377290072
1929-12-01,,,,,,,,,,,,,,,,-0.04530049454027152
1930-01-01,,,,,,,,,,,,,,,,0.0
1930-02-01,,,,,,,,,,,,,,,,-0.0038645309023286334
1930-03-01,,,,,,,,,,,,,,,,-0.015623844494284445
1930-04-01,,,,,,,,,,,,,,,,-0.007911793672392475
1930-05-01,,,,,,,,,,,,,,,,-0.01599891519844565
1930-06-01,,,,,,,,,,,,,,,,-0.028633055375786087
1930-07-01,,,,,,,,,,,,,,,,-0.04671742357390163
1930-08-01,,,,,,,,,,,,,,,,-0.02197280695571502
1930-09-01,,,,,,,,,,,,,,,,-0.017935982953344975
1930-10-01,,,,,,,,,,,,,,,,-0.027530613390458925
1930-11-01,,,,,,,,,,,,,,,,-0.023523917261515592
1930-12-01,,,,,,,,,,,,,,,,-0.02410876594379907
1931-01-01,,,,,,,,,,,,,,,,-0.004885012392951582
1931-02-01,,,,,,,,,,,,,,,,0.004885012392951582
1931-03-01,,,,,,,,,,,,,,,,0.019340394725992693
1931-04-01,,,,,,,,,,,,,,,,0.0047683712178063775
1931-05-01,,,,,,,,,,,,,,,,-0.014391812950983907
1931-06-01,,,,,,,,,,,,,,,,-0.024444168392395715
1931-07-01,,,,,,,,,,,,,,,,-0.014966013731602557
1931-08-01,,,,,,,,,,,,,,,,-0.0358107162427137
1931-09-01,,,,,,,,,,,,,,,,-0.048019682938259534
1931-10-01,,,,,,,,,,,,,,,,-0.039004002663442394
1931-11-01,,,,,,,,,,,,,,,,-0.011417054176795505
1931-12-01,,,,,,,,,,,,,,,,-0.005757783006204553
1932-01-01,,,,,,,,,,,,,,,,-0.029341159296598862
1932-02-01,,,,,,,,,,,,,,,,-0.024095394965805816
1932-03-01,,,,,,,,,,,,,,,,-0.012257512440525309
1932-04-01,,,,,,,,,,,,,,,,-0.07031513210592033
1932-05-01,,,,,,,,,,,,,,,,-0.033688712557931044
1932-06-01,,,,,,,,,,,,,,,,-0.034836989842199184
1932-07-01,,,,,,,,,,,,,,,,-0.02877608083498795
1932-08-01,,,,,,,,,,,,,,,,0.02877608083498795
1932-09-01,,,,,,,,,,,,,,,,0.06186328817903952
1932-10-01,,,,,,,,,,,,,,,,0.03280499696019157
1932-11-01,,,,,,,,,,,,,,,,0.0
1932-12-01,,,,,,,,,,,,,,,,-0.019548694328327176
1933-01-01,,,,,,,,,,,,,,,,-0.01993847820441519
1933-02-01,,,,,,,,,,,,,,,,0.006682175572550797
1933-03-01,,,,,,,,,,,,,,,,-0.06186328817903952
1933-04-01,,,,,,,,,,,,,,,,0.06852570240013023
1933-05-01,,,,,,,,,,,,,,,,0.15318403599185038
1933-06-01,,,,,,,,,,,,,,,,0.142733625650463
1933-07-01,,,,,,,,,,,,,,,,0.08946736497734942
1933-08-01,,,,,,,,,,,,,,,,-0.041376969860408064
1933-09-01,,,,,,,,,,,,,,,,-0.057999748451394995
1933-10-01,,,,,,,,,,,,,,,,-0.051017163562012025
1933-11-01,,,,,,,,,,,,,,,,-0.059315496982101035
1933-12-01,,,,,,,,,,,,,,,,0.005534481100164301
1934-01-01,,,,,,,,,,,,,,,,0.032598528944374205
1934-02-01,,,,,,,,,,,,,,,,0.04701637731405017
1934-03-01,,,,,,,,,,,,,,,,0.04488663184511377
1934-04-01,,,,,,,,,,,,,,,,0.0
1934-05-01,,,,,,,,,,,,,,,,0.01932262595106038
1934-06-01,,,,,,,,,,,,,,,,-0.01932262595106038
1934-07-01,,,,,,,,,,,,,,,,-0.07072052222160141
1934-08-01,,,,,,,,,,,,,,,,-0.010535157298234621
1934-09-01,,,,,,,,,,,,,,,,-0.05996291282760691
1934-10-01,,,,,,,,,,,,,,,,0.04395908535018345
1934-11-01,,,,,,,,,,,,,,,,0.010704210081461163
1934-12-01,,,,,,,,,,,,,,,,0.0618694776575448
1935-01-01,,,,,,,,,,,,,,,,0.07695416393542409
1935-02-01,,,,,,,,,,,,,,,,0.018364456005124596
1935-03-01,,,,,,,,,,,,,,,,-0.004568072099510934
1935-04-01,,,,,,,,,,,,,,,,-0.018432045377469564
1935-05-01,,,,,,,,,,,,,,,,0.0
1935-06-01,,,,,,,,,,,,,,,,0.013860045537582355
1935-07-01,,,,,,,,,,,,,,,,0.0
1935-08-01,,,,,,,,,,,,,,,,0.03603661989111595
1935-09-01,,,,,,,,,,,,,,,,0.026208038665374023
1935-10-01,,,,,,,,,,,,,,,,0.029727251874414717
1935-11-01,,,,,,,,,,,,,,,,0.020698878313750724
1935-12-01,,,,,,,,,,,,,,,,0.0122227609677934
1936-01-01,,,,,,,,,,,,,,,,-0.016325346466919743
1936-02-01,,,,,,,,,,,,,,,,-0.02500671882888006
1936-03-01,,,,,,,,,,,,,,,,0.012581524376155118
1936-04-01,,,,,,,,,,,,,,,,0.06062280138555698
1936-05-01,,,,,,,,,,,,,,,,0.019427047946343867
1936-06-01,,,,,,,,,,,,,,,,0.019042805044574118
1936-07-01,,,,,,,,,,,,,,,,0.018686942685468333
1936-08-01,,,,,,,,,,,,,,,,0.014704842226666237
1936-09-01,,,,,,,,,,,,,,,,0.018092079617014978
1936-10-01,,,,,,,,,,,,,,,,0.01423375183550002
1936-11-01,,,,,,,,,,,,,,,,0.02787375404402903
1936-12-01,,,,,,,,,,,,,,,,0.030465715969252294
1937-01-01,,,,,,,,,,,,,,,,-0.0033478852815633786
1937-02-01,,,,,,,,,,,,,,,,0.013288043371178393
1937-03-01,,,,,,,,,,,,,,,,0.022840480389008988
1937-04-01,,,,,,,,,,,,,,,,0.0
1937-05-01,,,,,,,,,,,,,,,,0.003229281600715339
1937-06-01,,,,,,,,,,,,,,,,-0.012955977683625886
1937-07-01,,,,,,,,,,,,,,,,0.0064989708647815725
1937-08-01,,,,,,,,,,,,,,,,-0.0064989708647815725
1937-09-01,,,,,,,,,,,,,,,,-0.03310640391122588
1937-10-01,,,,,,,,,,,,,,,,-0.07696004082403096
1937-11-01,,,,,,,,,,,,,,,,-0.10335041049604232
1937-12-01,,,,,,,,,,,,,,,,-0.09289321682050833
1938-01-01,,,,,,,,,,,,,,,,-0.02236605203823938
1938-02-01,,,,,,,,,,,,,,,,-0.009098568012989361
1938-03-01,,,,,,,,,,,,,,,,0.0
1938-04-01,,,,,,,,,,,,,,,,-0.018432045377469564
1938-05-01,,,,,,,,,,,,,,,,-0.023523917261515592
1938-06-01,,,,,,,,,,,,,,,,0.009469067706779022
1938-07-01,,,,,,,,,,,,,,,,0.05507166393977281
1938-08-01,,,,,,,,,,,,,,,,0.05218069521909108
1938-09-01,,,,,,,,,,,,,,,,0.02923073917898411
1938-10-01,,,,,,,,,,,,,,,,0.024396608678274312
1938-11-01,,,,,,,,,,,,,,,,0.0393641090552721
1938-12-01,,,,,,,,,,,,,,,,0.011518959515863347
1939-01-01,,,,,,,,,,,,,,,,0.0
1939-02-01,,,,,,,,,,,,,,,,0.007610934867587682
1939-03-01,,,,,,,,,,,,,,,,0.0037768478067525812
1939-04-01,,,,,,,,,,,,,,,,-0.0037768478067525812
1939-05-01,,,,,,,,,,,,,,,,-0.0038052868873439394
1939-06-01,,,,,,,,,,,,,,,,0.022562281714548327
1939-07-01,,,,,,,,,,,,,,,,0.02930343526071577
1939-08-01,,,,,,,,,,,,,,,,0.01433587494746158
1939-09-01,,,,,,,,,,,,,,,,0.05874307465804929
1939-10-01,,,,,,,,,,,,,,,,0.049108191076239205
1939-11-01,,,,,,,,,,,,,,,,0.025235640945773685
1939-12-01,,,,,,,,,,,,,,,,0.0
1940-01-01,,,,,,,,,,,,,,,,-0.01253821788835685
1940-02-01,,,,,,,,,,,,,,,,-0.03205711724669014
1940-03-01,,,,,,,,,,,,,,,,-0.023053942395713456
1940-04-01,,,,,,,,,,,,,,,,0.019794617425105798
1940-05-01,,,,,,,,,,,,,,,,0.028993778336750875
1940-06-01,,,,,,,,,,,,,,,,0.031243837451983225
1940-07-01,,,,,,,,,,,,,,,,0.012242779515677427
1940-08-01,,,,,,,,,,,,,,,,0.006054418062014566
1940-09-01,,,,,,,,,,,,,,,,0.02092834995523596
1940-10-01,,,,,,,,,,,,,,,,0.014680483527740318
1940-11-01,,,,,,,,,,,,,,,,0.023064320711719155
1940-12-01,,,,,,,,,,,,,,,,0.033613375520105127
1941-01-01,,,,,,,,,,,,,,,,0.02448623476624645
1941-02-01,,,,,,,,,,,,,,,,0.029140978515389993
1941-03-01,,,,,,,,,,,,,,,,0.030857452651943174
1941-04-01,,,,,,,,,,,,,,,,0.0025258585146028523
1941-05-01,,,,,,,,,,,,,,,,0.04445217030813842
1941-06-01,,,,,,,,,,,,,,,,0.007221796787057144
1941-07-01,,,,,,,,,,,,,,,,0.011915757880848865
1941-08-01,,,,,,,,,,,,,,,,0.01178414004039574
1941-09-01,,,,,,,,,,,,,,,,0.0
1941-10-01,,,,,,,,,,,,,,,,0.009323168825966732
1941-11-01,,,,,,,,,,,,,,,,0.004624901862610997
1941-12-01,,,,,,,,,,,,,,,,0.01603764215637682
1942-01-01,,,,,,,,,,,,,,,,0.020252503091556573
1942-02-01,,,,,,,,,,,,,,,,0.017658801903425836
1942-03-01,,,,,,,,,,,,,,,,0.01087845726142378
1942-04-01,,,,,,,,,,,,,,,,-0.028537259164849615
1942-05-01,,,,,,,,,,,,,,,,0.0022224159114907494
1942-06-01,,,,,,,,,,,,,,,,0.0022174877294531825
1942-07-01,,,,,,,,,,,,,,,,0.024097355523905684
1942-08-01,,,,,,,,,,,,,,,,0.029854145246354324
1942-09-01,,,,,,,,,,,,,,,,0.022846060588654016
1942-10-01,,,,,,,,,,,,,,,,0.03232307560094538
1942-11-01,,,,,,,,,,,,,,,,0.023581834188139084
1942-12-01,,,,,,,,,,,,,,,,0.02303147226012614
1943-01-01,,,,,,,,,,,,,,,,0.009447298692050854
1943-02-01,,,,,,,,,,,,,,,,0.02596957975884928
1943-03-01,,,,,,,,,,,,,,,,0.007305386812967107
1943-04-01,,,,,,,,,,,,,,,,0.0126407308355998
1943-05-01,,,,,,,,,,,,,,,,0.0071550119394192535
1943-06-01,,,,,,,,,,,,,,,,-0.005356462284257457
1943-07-01,,,,,,,,,,,,,,,,0.030006610668678935
1943-08-01,,,,,,,,,,,,,,,,0.020652897571181494
1943-09-01,,,,,,,,,,,,,,,,0.025238090260910173
1943-10-01,,,,,,,,,,,,,,,,0.014836585912531675
1943-11-01,,,,,,,,,,,,,,,,0.013007115580733863
1943-12-01,,,,,,,,,,,,,,,,-0.013007115580733863
1944-01-01,,,,,,,,,,,,,,,,0.01139195069597454
1944-02-01,,,,,,,,,,,,,,,,0.008055823558027253
1944-03-01,,,,,,,,,,,,,,,,-0.001604787262708296
1944-04-01,,,,,,,,,,,,,,,,0.0
1944-05-01,,,,,,,,,,,,,,,,-0.006451036295318957
1944-06-01,,,,,,,,,,,,,,,,-0.0032381771733565046
1944-07-01,,,,,,,,,,,,,,,,-0.0016290677493642214
1944-08-01,,,,,,,,,,,,,,,,0.012923068480747979
1944-09-01,,,,,,,,,,,,,,,,-0.006440658673267929
1944-10-01,,,,,,,,,,,,,,,,0.0032285046656181926
1944-11-01,,,,,,,,,,,,,,,,-0.00808787541427236
1944-12-01,,,,,,,,,,,,,,,,-0.0032487166564698633
1945-01-01,,,,,,,,,,,,,,,,-0.009822175034871261
1945-02-01,,,,,,,,,,,,,,,,-0.0032915294324360467
1945-03-01,,,,,,,,,,,,,,,,-0.006621909620834199
1945-04-01,,,,,,,,,,,,,,,,-0.01844121914202601
1945-05-01,,,,,,,,,,,,,,,,-0.027449768690065657
1945-06-01,,,,,,,,,,,,,,,,-0.022864410003295976
1945-07-01,,,,,,,,,,,,,,,,-0.023406212852516095
1945-08-01,,,,,,,,,,,,,,,,-0.10962215856703139
1945-09-01,,,,,,,,,,,,,,,,-0.09368487753068289
1945-10-01,,,,,,,,,,,,,,,,-0.04100852495116314
1945-11-01,,,,,,,,,,,,,,,,0.03653881676369242
1945-12-01,,,,,,,,,,,,,,,,0.004469708187470722
1946-01-01,,,,,,,,,,,,,,,,-0.05742224877737012
1946-02-01,,,,,,,,,,,,,,,,-0.05091308003539918
1946-03-01,,,,,,,,,,,,,,,,0.09936748030850495
1946-04-01,,,,,,,,,,,,,,,,-0.01818063090931643
1946-05-01,,,,,,,,,,,,,,,,-0.03738396279909795
1946-06-01,,,,,,,,,,,,,,,,0.06006273402520801
1946-07-01,,,,,,,,,,,,,,,,0.033077989191243606
1946-08-01,,,,,,,,,,,,,,,,0.0362151500135508
1946-09-01,,,,,,,,,,,,,,,,0.018649689463684282
1946-10-01,,,,,,,,,,,,,,,,0.018308236817035528
1946-11-01,,,,,,,,,,,,,,,,0.006031489426328918
1946-12-01,,,,,,,,,,,,,,,,0.0059953285565659264
1947-01-01,,,,,,,,,,,,,,,,0.01188389088794306
1947-02-01,,,,,,,,,,,,,,,,0.00588940155295159
1947-03-01,,,,,,,,,,,,,,,,0.005847694439982565
1947-04-01,,,,,,,,,,,,,,,,-0.007811831397035451
1947-05-01,,,,,,,,,,,,,,,,0.003917170405497217
1947-06-01,,,,,,,,,,,,,,,,0.0
1947-07-01,,,,,,,,,,,,,,,,-0.005877876741914534
1947-08-01,,,,,,,,,,,,,,,,0.005877876741914534
1947-09-01,,,,,,,,,,,,,,,,0.007781409492888525
1947-10-01,,,,,,,,,,,,,,,,0.009640596372106014
1947-11-01,,,,,,,,,,,,,,,,0.013346795451979698
1947-12-01,,,,,,,,,,,,,,,,0.0037838812684465317
1948-01-01,,,,,,,,,,,,,,,,0.005645627069041925
1948-02-01,,,,,,,,,,,,,,,,0.0018724967795038516
1948-03-01,,,,,,,,,,,,,,,,-0.011302005116992309
1948-04-01,,,,,,,,,,,,,,,,0.0018972404364299145
1948-05-01,,,,,,,,,,,,,,,,0.016866787852468423
1948-06-01,,,,,,,,,,,,,,,,0.01292774112447903
1948-07-01,,,,,,,,,,,,,,,,0.0
1948-08-01,,,,,,,,,,,,,,,,-0.003679549225898082
1948-09-01,,,,,,,,,,,,,,,,-0.007393076525293196
1948-10-01,,,,,,,,,,,,,,,,0.0073999156987105685
1948-11-01,,,,,,,,,,,,,,,,-0.012975618209136286
1948-12-01,,,,,,,,,,,,,,,,-0.009376471763286265
1949-01-01,,,,,,,,,,,,,,,,-0.009458162586855057
1949-02-01,,,,,,,,,,,,,,,,-0.00955560225359875
1949-03-01,,,,,,,,,,,,,,,,-0.01937503931343887
1949-04-01,,,,,,,,,,,,,,,,-0.00588940155295159
1949-05-01,,,,,,,,,,,,,,,,-0.01387587178973293
1949-06-01,,,,,,,,,,,,,,,,-0.001995956810955324
1949-07-01,,,,,,,,,,,,,,,,-0.0020073908438207333
1949-08-01,,,,,,,,,,,,,,,,0.009974794181534907
1949-09-01,,,,,,,,,,,,,,,,0.009868983522455466
1949-10-01,,,,,,,,,,,,,,,,-0.038040913115744424
1949-11-01,,,,,,,,,,,,,,,,0.026187867812699217
1949-12-01,,,,,,,,,,,,,,,,0.01773092204495974
1950-01-01,,,,,,,,,,,,,,,,0.01742200586499454
1950-02-01,,,,,,,,,,,,,,,,0.0038346251318479574
1950-03-01,,,,,,,,,,,,,,,,0.0319898714511031
1950-04-01,,,,,,,,,,,,,,,,0.03278338933620395
1950-05-01,,,,,,,,,,,,,,,,0.023033079583602234
1950-06-01,,,,,,,,,,,,,,,,0.029339795568543714
1950-07-01,,,,,,,,,,,,,,,,0.03180040728623634
1950-08-01,,,,,,,,,,,,,,,,0.0308202313258068
1950-09-01,,,,,,,,,,,,,,,,-0.0064096870291727726
1950-10-01,,,,,,,,,,,,,,,,0.0064096870291727726
1950-11-01,,,,,,,,,,,,,,,,-0.0015970887700818004
1950-12-01,,,,,,,,,,,,,,,,0.01744675477996349
1951-01-01,,,,,,,,,,,,,,,,0.003136516726473193
1951-02-01,,,,,,,,,,,,,,,,0.006255242752541079
1951-03-01,,,,,,,,,,,,,,,,0.004657250949489544
1951-04-01,,,,,,,,,,,,,,,,0.0015533581542119812
1951-05-01,,,,,,,,,,,,,,,,-0.0031033663874429074
1951-06-01,,,,,,,,,,,,,,,,-0.004670285757649051
1951-07-01,,,,,,,,,,,,,,,,-0.015719205595404073
1951-08-01,,,,,,,,,,,,,,,,-0.009556265622183258
1951-09-01,,,,,,,,,,,,,,,,0.006379011831551207
1951-10-01,,,,,,,,,,,,,,,,-0.0015894637873152817
1951-11-01,,,,,,,,,,,,,,,,0.007928041619637227
1951-12-01,,,,,,,,,,,,,,,,0.006298653195969894
1952-01-01,,,,,,,,,,,,,,,,0.010929514115393335
1952-02-01,,,,,,,,,,,,,,,,0.0061914007089578504
1952-03-01,,,,,,,,,,,,,,,,0.0030842410699940537
1952-04-01,,,,,,,,,,,,,,,,-0.009275641778951904
1952-05-01,,,,,,,,,,,,,,,,-0.009356664662326875
1952-06-01,,,,,,,,,,,,,,,,-0.009450915424189521
1952-07-01,,,,,,,,,,,,,,,,-0.01595077514781096
1952-08-01,,,,,,,,,,,,,,,,0.062325481235717906
1952-09-01,,,,,,,,,,,,,,,,0.03561424700867022
1952-10-01,,,,,,,,,,,,,,,,0.01015275423745221
1952-11-01,,,,,,,,,,,,,,,,0.02000140951410545
1952-12-01,,,,,,,,,,,,,,,,0.005641224598973427
1953-01-01,,,,,,,,,,,,,,,,0.002806118968054605
1953-02-01,,,,,,,,,,,,,,,,0.005593904417898088
1953-03-01,,,,,,,,,,,,,,,,0.008335186849470322
1953-04-01,,,,,,,,,,,,,,,,0.004141684120176237
1953-05-01,,,,,,,,,,,,,,,,0.005494000785668973
1953-06-01,,,,,,,,,,,,,,,,-0.004118945298432042
1953-07-01,,,,,,,,,,,,,,,,0.0123062855273246
1953-08-01,,,,,,,,,,,,,,,,-0.00545415421528439
1953-09-01,,,,,,,,,,,,,,,,-0.0207040577689237
1953-10-01,,,,,,,,,,,,,,,,-0.008400023385952693
1953-11-01,,,,,,,,,,,,,,,,-0.02420214763295414
1953-12-01,,,,,,,,,,,,,,,,-0.02480245022276817
1954-01-01,,,,,,,,,,,,,,,,-0.007410867168216484
1954-02-01,,,,,,,,,,,,,,,,0.002974246560659921
1954-03-01,,,,,,,,,,,,,,,,-0.0059573656595999225
1954-04-01,,,,,,,,,,,,,,,,-0.0059874925575833515
1954-05-01,,,,,,,,,,,,,,,,0.0059874925575833515
1954-06-01,,,,,,,,,,,,,,,,0.0029831190989400014
1954-07-01,,,,,,,,,,,,,,,,0.0014854700046389446
1954-08-01,,,,,,,,,,,,,,,,-0.0014854700046389446
1954-09-01,,,,,,,,,,,,,,,,0.0014854700046389446
1954-10-01,,,,,,,,,,,,,,,,0.011821343973330123
1954-11-01,,,,,,,,,,,,,,,,0.016018085880292077
1954-12-01,,,,,,,,,,,,,,,,0.012924733371101116
1955-01-01,,,,,,,,,,,,,,,,0.022565855180529226
1955-02-01,,,,,,,,,,,,,,,,0.012476870969646559
1955-03-01,,,,,,,,,,,,,,,,0.023142615133073807
1955-04-01,,,,,,,,,,,,,,,,0.012042891333286843
1955-05-01,,,,,,,,,,,,,,,,0.015829991454171743
1955-06-01,,,,,,,,,,,,,,,,0.0013115647874268888
1955-07-01,,,,,,,,,,,,,,,,0.007809385275190817
1955-08-01,,,,,,,,,,,,,,,,-0.0012965325599880728
1955-09-01,,,,,,,,,,,,,,,,0.006470709787393503
1955-10-01,,,,,,,,,,,,,,,,0.01663707331954134
1955-11-01,,,,,,,,,,,,,,,,0.002532266553803897
1955-12-01,,,,,,,,,,,,,,,,0.003791100157856331
1956-01-01,,,,,,,,,,,,,,,,0.006288286592960102
1956-02-01,,,,,,,,,,,,,,,,-0.008810959148893627
1956-03-01,,,,,,,,,,,,,,,,0.0
1956-04-01,,,,,,,,,,,,,,,,0.007553665517002983
1956-05-01,,,,,,,,,,,,,,,,-0.008817392269247382
1956-06-01,,,,,,,,,,,,,,,,-0.0089005736660841
1956-07-01,,,,,,,,,,,,,,,,-0.031132774500803873
1956-08-01,,,,,,,,,,,,,,,,0.040028647317209565
1956-09-01,,,,,,,,,,,,,,,,0.022529369047460612
1956-10-01,,,,,,,,,,,,,,,,0.008626404364515228
1956-11-01,,,,,,,,,,,,,,,,-0.008626404364515228
1956-12-01,,,,,,,,,,,,,,,,0.014745465398046331
1957-01-01,,,,,,,,,,,,,,,,-0.0036660325448316655
1957-02-01,,,,,,,,,,,,,,,,0.009743376865394282
1957-03-01,,,,,,,,,,,,,,,,-0.0012116163496478372
1957-04-01,,,,,,,,,,,,,,,,-0.01343928177373277
1957-05-01,,,,,,,,,,,,,,,,-0.003697657027261325
1957-06-01,,,,,,,,,,,,,,,,0.002468147739041804
1957-07-01,,,,,,,,,,,,,,,,0.006137030546205846
1957-08-01,,,,,,,,,,,,,,,,0.0
1957-09-01,,,,,,,,,,,,,,,,-0.00860517828524765
1957-10-01,,,,,,,,,,,,,,,,-0.014924236864611196
1957-11-01,,,,,,,,,,,,,,,,-0.02410118375496273
1957-12-01,,,,,,,,,,,,,,,,-0.019442670159222075
1958-01-01,,,,,,,,,,,,,,,,-0.0184953344454879
1958-02-01,,,,,,,,,,,,,,,,-0.021562181097958266
1958-03-01,,,,,,,,,,,,,,,,-0.012334931245719272
1958-04-01,,,,,,,,,,,,,,,,-0.016693826518911603
1958-05-01,,,,,,,,,,,,,,,,0.009770182234970282
1958-06-01,,,,,,,,,,,,,,,,0.026045578251383095
1958-07-01,,,,,,,,,,,,,,,,0.014775178376235765
1958-08-01,,,,,,,,,,,,,,,,0.019802044757938564
1958-09-01,,,,,,,,,,,,,,,,0.009113903945893398
1958-10-01,,,,,,,,,,,,,,,,0.011588302378499726
1958-11-01,,,,,,,,,,,,,,,,0.029022587558857005
1958-12-01,,,,,,,,,,,,,,,,0.0012463534240159113
1959-01-01,,,,,,,,,,,,,,,,0.014795411444326945
1959-02-01,,,,,,,,,,,,,,,,0.019392735654984783
1959-03-01,,,,,,,,,,,,,,,,0.014306066352652635
1959-04-01,,,,,,,,,,,,,,,,0.02107391838228523
1959-05-01,,,,,,,,,,,,,,,,0.014953222334699756
1959-06-01,,,,,,,,,,,,,,,,0.0011439709746845494
1959-07-01,,,,,,,,,,,,,,,,-0.02423750666455149
1959-08-01,,,,,,,,,,,,,,,,-0.03446570210182287
1959-09-01,,,,,,,,,,,,,,,,-0.0012131779557305045
1959-10-01,,,,,,,,,,,,,,,,-0.007287494432370423
1959-11-01,,,,,,,,,,,,,,,,0.0060773443205626165
1959-12-01,,,,,,,,,,,,,,,,0.05998256585922812
1960-01-01,,,,,,,,,,,,,,,,0.02591559014768796
1960-02-01,,,,,,,,,,,,,,,,-0.008937781748409979
1960-03-01,,,,,,,,,,,,,,,,-0.009018386661537203
1960-04-01,,,,,,,,,,,,,,,,-0.00795942173774078
1960-05-01,,,,,,,,,,,,,,,,-0.0011410369402642395
1960-06-01,,,,,,,,,,,,,,,,-0.012650989834767756
1960-07-01,,,,,,,,,,,,,,,,-0.0034790131968609472
1960-08-01,,,,,,,,,,,,,,,,-0.0011609265410310599
1960-09-01,,,,,,,,,,,,,,,,-0.010522528882984883
1960-10-01,,,,,,,,,,,,,,,,-0.0011745777346665598
1960-11-01,,,,,,,,,,,,,,,,-0.014216903885591492
1960-12-01,,,,,,,,,,,,,,,,-0.019280368692229377
1961-01-01,,,,,,,,,,,,,,,,0.0012145649942021386
1961-02-01,,,,,,,,,,,,,,,,-0.0012145649942021386
1961-03-01,,,,,,,,,,,,,,,,0.0060671079167065045
1961-04-01,,,,,,,,,,,,,,,,0.02034477750671826
1961-05-01,,,,,,,,,,,,,,,,0.015287272346611314
1961-06-01,,,,,,,,,,,,,,,,0.01390390516949136
1961-07-01,,,,,,,,,,,,,,,,0.011442827425403035
1961-08-01,,,,,,,,,,,,,,,,0.009059236789770608
1961-09-01,,,,,,,,,,,,,,,,-0.0011268786865619163
1961-10-01,,,,,,,,,,,,,,,,0.019006911784879232
1961-11-01,,,,,,,,,,,,,,,,0.015385483927494281
1961-12-01,,,,,,,,,,,,,,,,0.008685433405564602
1962-01-01,,,,,,,,,,,,,,,,-0.008689483210060356
1962-02-01,,,,,,,,,,,,,,,,0.016224855756237666
1962-03-01,,,,,,,,,,,,,,,,0.005352951036389442
1962-04-01,,,,,,,,,,,,,,,,0.0021339739391739165
1962-05-01,,,,,,,,,,,,,,,,-0.0010683973079679276
1962-06-01,,,,,,,,,,,,,,,,-0.0021322899272799845
1962-07-01,,,,,,,,,,,,,,,,0.009567561684507453
1962-08-01,,,,,,,,,,,,,,,,0.0010565614819522118
1962-09-01,,,,,,,,,,,,,,,,0.006323834772505865
1962-10-01,,,,,,,,,,,,,,,,0.0010487964171623787
1962-11-01,,,,,,,,,,,,,,,,0.004188100966262542
1962-12-01,,,,,,,,,,,,,,,,0.0
1963-01-01,,,,,,,,,,,,,,,,0.007288197015974607
1963-02-01,,,,,,,,,,,,,,,,0.01134989440368539
1963-03-01,,,,,,,,,,,,,,,,0.006132507547363719
1963-04-01,,,,,,,,,,,,,,,,0.009130694005863305
1963-05-01,,,,,,,,,,,,,,,,0.012050944130482577
1963-06-01,,,,,,,,,,,,,,,,0.002990180528459785
1963-07-01,,,,,,,,,,,,,,,,-0.0039876609535713925
1963-08-01,,,,,,,,,,,,,,,,0.0019939668744135552
1963-09-01,,,,,,,,,,,,,,,,0.009921626393748717
1963-10-01,,,,,,,,,,,,,,,,0.006886664401022813
1963-11-01,,,,,,,,,,,,,,,,0.00488861775379501
1963-12-01,,,,,,,,,,,,,,,,-0.0019511281385811152
1964-01-01,,,,,,,,,,,,,,,,0.008757449424730002
1964-02-01,,,,,,,,,,,,,,,,0.0067603082795728575
1964-03-01,,,,,,,,,,,,,,,,0.0
1964-04-01,,,,,,,,,,,,,,,,0.016230600281543772
1964-05-01,,,,,,,,,,,,,,,,0.00566345265144319
1964-06-01,,,,,,,,,,,,,,,,0.002821487062464989
1964-07-01,,,,,,,,,,,,,,,,0.006551520459585181
1964-08-01,,,,,,,,,,,,,,,,0.00650887726547511
1964-09-01,,,,,,,,,,,,,,,,0.003699935340987448
1964-10-01,,,,,,,,,,,,,,,,-0.013946784399994971
1964-11-01,,,,,,,,,,,,,,,,0.030430832961023224
1964-12-01,,,,,,,,,,,,,,,,0.011739691703335886
1965-01-01,,,,,,,,,,,,,,,,0.010713375687373627
1965-02-01,,,,,,,,,,,,,,,,0.006197691026472274
1965-03-01,,,,,,,,,,,,,,,,0.013151893286654115
1965-04-01,,,,,,,,,,,,,,,,0.0043447313512055
1965-05-01,,,,,,,,,,,,,,,,0.007777096878272438
1965-06-01,,,,,,,,,,,,,,,,0.007713908732196462
1965-07-01,,,,,,,,,,,,,,,,0.009349756559718259
1965-08-01,,,,,,,,,,,,,,,,0.004223152693173748
1965-09-01,,,,,,,,,,,,,,,,0.00252473308836354
1965-10-01,,,,,,,,,,,,,,,,0.010032578750663657
1965-11-01,,,,,,,,,,,,,,,,0.0041499464507834816
1965-12-01,,,,,,,,,,,,,,,,0.012350535924670059
1966-01-01,,,,,,,,,,,,,,,,0.009774172832649253
1966-02-01,,,,,,,,,,,,,,,,0.006461447413702803
1966-03-01,,,,,,,,,,,,,,,,0.013595712034111695
1966-04-01,,,,,,,,,,,,,,,,0.0015856785338894674
1966-05-01,,,,,,,,,,,,,,,,0.009470381167507202
1966-06-01,,,,,,,,,,,,,,,,0.0047032202996648564
1966-07-01,,,,,,,,,,,,,,,,0.005458315455142859
1966-08-01,,,,,,,,,,,,,,,,0.0007765084932893629
1966-09-01,,,,,,,,,,,,,,,,0.009282808283705535
1966-10-01,,,,,,,,,,,,,,,,0.006903151482771097
1966-11-01,,,,,,,,,,,,,,,,-0.00690601035320304
1966-12-01,,,,,,,,,,,,,,,,0.002307306730194192
1967-01-01,,,,,,,,,,,,,,,,0.004706587369859072
1967-02-01,,,,,,,,,,,,,,,,-0.011406180720147763
1967-03-01,,,,,,,,,,,,,,,,-0.0056526202743110154
1967-04-01,,,,,,,,,,,,,,,,0.009387149480215129
1967-05-01,,,,,,,,,,,,,,,,-0.008763592878024529
1967-06-01,,,,,,,,,,,,,,,,-0.0001241029594374332
1967-07-01,,,,,,,,,,,,,,,,-0.002279883265865923
1967-08-01,,,,,,,,,,,,,,,,0.01897832669202204
1967-09-01,,,,,,,,,,,,,,,,-0.0016249403455570466
1967-10-01,,,,,,,,,,,,,,,,0.008109706099668657
1967-11-01,,,,,,,,,,,,,,,,0.014202469306054955
1967-12-01,,,,,,,,,,,,,,,,0.010710847295240633
1968-01-01,,,,,,,,,,,,,,,,-0.001076125666511274
1968-02-01,,,,,,,,,,,,,,,,0.0035761887834078188
1968-03-01,,,,,,,,,,,,,,,,0.0031176826206444908
1968-04-01,,,,,,,,,,,,,,,,0.0014459539732123439
1968-05-01,,,,,,,,,,,,,,,,0.011155394612138103
1968-06-01,,,,,,,,,,,,,,,,0.003666760646485745
1968-07-01,,,,,,,,,,,,,,,,-0.001535167755949196
1968-08-01,,,,,,,,,,,,,,,,0.0027857982769994294
1968-09-01,,,,,,,,,,,,,,,,0.003780022985185205
1968-10-01,,,,,,,,,,,,,,,,0.001984886627725224
1968-11-01,,,,,,,,,,,,,,,,0.012851463066867908
1968-12-01,,,,,,,,,,,,,,,,0.0031530353318194315
1969-01-01,,,,,,,,,,,,,,,,0.006030701344290623
1969-02-01,,,,,,,,,,,,,,,,0.006379058365686863
1969-03-01,,,,,,,,,,,,,,,,0.00781135720262327
1969-04-01,,,,,,,,,,,,,,,,-0.003684614915465012
1969-05-01,,,,,,,,,,,,,,,,-0.0037891202855404593
1969-06-01,,,,,,,,,,,,,,,,0.009723779271815225
1969-07-01,,,,,,,,,,,,,,,,0.005265458093261177
1969-08-01,,,,,,,,,,,,,,,,0.0022944697527873537
1969-09-01,,,,,,,,,,,,,,,,-0.00022461528346173765
1969-10-01,,,,,,,,,,,,,,,,0.0002935212230537054
1969-11-01,,,,,,,,,,,,,,,,-0.009471744251739356
1969-12-01,,,,,,,,,,,,,,,,-0.0026880835096747546
1970-01-01,,,,,,,,,,,,,,,,-0.018689988466876528
1970-02-01,,,,,,,,,,,,,,,,-0.0006582013438509726
1970-03-01,,,,,,,,,,,,,,,,-0.0012992439596368754
1970-04-01,,,,,,,,,,,,,,,,-0.0025744797600335545
1970-05-01,,,,,,,,,,,,,,,,-0.0011666374787364653
1970-06-01,,,,,,,,,,,,,,,,-0.0032398524540346862
1970-07-01,,,,,,,,,,,,,,,,0.002450741090133768
1970-08-01,,,,,,,,,,,,,,,,-0.0017844150834127603
1970-09-01,,,,,,,,,,,,,,,,-0.0069157802744510555
1970-10-01,,,,,,,,,,,,,,,,-0.02020701559623994
1970-11-01,,,,,,,,,,,,,,,,-0.006074556900906192
1970-12-01,,,,,,,,,,,,,,,,0.022705101623988977
1971-01-01,,,,,,,,,,,,,,,,0.007661951518894483
1971-02-01,,,,,,,,,,,,,,,,-0.0019073248633056927
1971-03-01,,,,,,,,,,,,,,,,-0.00108314624525363
1971-04-01,,,,,,,,,,,,,,,,0.005600480989012002
1971-05-01,,,,,,,,,,,,,,,,0.005059709145193825
1971-06-01,,,,,,,,,,,,,,,,0.0041851210147827445
1971-07-01,,,,,,,,,,,,,,,,-0.0029050608751246543
1971-08-01,,,,,,,,,,,,,,,,-0.0058222979830100385
1971-09-01,,,,,,,,,,,,,,,,0.01612169877618097
1971-10-01,,,,,,,,,,,,,,,,0.007459266295882561
1971-11-01,,,,,,,,,,,,,,,,0.004232796871608269
1971-12-01,,,,,,,,,,,,,,,,0.011477865759902173
1972-01-01,,,,,,,,,,,,,,,,0.023627244888762444
1972-02-01,,,,,,,,,,,,,,,,0.010041392294694251
1972-03-01,,,,,,,,,,,,,,,,0.00689181587442933
1972-04-01,,,,,,,,,,,,,,,,0.009956078442124205
1972-05-01,,,,,,,,,,,,,,,,0.00013822320159073698
1972-06-01,,,,,,,,,,,,,,,,0.002644383077753165
1972-07-01,,,,,,,,,,,,,,,,-0.0011179241653449523
1972-08-01,,,,,,,,,,,,,,,,0.013837265832337575
1972-09-01,,,,,,,,,,,,,,,,0.007948460368644827
1972-10-01,,,,,,,,,,,,,,,,0.012622191856594966
1972-11-01,,,,,,,,,,,,,,,,0.011753049682170946
1972-12-01,,,,,,,,,,,,,,,,0.011079356707528465
1973-01-01,,,,,,,,,,,,,,,,0.0072036179081789165
1973-02-01,,,,,,,,,,,,,,,,0.014195217603233168
1973-03-01,,,,,,,,,,,,,,,,0.00048776559579488676
1973-04-01,,,,,,,,,,,,,,,,-0.0014729719082571258
1973-05-01,,,,,,,,,,,,,,,,0.006791599375065793
1973-06-01,,,,,,,,,,,,,,,,0.0013474693632908874
1973-07-01,,,,,,,,,,,,,,,,0.0035511881440322135
1973-08-01,,,,,,,,,,,,,,,,-0.0013670784432431304
1973-09-01,,,,,,,,,,,,,,,,0.007961236471268673
1973-10-01,,,,,,,,,,,,,,,,0.008424155113714527
1973-11-01,,,,,,,,,,,,,,,,0.004533082560358892
1973-12-01,,,,,,,,,,,,,,,,-0.0028767674819079048
1974-01-01,,,,,,,,,,,,,,,,-0.0066110959858103335
1974-02-01,,,,,,,,,,,,,,,,-0.003172469599623362
1974-03-01,,,,,,,,,,,,,,,,3.958062133291307e-05
1974-04-01,,,,,,,,,,,,,,,,-0.002919973711777324
1974-05-01,,,,,,,,,,,,,,,,0.007892451141148005
1974-06-01,,,,,,,,,,,,,,,,-0.001765063166150771
1974-07-01,,,,,,,,,,,,,,,,0.0021522594434038034
1974-08-01,,,,,,,,,,,,,,,,-0.010675275936975037
1974-09-01,,,,,,,,,,,,,,,,-2.210601825147762e-06
1974-10-01,,,,,,,,,,,,,,,,-0.0027271798356705013
1974-11-01,,,,,,,,,,,,,,,,-0.03348254141182361
1974-12-01,,,,,,,,,,,,,,,,-0.03675670050191693
1975-01-01,,,,,,,,,,,,,,,,-0.014025461919845661
1975-02-01,,,,,,,,,,,,,,,,-0.023203100870215376
1975-03-01,,,,,,,,,,,,,,,,-0.011236115099643396
1975-04-01,,,,,,,,,,,,,,,,0.002331058595272939
1975-05-01,,,,,,,,,,,,,,,,-0.0032924878775499877
1975-06-01,,,,,,,,,,,,,,,,0.006273797857919483
1975-07-01,,,,,,,,,,,,,,,,0.010427798297106605
1975-08-01,,,,,,,,,,,,,,,,0.009789904985157971
1975-09-01,,,,,,,,,,,,,,,,0.012827414305863538
1975-10-01,,,,,,,,,,,,,,,,0.004388584279267693
1975-11-01,,,,,,,,,,,,,,,,0.0013431610753200651
1975-12-01,,,,,,,,,,,,,,,,0.013561885978354837
1976-01-01,,,,,,,,,,,,,,,,0.013103721331807261
1976-02-01,,,,,,,,,,,,,,,,0.009758929436839647
1976-03-01,,,,,,,,,,,,,,,,0.002160118714749082
1976-04-01,,,,,,,,,,,,,,,,0.004949035597198392
1976-05-01,,,,,,,,,,,,,,,,0.004241814525085541
1976-06-01,,,,,,,,,,,,,,,,0.0010263728636865643
1976-07-01,,,,,,,,,,,,,,,,0.005679449318940932
1976-08-01,,,,,,,,,,,,,,,,0.00685435158571801
1976-09-01,,,,,,,,,,,,,,,,0.0034510513529513176
1976-10-01,,,,,,,,,,,,,,,,-0.00030448693068363397
1976-11-01,,,,,,,,,,,,,,,,0.015127341714268105
1976-12-01,,,,,,,,,,,,,,,,0.010753806114439435
1977-01-01,,,,,,,,,,,,,,,,-0.007022290104064854
1977-02-01,,,,,,,,,,,,,,,,0.015675669048676344
1977-03-01,,,,,,,,,,,,,,,,0.012699238440057936
1977-04-01,,,,,,,,,,,,,,,,0.009563572166886747
1977-05-01,,,,,,,,,,,,,,,,0.00785383793533967
1977-06-01,,,,,,,,,,,,,,,,0.007746814316869077
1977-07-01,,,,,,,,,,,,,,,,0.0012780405675312245
1977-08-01,,,,,,,,,,,,,,,,0.0009875927970335319
1977-09-01,,,,,,,,,,,,,,,,0.004114506724335776
1977-10-01,,,,,,,,,,,,,,,,0.0014104608050469203
1977-11-01,,,,,,,,,,,,,,,,0.0018376437087685993
1977-12-01,,,,,,,,,,,,,,,,0.0017889719215924416
1978-01-01,,,,,,,,,,,,,,,,-0.014828455210595504
1978-02-01,,,,,,,,,,,,,,,,0.005342239327923881
1978-03-01,,,,,,,,,,,,,,,,0.018987319229203603
1978-04-01,,,,,,,,,,,,,,,,0.020073952330737388
1978-05-01,,,,,,,,,,,,,,,,0.00465522518171424
1978-06-01,,,,,,,,,,,,,,,,0.006468072544734138
1978-07-01,,,,,,,,,,,,,,,,-0.0008247749395784432
1978-08-01,,,,,,,,,,,,,,,,0.004095412510203289
1978-09-01,,,,,,,,,,,,,,,,0.002530994204896775
1978-10-01,,,,,,,,,,,,,,,,0.007470883262293615
1978-11-01,,,,,,,,,,,,,,,,0.007686567372494846
1978-12-01,,,,,,,,,,,,,,,,0.004974884826412396
1979-01-01,,,,,,,,,,,,,,,,-0.005431898444077099
1979-02-01,,,,,,,,,,,,,,,,0.004780546866573143
1979-03-01,,,,,,,,,,,,,,,,0.0032602093161364643
1979-04-01,,,,,,,,,,,,,,,,-0.012087454916180906
1979-05-01,,,,,,,,,,,,,,,,0.0090277066611546
1979-06-01,,,,,,,,,,,,,,,,0.00021005549203723106
1979-07-01,,,,,,,,,,,,,,,,-0.001673960096288063
1979-08-01,,,,,,,,,,,,,,,,-0.0066093633100501314
1979-09-01,,,,,,,,,,,,,,,,-0.00016905004601719398
1979-10-01,,,,,,,,,,,,,,,,0.007235752058076361
1979-11-01,,,,,,,,,,,,,,,,-0.0015503953910003254
1979-12-01,,,,,,,,,,,,,,,,0.0006702665574493949
1980-01-01,,,,,,,,,,,,,,,,0.005394035746520753
1980-02-01,,,,,,,,,,,,,,,,0.00027076358376021403
1980-03-01,,,,,,,,,,,,,,,,-0.004078811257406834
1980-04-01,,,,,,,,,,,,,,,,-0.020063042924925778
1980-05-01,,,,,,,,,,,,,,,,-0.02490851049658227
1980-06-01,,,,,,,,,,,,,,,,-0.01300643885794317
1980-07-01,,,,,,,,,,,,,,,,-0.00705882148344017
1980-08-01,,,,,,,,,,,,,,,,0.003130645263093257
1980-09-01,,,,,,,,,,,,,,,,0.016365778817190257
1980-10-01,,,,,,,,,,,,,,,,0.012631544289275709
1980-11-01,,,,,,,,,,,,,,,,0.01660350782105935
1980-12-01,,,,,,,,,,,,,,,,0.006634666858682969
1981-01-01,,,,,,,,,,,,,,,,-0.006430890330290762
1981-02-01,,,,,,,,,,,,,,,,-0.004270343355195827
1981-03-01,,,,,,,,,,,,,,,,0.005075246452876936
1981-04-01,,,,,,,,,,,,,,,,-0.004406494829833907
1981-05-01,,,,,,,,,,,,,,,,0.005715281591517574
1981-06-01,,,,,,,,,,,,,,,,0.005081934033587032
1981-07-01,,,,,,,,,,,,,,,,0.006533740715532144
1981-08-01,,,,,,,,,,,,,,,,-0.001247224121527779
1981-09-01,,,,,,,,,,,,,,,,-0.00482756816124974
1981-10-01,,,,,,,,,,,,,,,,-0.00791713826261553
1981-11-01,,,,,,,,,,,,,,,,-0.011691082875720404
1981-12-01,,,,,,,,,,,,,,,,-0.010690428192896118
1982-01-01,,,,,,,,,,,,,,,,-0.02086193318000218
1982-02-01,,,,,,,,,,,,,,,,0.02015826052112546
1982-03-01,,,,,,,,,,,,,,,,-0.0066662956298908504
1982-04-01,,,,,,,,,,,,,,,,-0.009275241862610084
1982-05-01,,,,,,,,,,,,,,,,-0.006679415121575438
1982-06-01,,,,,,,,,,,,,,,,-0.0026065618328554585
1982-07-01,,,,,,,,,,,,,,,,-0.0032920314435886944
1982-08-01,,,,,,,,,,,,,,,,-0.00917080083528754
1982-09-01,,,,,,,,,,,,,,,,-0.002468725190438281
1982-10-01,,,,,,,,,,,,,,,,-0.00972758276604413
1982-11-01,,,,,,,,,,,,,,,,-0.003253800111221672
1982-12-01,,,,,,,,,,,,,,,,-0.007099566599407137
1983-01-01,,,,,,,,,,,,,,,,0.018463803198766726
1983-02-01,,,,,,,,,,,,,,,,-0.0062949423731928356
1983-03-01,,,,,,,,,,,,,,,,0.008404652203842122
1983-04-01,,,,,,,,,,,,,,,,0.012580060260646064
1983-05-01,,,,,,,,,,,,,,,,0.0060151175148983604
1983-06-01,,,,,,,,,,,,,,,,0.006107409825390153
1983-07-01,,,,,,,,,,,,,,,,0.014783412088636982
1983-08-01,,,,,,,,,,,,,,,,0.011758988283811611
1983-09-01,,,,,,,,,,,,,,,,0.01443999493842929
1983-10-01,,,,,,,,,,,,,,,,0.007616781984200571
1983-11-01,,,,,,,,,,,,,,,,0.004450101473080004
1983-12-01,,,,,,,,,,,,,,,,0.0050087386761155095
1984-01-01,,,,,,,,,,,,,,,,0.019763304924592884
1984-02-01,,,,,,,,,,,,,,,,0.0043840968911044165
1984-03-01,,,,,,,,,,,,,,,,0.0048838204638044225
1984-04-01,,,,,,,,,,,,,,,,0.005899392847344753
1984-05-01,,,,,,,,,,,,,,,,0.005412888311181252
1984-06-01,,,,,,,,,,,,,,,,0.0036610110501089643
1984-07-01,,,,,,,,,,,,,,,,0.0027663195051639278
1984-08-01,,,,,,,,,,,,,,,,0.0010296775197859986
1984-09-01,,,,,,,,,,,,,,,,-0.002965481028366135
1984-10-01,,,,,,,,,,,,,,,,-0.00011020579105824879
1984-11-01,,,,,,,,,,,,,,,,0.003363147581636916
1984-12-01,,,,,,,,,,,,,,,,0.00032215079864528207
1985-01-01,,,,,,,,,,,,,,,,-0.00017204490048339238
1985-02-01,,,,,,,,,,,,,,,,0.002747347377229481
1985-03-01,,,,,,,,,,,,,,,,0.001510290507219736
1985-04-01,,,,,,,,,,,,,,,,-0.002178610346864396
1985-05-01,,,,,,,,,,,,,,,,0.0014529341416293917
1985-06-01,,,,,,,,,,,,,,,,-0.0004852934296026845
1985-07-01,,,,,,,,,,,,,,,,-0.004743077435995335
1985-08-01,,,,,,,,,,,,,,,,0.003037209495540427
1985-09-01,,,,,,,,,,,,,,,,0.003377860635521479
1985-10-01,,,,,,,,,,,,,,,,-0.003114667627625245
1985-11-01,,,,,,,,,,,,,,,,0.0035117423940054238
1985-12-01,,,,,,,,,,,,,,,,0.009583811447792634
1986-01-01,,,,,,,,,,,,,,,,0.005520329372935784
1986-02-01,,,,,,,,,,,,,,,,-0.00704382287145755
1986-03-01,,,,,,,,,,,,,,,,-0.007148371663592279
1986-04-01,,,,,,,,,,,,,,,,0.0014326780252771343
1986-05-01,,,,,,,,,,,,,,,,0.0014759828720576351
1986-06-01,,,,,,,,,,,,,,,,-0.004037339462127143
1986-07-01,,,,,,,,,,,,,,,,0.006512386430606476
1986-08-01,,,,,,,,,,,,,,,,-0.0018566171981273527
1986-09-01,,,,,,,,,,,,,,,,0.002549474375162397
1986-10-01,,,,,,,,,,,,,,,,0.004253340551588103
1986-11-01,,,,,,,,,,,,,,,,0.003998607164955814
1986-12-01,,,,,,,,,,,,,,,,0.009439539139524555
1987-01-01,,,,,,,,,,,,,,,,-0.003493734682405325
1987-02-01,,,,,,,,,,,,,,,,0.01309491176805988
1987-03-01,,,,,,,,,,,,,,,,0.0014471947964986853
1987-04-01,,,,,,,,,,,,,,,,0.006311114231135839
1987-05-01,,,,,,,,,,,,,,,,0.006302766762669165
1987-06-01,,,,,,,,,,,,,,,,0.005166029302833941
1987-07-01,,,,,,,,,,,,,,,,0.006797065473966413
1987-08-01,,,,,,,,,,,,,,,,0.007478081537837689
1987-09-01,,,,,,,,,,,,,,,,0.003931774012906786
1987-10-01,,,,,,,,,,,,,,,,0.01323349510920746
1987-11-01,,,,,,,,,,,,,,,,0.004865946043528524
1987-12-01,,,,,,,,,,,,,,,,0.005592546578943036
1988-01-01,,,,,,,,,,,,,,,,-0.00019700828905744316
1988-02-01,,,,,,,,,,,,,,,,0.004999271340642153
1988-03-01,,,,,,,,,,,,,,,,0.002464822424946611
1988-04-01,,,,,,,,,,,,,,,,0.005784379012641949
1988-05-01,,,,,,,,,,,,,,,,-0.002018273083187694
1988-06-01,,,,,,,,,,,,,,,,0.00289692739416747
1988-07-01,,,,,,,,,,,,,,,,0.0001469114322585341
1988-08-01,,,,,,,,,,,,,,,,0.005001679278237248
1988-09-01,,,,,,,,,,,,,,,,-0.003129633358873285
1988-10-01,,,,,,,,,,,,,,,,0.0043015363906127035
1988-11-01,,,,,,,,,,,,,,,,0.0024157555877204473
1988-12-01,,,,,,,,,,,,,,,,0.00451930917807708
1989-01-01,,,,,,,,,,,,,,,,0.0029453491324780146
1989-02-01,,,,,,,,,,,,,,,,-0.004434996841930605
1989-03-01,,,,,,,,,,,,,,,,0.002497608429581355
1989-04-01,,,,,,,,,,,,,,,,-0.00014968072164389667
1989-05-01,,,,,,,,,,,,,,,,-0.005701295487130054
1989-06-01,,,,,,,,,,,,,,,,-7.60861911217603e-05
1989-07-01,,,,,,,,,,,,,,,,-0.009693959689255571
1989-08-01,,,,,,,,,,,,,,,,0.009750620169152846
1989-09-01,,,,,,,,,,,,,,,,-0.003138966589546932
1989-10-01,,,,,,,,,,,,,,,,-0.0013487581284179484
1989-11-01,,,,,,,,,,,,,,,,0.0033733524412147275
1989-12-01,,,,,,,,,,,,,,,,0.005469228290109207
1990-01-01,,,,,,,,,,,,,,,,-0.005070632766924987
1990-02-01,,,,,,,,,,,,,,,,0.009040640973159597
1990-03-01,,,,,,,,,,,,,,,,0.004969202991748745
1990-04-01,,,,,,,,,,,,,,,,-0.002623250205882499
1990-05-01,,,,,,,,,,,,,,,,0.0030369033197290562
1990-06-01,,,,,,,,,,,,,,,,0.0033858350269504456
1990-07-01,,,,,,,,,,,,,,,,-0.0017488731555337367
1990-08-01,,,,,,,,,,,,,,,,0.003486749997004601
1990-09-01,,,,,,,,,,,,,,,,7.625111401843299e-05
1990-10-01,,,,,,,,,,,,,,,,-0.005859653143676979
1990-11-01,,,,,,,,,,,,,,,,-0.01279714376480623
1990-12-01,,,,,,,,,,,,,,,,-0.007366596588133767
1991-01-01,,,,,,,,,,,,,,,,-0.003261191076563641
1991-02-01,,,,,,,,,,,,,,,,-0.007415936065028106
1991-03-01,,,,,,,,,,,,,,,,-0.005771039266291744
1991-04-01,,,,,,,,,,,,,,,,0.0026351435941132095
1991-05-01,,,,,,,,,,,,,,,,0.009370150601197835
1991-06-01,,,,,,,,,,,,,,,,0.008070413249054553
1991-07-01,,,,,,,,,,,,,,,,0.0027966918655684125
1991-08-01,,,,,,,,,,,,,,,,-1.1339677612909327e-05
1991-09-01,,,,,,,,,,,,,,,,0.007901658951122492
1991-10-01,,,,,,,,,,,,,,,,-0.0005466018382946913
1991-11-01,,,,,,,,,,,,,,,,-0.0015836157055426625
1991-12-01,,,,,,,,,,,,,,,,-0.004874384309522917
1992-01-01,,,,,,,,,,,,,,,0.12586146700473133,-0.0052512640267554644
1992-02-01,,,,,,,,,,,0.011778416742517006,-0.0015691702115345763,,,0.13631469066995017,0.007034889592290483
1992-03-01,,,,,,,,,,,0.01012565749390415,0.0012594460103070304,,,0.00808289382149674,0.008489522000498795
1992-04-01,,,,,,,,,,,0.008874857477602305,0.0008604702479033666,,,-0.020140638983956904,0.00756146666679669
1992-05-01,,,,,,,,,,,0.0065717600780152985,0.010510123078748324,,,0.028951788163199765,0.0032856911647831666
1992-06-01,,,,,,,,,,,0.006745566602923692,0.0055682510050254486,,,-0.1682269821858302,0.0005117224959834132
1992-07-01,,,,,,,,,,,0.00629426111303788,-0.0011516137496760948,,,-0.018681576853260218,0.009164938072931506
1992-08-01,,,,,,,,,,,0.006124626111461584,-0.00885610599548703,,,-0.11412655966035423,-0.005607554576631202
1992-09-01,,,,,,,,,,,0.00866119566865109,0.00038851297150732655,,,-0.053761835467493135,0.0032931151719015617
1992-10-01,,,,,,,,,,,0.007174853387461155,0.011313739669152723,,,0.1853186423184212,0.00672889068479865
1992-11-01,,,,,,,,,,,0.00827415649614105,-0.0019638724380934836,,,0.07168126668283392,0.0037850447982945568
1992-12-01,,,,,,,,,,,0.014138590687307051,0.00017956775524408108,,,0.02497685464702304,0.0016874963663999765
1993-01-01,,,,,,,,,,,0.012465679879544833,-0.003272547428356587,,,-0.06226008159287577,0.003832542487244517
1993-02-01,0.02499448791185266,0.038484512684671124,0.021212273490615274,0.013008869426596181,0.023112069050142736,0.05860283193212057,,,,,0.008136828816492248,-0.0034963211497462954,,-162620.10000000056,-0.06658917662718977,0.004804393879324742
1993-03-01,0.0018984243726123395,0.007136676795311381,0.013637795593827384,0.010544077770470395,0.005655164811873004,-0.0024791509376620446,,,,,0.005811027077782249,0.0032646855115676665,,64344.60000000056,0.13581591257148506,-0.0008739137323683366
1993-04-01,-0.010929398168697091,-0.012630154106762603,-0.008797063088987755,-0.01121483690345082,0.023504591909949024,-0.14183362767038865,,,,,0.005750028136588536,-0.003348618481456178,,-5114.500000000466,-0.06343655230286682,0.0027394050036360085
1993-05-01,0.012075678495347297,-9.306426107613675e-05,0.018791265679346303,0.015120775129039643,0.006268597346354543,0.06531098430988447,,,,,0.005699950757392269,0.008281780583955012,,-7282.0999999996275,-0.030407158618274366,-0.0037915803418799854
1993-06-01,-0.0075990961838519056,-0.007476717551588408,-0.03861381992201274,-0.00810411051313098,0.0035643858455705058,-0.02298013380202013,,,,,0.00559316621417727,-0.000714234270367875,,162612.39999999944,0.03250982972268979,0.0022526473495334542
1993-07-01,0.015017422023407612,0.009032265300990439,0.01681846707763679,-0.001101803094867293,0.01721579946175744,-0.02158950314257302,,,,,0.004794031521849984,0.0008134820681886534,,-321027.5999999996,0.06206739822630869,0.002693116497312964
1993-08-01,-0.0038386548488649197,0.002385617451601263,0.026178240431042,-0.0047138453080939335,0.002515795930863707,-0.0394903486940259,,,,,0.0053380204451407565,-0.0037012371143272382,,404252.2000000002,0.07065348414511519,-0.0012064683528301146
1993-09-01,-0.00426870879219976,-0.002299458003371946,0.01060743742807091,0.008605516274911462,-0.02858410090925112,-0.052205906006400404,,,,,0.0073790213850446484,0.0003469712337831332,,-96424.70000000019,-0.03660904536661036,0.005291488315735116
1993-10-01,-0.0014771118760217306,0.004386633108247828,0.021904876217170077,0.001390702823359291,0.027701592659602703,-0.08330563957793213,,,,,0.004081435883521944,0.0006518517797897694,,325640.0999999996,0.09459628946351106,0.007303652422303131
1993-11-01,-0.0024648607338439987,0.0005643262500178992,0.03472972786530981,-0.00474886699755217,0.0016108047545961846,0.025000518633494284,,,,,0.004400969670289356,0.012076805646093813,,-6541.9000000003725,0.09294494866048719,0.0045590055532489515
1993-12-01,0.01499190018865626,0.015148860306084977,-0.005532181130399216,0.0459835704744922,0.015834829659611582,-0.03829300488100529,,,,,0.007595964453474657,-0.014410018985109962,,-104329.89999999944,0.16240592201785464,0.00590527084702952
1994-01-01,0.004429390823448287,0.0070570913613634545,0.023132967722482967,-0.027000565815761046,0.026941804160829363,0.1918804251669255,,,,,0.007722726801580482,-0.0002445632948429033,,-575855.8999999994,0.06697266560585735,0.0028736794669281807
1994-02-01,-0.0005410769720421982,-0.005244641855567167,0.024943191370441653,0.00669920651460254,0.010388222483910248,0.038214877280200454,,,,,0.0051299783655043285,0.004469912649616603,,-159574.90000000037,-0.07375709452277768,0.0005827318302769058
1994-03-01,0.008186216707880334,0.01089418210014692,0.03077190313543099,0.0024717951846700004,0.034893547355369314,-0.008654927246473765,,,,,0.005128771025503909,0.055536598505333545,,219565.5,-0.07008752877609581,0.010149890606631295
1994-04-01,0.020491394071458835,0.04931315868395281,0.024172774836801025,0.017831865564432725,-0.03466425108082838,0.030187059059057386,,,,,0.004885513291706722,0.013914550417467808,,-242647.0,-0.04884198361227288,0.005896138042652765
1994-05-01,-0.001206589373737188,-0.03876338388421985,-0.02308886164780155,0.004455622951661908,0.028420659706420714,0.08167229717469837,,,,,0.004819953791199261,-0.008678778092473083,,58839.89999999944,0.07638000608846784,0.004590495958547436
1994-06-01,0.0013648958581322646,-0.0009635147791344778,0.003774375244494088,0.006820317564767642,0.0011386907644346245,-0.015612046791792178,,,,,0.004991358228156884,0.014968753525374856,,-2689.199999999255,-0.09276267665390936,0.006728449687136262
1994-07-01,-0.008046993430586902,-0.0016233326099346357,-0.002266823561652309,0.004556133590654099,0.01515958769323289,-0.0915862024093621,,,,,0.004425101142115473,0.010406941997914698,,-105157.0,0.08599975726722064,0.0013295056794984106
1994-08-01,0.008466047736499505,0.011741034403047301,0.006747854412696874,0.005007366309710548,-0.007060483933245543,0.0007136999127674848,,,,,0.004650070702834963,-0.006230568122614244,,72818.5,0.09638086348269148,0.006681857512926825
1994-09-01,0.0069816936795259465,0.003185193711474632,-0.01382684284747615,0.00029592075524842443,0.025272251434544923,-0.07053665024550515,,,,,0.007086860843815046,0.005948334713713255,,50681.0,0.013233123958869442,0.0031405492615519393
1994-10-01,0.0034525440144577146,-0.006318528160451642,0.013675493564159424,0.004106465527186742,-0.005035741300007057,-0.03501254783110097,,,,,0.005235878815924799,0.005442445638012439,,-27146.799999999814,-0.07326517091761264,0.00801293123785829
1994-11-01,0.0036916971974090274,-0.0030718560634008796,-0.020145718269570345,0.00639408891505866,-0.005476369306909756,-0.0995694606301214,,,,,0.005331688591081463,0.006796521828572821,,447151.69999999925,0.015243111198630643,0.006812622956685388
1994-12-01,-0.008671433516661331,-0.0026135310936865608,-0.11505438845274263,-0.012463712305050834,0.01621942690971112,0.01650711661567561,,,,,0.00873234280002233,0.17068224013693567,,-192026.5,-0.08800472167787099,0.010166425922232492
1995-01-01,0.0019881625982423046,0.014221461572989647,-0.1259723037833842,-0.04715774838617559,-0.013729616848586534,-0.0740145474559184,,,,,0.036948394019303166,0.3203024383955131,,1215332.6000000006,-0.13776641588218652,0.001700536197938085
1995-02-01,-0.06631690900698484,-0.09389474596896363,-0.19134432884643493,-0.010581241659133322,-0.06563219635141815,-0.4315340697968173,,,,,0.041509000864364154,0.007819539721521274,,519013.5,-0.2990315388943756,-0.0011286873050115886
1995-03-01,-0.004887376152665546,-0.016072640748326705,0.0008307459756324853,-0.012611403816273903,-0.004943087906474908,-0.10756635937530268,,,,,0.05727889526359453,0.1777191602601942,,-156400.10000000056,0.1749898069236986,0.0016603011582869698
1995-04-01,-0.02886468243916518,-0.04277289169690501,-0.020517853621155435,-0.010296168544409401,-0.12381910542282659,-0.47442000893890635,,,,,0.07666787659349561,-0.08724229547159879,,477473.2000000011,0.07543287382806074,-0.0017277257902161836
1995-05-01,-0.007503428211713903,-0.005845305089609454,-0.07752399952227274,-0.00947818754758778,-0.02727910787408927,-0.02076498343274258,,,,,0.04094603918376061,-0.03614269190366359,,113756.19999999925,-0.017930808270392617,0.004898906985118856
1995-06-01,0.011054006019828755,0.0054426720823430585,0.04368421546161638,0.007066966219565263,-0.004522252270897198,-0.05726604503752952,,,,,0.031244212995694465,0.039440301472964734,,-109494.29999999981,0.12674304563929262,0.0033088514322034968
1995-07-01,0.007163719423136428,0.007579368210402393,0.0051483222808057505,0.0005444213623100325,-0.0028632577316285435,0.010256772012414483,,,,,0.020180991197940035,-0.016498281011257276,,-4071.2000000001863,0.07591823661260566,-0.00418989274010606
1995-08-01,0.007694635019438678,0.001953259397506457,0.009749719582325955,0.0031532379926528797,0.022910111379584652,0.07856999288895228,,,,,0.016450993715993345,0.01306209475323361,,98752.80000000075,0.055858374768082086,0.013169322992450994
1995-09-01,0.008642796760473637,0.016088371898725917,0.04812136625492158,0.0012592750478810366,-0.007302892690521201,0.07429539071681379,,,,,0.020474248049893173,0.01723514016653005,,5628.399999999441,-0.04611328548347693,0.004025176187479218
1995-10-01,-0.021841074851487008,-0.042305307897975375,0.003400846065590102,-0.004803232476158215,0.014129165881300754,0.049670794028096044,,,,,0.02036685852592468,0.06684296068594064,,-94744.10000000056,-0.03583054912113415,-0.0017591074109057914
1995-11-01,0.031495221139670626,0.06447675134151432,0.03663872948042446,0.0066406153141991275,0.0029394636593966794,0.17009290810913136,,,,,0.024359189010993543,0.1324274223518358,,-20664.799999999814,0.15274465971292717,0.0026320058946325275
1995-12-01,0.03518745699058723,0.06607109489159768,0.038031933175917576,0.019148935401742673,-0.007402422690154786,-0.19085416386345555,,,,,0.03206061222922463,-0.003230147008185913,,95290.79999999981,0.03274183645111162,0.003464824423083712
1996-01-01,-0.0012741993632383597,-0.00763386150211165,0.017942114509637896,-0.004508791056379913,0.021240416109796545,0.2748835405503818,,,,,0.03531832273972135,-0.027016705132434815,,117397.79999999981,0.08820134301054239,-0.005740078791367509
1996-02-01,-0.00886683638204655,-0.006588049574565602,-0.027604663024035858,-0.003335173106097322,-0.056887147845538166,0.019634053629148163,,,,-78.5866917773653,0.023071433280009046,0.00640400907834815,,-372211.49999999907,-0.06895284282835679,0.014529159926465418
1996-03-01,0.008556255458770146,0.017364891437570584,0.012734474559195075,0.019273038544001864,0.034295094074457744,0.13322813261868482,,,,52.83450379806959,0.021775026231913408,0.005924708424597913,,91005.29999999981,0.08129926943735999,-0.0012250426290405514
1996-04-01,-0.004895982879085992,-0.008545149462661605,0.03824256818210836,-0.01506631518784296,0.003862423027477302,0.0009286400432966246,,,,-71.069338191713,0.028030854781263326,-0.014243336804226736,,-15284.900000000373,0.03668378973068798,0.009901218260520928
1996-05-01,0.013360812673134603,0.015739963955454073,0.018142256694213987,0.007920056002407527,-0.013063903420770018,0.07640674728841956,,,,22.03303406087366,0.018063415189473186,-0.0039075400692882845,,-185980.60000000056,0.005725311357101859,0.0074455836229239125
1996-06-01,0.008376070146565162,0.01673472633737827,0.03451570826771233,0.003782757792313962,0.01869399699839125,-0.018504468424925147,,,,-31.353917942358436,0.01615245597175541,0.017041755193350383,,253955.9000000013,0.001652058037574733,0.007593378241184112
1996-07-01,0.0005080874618084152,-0.002905384280091461,0.025792962643075512,0.007459471263546735,-0.005170641103588558,0.05266644702105783,,,,58.05248174593601,0.014115274521276255,0.007940245801915324,,-247906.80000000075,-0.06551074545199143,0.00015374603570972312
1996-08-01,0.0003687388170519057,0.0004873903346149788,3.2904400614874874e-05,0.002503773761198147,-0.00034315345209856574,-0.2172589953177133,,,,-91.31384594639385,0.01320377977055065,-0.014422551697671704,,-4335.9000000003725,0.09457835076073806,0.0051052352845752935
1996-09-01,0.007774680182237148,0.0025114030243127416,0.009965007119833391,0.00925907174341667,0.013654974160184796,0.2309797437989869,,,,55.92188195149039,0.01586235247208556,0.004322668023693854,,148511.80000000075,-0.021157030758908846,0.006239632118214544
1996-10-01,0.008066716520551687,0.018854673981036463,0.029392097355472657,0.009530242325126004,-0.005293162399834017,0.11131739787795647,,,,39.320280038866244,0.012404583308792017,0.023868363021860795,,-265583.60000000056,-0.007132255380398078,0.00029609405001806977
1996-11-01,0.012757800611095327,0.010768409866031448,-0.005582326324100606,0.004091152082309257,0.020254000334904987,0.08822993658086364,,,,-43.03509520542163,0.01503745436094528,0.02299828402965831,,175816.10000000056,0.01975193368093109,0.009144785172068737
1996-12-01,0.006772171806779248,0.02664374950647197,0.027003311277022046,0.006454371339369658,0.008775415464484126,-0.00759812887070721,,,,35.58437254338902,0.031516273462295796,-0.004049412095744387,,461808.39999999944,0.02518815340984837,0.006386648092456149
1997-01-01,-0.005242258562398128,-0.025537283491022578,-0.031987522190902506,0.00012153000960957172,-0.010889367456740295,-0.13047148623311777,,,,-14.761798475862008,0.02539005495625446,-0.005997065306646121,,-193054.09999999963,0.08169380928116432,0.0015838703738682014
1997-02-01,0.003952431949491242,0.007889024266177103,0.01248797914921429,0.01805314939307845,0.014081329825623712,0.09373145588636866,,,,-11.547179798680162,0.016664798860659413,-0.0034119767002551704,,-385326.19999999925,0.051800391339634544,0.011867816799596476
1997-03-01,0.0058867871458563314,0.006266291127628776,0.0022940804412443505,-0.0059102917312330305,0.0008680287647497842,-0.02260283414477504,,,,-0.5544393719318776,0.012368468475967731,0.02085449291562247,,-97653.19999999925,-0.024510384987591394,0.006326080160110159
1997-04-01,0.010644933139349,0.01483013989602,0.048598403222294806,0.019399789684612756,0.004612316451814813,0.147165011782306,,,,13.046459609353846,0.010745673515760945,-0.007216444972815594,,-137449.90000000037,0.002291954616920222,0.0011715145153683437
1997-05-01,0.009699118451774957,0.01036514126213195,0.01733807536765042,0.002388667855207416,0.010867851267095219,0.01494133458566349,,,,5.81507273720004,0.009085111997403139,-0.0008615853069064983,,-38297.60000000149,0.054949475314600704,0.005524360977567255
1997-06-01,0.01046126435891992,0.011113309491009637,0.016989785424954995,0.0140054905276914,0.01483379025924858,0.054462047896552956,,,,20.647282863004534,0.0088334469428335,0.006254582453697921,,80467.30000000075,0.11623644065597993,0.004585436547763777
1997-07-01,-0.00020542753021235427,0.008237183465094056,0.0036731087995018896,-0.0031694480239350398,0.015730119523634123,0.07238074350546109,,,,-61.46781298416481,0.008674131915002103,-0.009865871136047755,,-247710.90000000037,0.12820652487748774,0.008505942659710719
1997-08-01,0.00812277849326648,0.007338063729465105,0.027549200725000667,0.010019539311064918,0.010033189682673083,-0.03077461349032129,,,0.008296753347480035,25.05549964089407,0.008852277880388115,-0.011408619428924904,,-62973.90000000037,-0.08638370648315608,0.00995494609358527
1997-09-01,0.005093202522124862,0.001689110185505882,-0.007996237852877286,0.0038026063894340822,0.0009746240374077786,0.07275261891976204,,,0.009037114096905441,-16.602144579767142,0.012378024335702342,-0.00030456207229700993,,-84597.90000000037,0.1352321651409536,0.009117575456573768
1997-10-01,0.014108664093585688,0.012064717593911922,0.0044518356418690175,0.010106340089592436,0.02014533837917698,0.09259642932699563,,,0.008821027846948937,9.322649094027824,0.007959884737605005,0.01020546848954984,,127397.30000000075,-0.13536127115760443,0.008827849981996039
1997-11-01,0.008950724408543387,0.007400373362871804,0.032250257272091076,0.009997746640223681,0.01716163196455156,-0.021427318227544845,,,0.008277980351671488,18.746902194873485,0.011125046786418569,0.05068161591688991,,-4072.300000000745,0.06795103765770882,0.007844288895028306
1997-12-01,-0.0031988443972830183,0.0018812872341484876,-0.029459210175282635,-0.004587289053938903,-0.008321544579549478,-0.019871681852844603,,,0.006619496234939959,42.308946258429955,0.013913494567717066,-0.017947156615660376,,-85366.90000000037,0.04995154506879551,0.00424944358291679
1998-01-01,0.006453374595459138,0.012245495160282616,-0.002369292716075222,0.012233178266255251,0.036727564891045894,0.04599053800373287,,,0.008393426550796335,-57.57516198862939,0.021523069785103655,0.01172997005248444,,-374245.3999999985,-0.13491464618140547,0.004373784275946591
1998-02-01,0.012706975841104473,0.015500928696883243,0.07014843661913073,0.01201852636447942,0.004755749393653197,0.06963436482099006,,,0.005124584289173839,10.317385528574135,0.017355728978336593,0.03393704362605998,,-127800.0,0.045999642350723846,0.0016174896182681309
1998-03-01,0.008198680936175151,0.006237154004251622,0.014811797737825927,0.017506240692156005,0.015960081640993273,0.03526302379978041,,,0.006879442192307295,99.69267481446079,0.011645908689098317,0.007762672300289264,,132022.59999999963,0.04729118764319473,0.0003515910121256738
1998-04-01,-6.548257483984798e-05,-0.004100180367240469,-0.028012307543537673,-0.011732611989315522,-0.0024724828513713604,-0.005413239693673688,,,0.004733692592882477,-67.7538530385736,0.009312690217404995,-0.008328624913041427,,47014.699999999255,0.016279506869638638,0.0034253831806134727
1998-05-01,-0.0013351620829906707,0.004174651674299312,0.03796993954845007,0.010194846554595571,0.014104018877812763,-0.04636250735181191,,,0.0031993983011879834,34.10237408374715,0.007933988345893095,0.011333117592708053,,-64421.09999999963,-0.11822812549028683,0.0065697125334116535
1998-06-01,-0.005098629346983685,-0.011658081080478944,-0.04075267260798032,-0.005266303664163807,-0.01283595502185797,0.14826872207470254,,,0.0032697420649974163,18.47013658035476,0.011750346831951308,0.03653333108469914,,-36656.79999999888,-0.05615909605690206,-0.006016655286145145
1998-07-01,0.006945561246326726,0.002245918634439903,0.015573419033813707,3.751043410549215e-05,0.004163136415597624,-0.03289408704426,,,0.006696395623233542,16.210607188316402,0.009596200743695604,-0.001927105278833885,,-420823.0,-0.008832611536410795,-0.003852986693513749
1998-08-01,0.0038938027667621,0.005946135341853065,-0.005635709000238798,0.0061977425905208605,0.014499866245848647,0.04092467367062724,,,0.005511565863905332,26.21620448590835,0.00956749766079934,0.05119942725556381,,200304.5,-0.3498137463977127,0.020491901058277584
1998-09-01,-0.004128986348435504,-0.0021099731456848403,0.022283414393175605,-0.0020378522697956925,-0.0008469828140098556,-0.031776958326400706,,,0.004525139833454261,169.6797643097343,0.016088707276917358,0.08859814371045305,,-75479.80000000075,0.17661330768578942,-0.0005323279149607174
1998-10-01,-0.0012641500231795888,0.0021546098075422293,-0.011439201609530159,0.004490632201925138,-0.0010461977652309606,-0.32772723361151623,,,0.005334046580546925,-192.66106514408406,0.014228076845765436,-0.007571553256861652,,249314.09999999963,0.13230446768204196,0.006812999094851335
1998-11-01,0.0018141697950602165,-0.0004007651967814496,-0.020081730542463205,-0.00015222595563368913,-0.004615017080333406,0.13081225646232664,,,-0.00011845357402151535,6.432397210354026,0.01755438800573428,-0.018428369628896046,,117110.09999999963,-0.07779327700714056,-0.0007584271645324492
1998-12-01,0.005436006815700445,0.008858132583116074,0.014789449526682041,0.00521585512395184,-0.01879779698976991,0.22030032915421094,,,0.006241599677732523,20.124401234639777,0.024106771885019196,-0.006286673769420492,,280109.0,0.04911500116857148,0.004520149593450817
1999-01-01,0.007462885072652803,-0.000646511054289256,0.030845823857487353,-0.002985457611844211,0.04234650762260417,-0.21743458202932375,,,0.0042891580541351,-11.608610704510085,0.024939040447427008,0.02289826714817078,,-233323.09999999963,-0.00043699674532859945,0.0043112451049784895
1999-02-01,-0.0013920867834560369,0.002098004489548444,0.0034220488294733897,0.0021318776484013924,-0.0012006075180743814,-0.06557696249598965,,,0.005551656724584575,-131.48826688131308,0.013349491801352364,-0.014034701013788009,,70269.20000000112,0.07373574618549839,0.006063079650347802
1999-03-01,0.003399290937851518,0.001709055483618549,0.012483564567002503,0.004059095594120876,0.009704169301797183,0.12022097540632748,,,0.0036416117898774303,-15.780436107874095,0.009247699338600146,-0.026594583089774027,,39690.09999999963,0.14595716947874138,0.0022660526894453525
1999-04-01,0.0022652871096573435,0.008768209060725951,-0.011755986943152053,0.010951603778902808,0.00473107431448172,0.02040713125702176,,,0.00472141016686578,43.08232062186147,0.009135481967505577,-0.032706729285479685,,-153444.70000000112,0.09365728193622225,0.0022959860915063857
1999-05-01,0.003863049507514482,-0.008749415118820103,-0.0021517589460051667,0.006057553635116619,0.013413425318948402,0.04886863516583251,,,0.004842667336781403,-48.06585902583457,0.0059975988506284494,-0.0008433808385412966,,-12035.39999999851,0.011604817387121713,0.006302647258385363
1999-06-01,-0.004330628519702451,-0.0043908952002498225,0.009727436980699444,0.0003966396289278862,0.0012441265445253258,0.01523055785444516,,,0.0045908430008339,39.955945528175235,0.006548960488066857,0.010923572507355761,,94149.0,0.06225674955758187,-0.0007846779120086467
1999-07-01,0.00773103879118775,0.0020758121360682225,-0.02236018646420046,0.013527195612273779,0.003921579831452693,-0.04255859227860359,,,0.004449945538446798,-18.76653501239437,0.006587257304089267,-0.015697705440329113,,118393.19999999925,-0.10273532557331855,0.005769502318011099
1999-08-01,-0.0013073713260318698,0.0029765657743174856,0.012344851491596032,0.005999772644846857,0.02217834249633377,0.06148092242023573,,,0.005268804259280557,50.8642765922709,0.0056128260665531116,0.0032938422194708217,,-17202.900000000373,-0.03353484981028032,0.004007243163624885
1999-09-01,0.009380127641742675,0.010897645053209004,-0.003118578048766807,0.0061626712755344926,-0.025393126849698522,0.04420429725807962,,,0.006145076284170159,79.8394405737422,0.009616177275389326,-0.006493591707504187,,-186117.5,-0.007183412700827674,-0.004045261045452442
1999-10-01,-0.0014653363124086383,-0.006399092630478442,0.009295975586446126,0.0003919916291827974,0.022056503001887773,-0.01991054033649986,,,0.005644161121793445,-95.52264821292076,0.00631361991986612,0.02443816956251066,,-73039.90000000037,0.07620419726645444,0.012148883898799312
1999-11-01,0.0026431171869640835,0.008496955043003851,0.011024651451071676,0.006958480453762128,0.011845582578331904,0.05034908869845589,,,0.0067023266429018236,-29.48207407092714,0.008853708111460357,-0.01770941405595261,,359856.5999999996,0.11856617549436521,0.004835676101424546
1999-12-01,0.0093288946889869,0.006460109574366157,0.021386554295498073,0.013222227451618274,0.0025556461667495256,0.1593070456537209,,,0.002051159520100043,35.087134810910285,0.009967974651446276,0.002770976661073732,,-115216.99999999814,0.15004469427973888,0.007683533835146861
2000-01-01,0.02710278923560594,0.014980725318878285,0.0075975294896375445,0.017305839822613578,0.0019019087363583154,-0.07638146631457321,,,0.007231470418389563,0.8488239379890103,0.013338124667502171,0.006650592624298124,,-205078.0,-0.07939832300406202,-0.0013689853853140477
2000-02-01,-0.0061556744607766944,0.01472252395056195,0.003000958588203595,0.004546232251187554,0.018540593716429576,-0.016030128726659765,,,0.00508279429931946,-3.179213969790169,0.008831191290990859,-0.006621945485429048,,369521.5,0.11232485223363753,0.0031184257109906355
2000-03-01,-0.0011750827917715867,0.005352221441259353,-0.00920644323001607,-0.00014194711283543882,0.005738780043418323,0.03449459901238372,,,0.005706254586026915,-67.03509712715851,0.005528577086483466,-0.014704685582394017,,-213572.5,0.014109061371973652,0.00354941252967933
2000-04-01,0.001997094301162683,-0.005677319977518636,0.02974961583514979,0.007390665788384432,0.011382501441947745,0.018230952891101104,,,0.0026035892428986074,2.7886642453071886,0.005673500607145332,0.011002412637703074,,-276438.30000000075,-0.11811558380172471,0.005934581411047191
2000-05-01,0.007614654101274709,0.007304518960671302,-0.006828131178533425,0.009454796929312614,0.012193327005320498,0.03361206657189619,,,0.0063835394165217,42.75557377479046,0.003731270386941876,0.013274189496343514,,-104270.30000000075,-0.1079526334644747,0.0027040320534066353
2000-06-01,0.007364270193761513,0.008831533752589493,0.0005516335577695486,0.004519222383606802,0.02899821850328088,0.018333783774217238,,,0.005874138623262581,79.68885833495392,0.005905865090012341,0.03243751167126874,,195007.50000000186,0.15323959328761205,0.00039045672638238216
2000-07-01,0.005563091929244202,0.008402748380113678,0.0029095775556653436,0.013860700454062957,-0.004339879533354463,-3.605367428249906e-05,,,0.00616460745580838,-90.63462072444372,0.0038932478684921,-0.04242966853015062,,-325523.90000000224,-0.06451541558293705,-0.0019527324535886237
2000-08-01,-0.0055573832837385595,-0.011329255276578465,0.0036698685187790403,-0.0036847741688719182,-0.017021000598691494,-0.03991676660250931,,,0.0035000258238291337,-35.76686720789415,0.005479888203810734,-0.01607769219993571,,193800.90000000224,0.02285698154584459,-0.00272663339275514
2000-09-01,-0.00020352341969953613,-0.004716247881907165,-0.017735561674494527,0.006956460697789879,0.01287141072592135,0.08861012467767182,,,0.0025503398418678103,0.29820874048532175,0.007278425844462255,0.008920351554349448,,-275723.0,-0.050822554935455955,0.004604083024880801
2000-10-01,0.001005546833796167,-0.0017713123072971015,0.012104977506012915,0.010833728984366076,0.00858618918081433,-0.0007830653977674018,,,0.0030662029804844337,27.751896048157448,0.00686243055432989,0.018782286360207845,,454233.9000000004,0.009377256572198789,-0.003893384717707171
2000-11-01,-0.0031806362054451753,-0.010976831168936663,-0.01725311369340954,0.0017537907755666993,-0.015187514449437778,0.04190392218030503,,,0.0008254033567176577,55.06394810324716,0.008513845912643259,-0.0032535117414433934,,-152462.40000000037,-0.12327671892936998,0.00027960447484520756
2000-12-01,-0.00917543312900726,-0.024555240301169512,-0.030011284540272243,-0.007875329373166373,-0.008290657454202766,-0.047553655688318486,,,-0.000457968938093245,-77.0894329479619,0.01076792898650547,-0.0036105690432681747,,-174384.30000000075,-7.783253750304198e-05,-0.0032683707203071677
2001-01-01,0.009251097455267754,0.03251849282642105,-0.011038148058601926,0.004575811976042843,0.04102652044108712,0.03270413521622295,,,-0.0007112548083298975,65.76858407539267,0.005528426571193901,0.032266395698265615,,89352.59999999963,0.13928055159793473,-0.004770869350923412
2001-02-01,-0.00816644365450081,-0.007675044448971491,-0.00965843545634737,-0.000437813098932871,0.009351537729708426,0.008797916056233923,,,-0.002544755707049262,-69.0683567458486,-0.0006620345360550672,-0.007401064629926513,,75384.0,-0.07422839690060457,-0.006534765134370346
2001-03-01,-0.0020097320088972026,-0.01241160134909336,-0.0031797250343590377,-0.0010715532158638297,-0.002608420131644529,-0.028256090345110785,,,-0.003045674310612867,1.3876364089899624,0.00631579646088376,-0.010768276508970054,,5004.5999999996275,-0.051747975574715,-0.0020524117552422894
2001-04-01,-0.0021668878138250136,-0.009176314278549924,-0.02028969707787187,-0.0032817922765104868,0.011769052228712162,-0.03245019461326848,,,-0.0023104801784654683,19.83347622901583,0.005031670361446583,-0.02892733992812957,,-282467.5,0.04428495877959371,-0.003596380672338917
2001-05-01,-0.001281349601230275,0.006937957397500583,-0.0071975500694660965,0.002590489190986034,-0.00751908069630236,-0.02373483484794381,,,-0.0013618120391249988,39.761773889053615,0.002292018464280954,-0.02054233905856595,,137379.90000000037,0.09673873264726218,-0.004787344785630587
2001-06-01,0.0009337975767875761,-0.0026509205063138808,0.007181686225308681,0.01941464176513019,0.019219979848867474,0.013837161323801084,,,-0.0027304101657747992,-66.79994735043329,0.0023624596006381893,-0.0055356020173742415,,260300.19999999925,0.010674529531852883,-0.005294243917338015
2001-07-01,-0.0016982508462941581,0.00020296120852059119,0.022793828593391297,-0.017682213151225312,0.00046969857330392273,0.07079091830777884,,,-0.0028016185431205542,1.7124329390913857,-0.00260162673110953,0.008229741410853197,,-82433.59999999963,-0.02918954627508441,-0.006424803271452895
2001-08-01,0.005248067544770585,-0.00037138247978418804,-0.005997188461252634,0.005760251999290311,-0.008843560568100983,0.06142624489951931,,,-0.0021775231351206514,16.90308287253808,0.005907246524981868,-0.003397010904226061,,19923.200000001118,-0.02560928774243365,-0.0011484395650906976
2001-09-01,-0.0012718949624721532,0.0036436410285185516,0.0022047432172369597,0.0039033820526777063,-0.005167596629865656,-0.08139849012628453,,,-0.0035063913700028593,228.0875161158084,0.009265808053076974,0.031066224154678412,,-137798.0,-0.15519423243063102,-0.005077876004763837
2001-10-01,-0.011303714023922495,-0.019776064600740106,-0.029699887818895654,-0.002686734065279417,0.0022532146140843423,-0.01962491408813083,,,-0.003208585217883808,-4.575889421322927,0.004509382560560216,-0.007873691340592348,,-85390.5,0.024407665055241168,-0.0027452194543418074
2001-11-01,0.003953549928399802,0.008815619920916618,0.01584026049939169,0.001229842036091,-0.011891044300061715,0.06170219373714758,,,-0.0015677849561761548,-130.35057963267084,0.0037599325402615236,-0.013070617231863313,,-12563.300000000745,0.05204224722017159,-0.006065460085318719
2001-12-01,-0.0022144752536430445,-0.006989347097408505,0.006189226209541765,0.00410116514504999,-0.017438455775855566,-0.008962325474659139,,,6.55471400641261e-05,33.66206934224758,0.0013839281332970188,-0.007351614092053538,,175819.70000000112,0.08845498339607616,-0.0004275098074009165
2002-01-01,-0.012159998016779916,-0.009456138860393537,-0.027317794500578252,-0.00350679849221347,-0.013091678689548303,0.11261421098207336,,,-0.0017918326124330974,-6.3157466750569995,0.009188820670742892,0.0006026964295799964,,339858.0999999996,0.0835951239509356,0.006633064841170544
2002-02-01,-0.0010510836684556324,-0.020750640994977587,-0.008061206862952197,-0.008298932717144325,-0.010287399024965005,-0.06597366499047386,,,0.001421786375320977,-106.4134354463852,-0.0006430691326735349,-0.006767301737705456,,-413681.50000000186,-0.02831777359623011,0.00011522468260949381
2002-03-01,0.008381792999789361,0.011329695091224501,-0.025489965305653506,0.020792392216907984,0.019490953239155395,-0.036734835947732414,,,0.000597874942290133,-9.425507112994211,0.005102147826941739,-0.0031996857334011253,,-127877.89999999851,0.08907794966416382,0.0072123326949231625
2002-04-01,0.007768215729356598,0.01756317511490657,0.01896713089188662,0.0038809868822040627,-0.0010409310617056633,0.05797584687047941,,,0.00294850531528823,-2.1151252807791963,0.005447646018169383,0.010103417214093469,,807809.5999999996,0.016019149271622624,0.004871002165678817
2002-05-01,0.00059882233390951,-0.007614071827913627,0.016204197582421642,-0.0017157511802876613,0.004097724474482867,0.0029925957875365228,,,0.0015013819349434243,3.1975561249255975,0.0020247840682707796,0.03815144497506129,,-808591.5,-0.06191176492832007,0.0040096284673607485
2002-06-01,-0.000792453055690423,0.002498104595240136,-0.009303008205213459,0.004410841444498104,-0.00821946776687632,-0.06301987668607367,,,0.00040152221129474697,2.9561265041670737,0.004863904926071694,0.025515310744909314,,173475.59999999963,-0.08464358794086912,0.008215019236447851
2002-07-01,0.003918632033570013,0.0025689030701876447,0.012682223968934814,-0.005952632532470581,0.02754711834793344,0.02975838136087816,,,0.001884762488039371,70.8231247542573,0.002866590190643059,0.001592146838367281,,142500.70000000112,-0.07038356152238201,-0.00032197063949990223
2002-08-01,0.008095220211081333,0.011517637547204806,0.002532088266701038,0.001743297475003125,-0.020073795187203203,0.015341394051380242,,,-0.0010022569279080074,30.755000188861715,0.003795034192448643,0.005999907909383317,,-43485.00000000186,0.031802980755575305,-0.0011111535235635017
2002-09-01,-0.0024894952371115053,-0.00045106936901184724,0.019960935224234255,0.0004376887008001873,-0.003595033490246813,-0.05482233601031972,,,1.5679416538461055e-05,-6.8964599445755255,0.005996810640765293,0.02327967609672621,,-73233.0,-0.08174908839139583,0.0008486486965990636
2002-10-01,0.004796902428188865,0.01116117664889238,-0.005677772966518724,0.004588255033719513,0.006410538833433677,0.05502581203698487,,,-0.0010292699054978982,-31.258713011330286,0.004397855406555795,0.002347471299493975,,163896.1000000015,0.04091989044093225,-0.002084836336934792
2002-11-01,-0.006051093812116548,0.0004085959134414452,0.012700740535672495,-0.009810695674981496,0.016432646584059185,-0.09377149064962342,,,0.00011579799345540209,1.5662626885980728,0.00805515176050875,0.010094465506429007,,79815.19999999925,0.031195430069239194,0.0055865759173183704
2002-12-01,0.000634956282949517,-0.010046147594644061,-0.012344554687423681,-0.0017460126352792926,0.010662656984226082,0.004478998028409009,,,0.0007175834167369999,-9.899999117352337,0.00434356526367452,0.002690188902361612,,35711.20000000112,-0.004842150172359894,-0.005576627290919234
2003-01-01,-0.0006892275232424083,-0.020276406649234247,-0.000289462089927639,0.013347020797592535,0.0037721151927714303,0.06775150622371218,,,-0.0005066768641448505,201.0000407477912,0.00403445582305606,0.0379403276575454,,525570.4999999981,-0.028597835937802074,0.00848540572389922
2003-02-01,0.005984240945254626,0.022035637319330448,0.022359967740323228,0.003168990173035624,-0.01551595476465728,0.030752816048107867,,,-0.00035565613971755283,-5.88070676767893,0.002773912340231721,0.029397959891352965,,26290.10000000149,-0.004593745472003974,0.0011874209279270076
2003-03-01,-0.007354827025596755,-0.006533806702341494,-0.019825659344261837,0.000250350007209299,0.007496217829653595,-0.07506339969487019,,,-3.1554938736633176e-05,64.64918916143768,0.0062924764238476705,-0.0022673245546371845,,-845488.1999999993,-0.0022008580070043138,-0.002631971347628159
2003-04-01,0.0012537619177850345,0.0021992587677814868,0.010829361471210497,0.005305246464057056,0.0018817290573496237,0.03137747436744487,,,-0.0014578986504503177,-193.91816192933675,0.001705802165141268,-0.029824388866059426,,-138601.80000000075,0.09599354707093966,-0.005974715309085887
2003-05-01,-0.0029136733353105626,0.003072159004636532,-0.014415736845953653,-0.002849900545464301,0.01825866389086528,-0.051357516758020694,,,-0.0014123937535934772,-95.48935546670111,-0.0032319713854982446,-0.032679680162959635,,-82027.90000000037,0.028664152217031003,-0.00027277943080949996
2003-06-01,0.008217248442651481,0.006194734116022005,0.0101186759512224,0.007380316061816217,-0.002579202976508377,0.10061960215554056,,,-0.001269179097459272,-49.62166707450234,0.0008257583073403296,0.02442610024546532,,410306.0999999996,0.05175004400408767,0.0012771147115513415
2003-07-01,0.00030474218621900917,-0.0027935540149552907,-0.0023301247388163304,0.0053146350917501195,0.015612455114378143,0.012659392778135548,,,-0.0019946334641325336,22.455913768111756,0.0014482668769040252,-0.005195927493814256,,-35435.5,0.041654646353430635,0.005125135550598792
2003-08-01,-0.009299086691056502,-0.0025644054737181676,0.00041858149811790923,-0.010270203737626993,0.007811607266972054,-0.06775870082882207,,,0.00016249890291675229,1.2038050366850683,0.002995342662031497,0.031173366626761734,,27356.0,0.03162880444760496,-0.002184157819974608
2003-09-01,0.003061293550484123,-0.0022253407694599048,-0.02353403541189092,0.0031245760052227567,0.003653224023768331,-0.013679809085524575,,,0.0008142241375139747,-11.43905459206971,0.005935409359192345,0.013428412449913107,,230385.30000000075,0.029982985441900922,0.006426751702139022
2003-10-01,0.00396285331243984,0.006945794408416361,0.015934513714030984,-0.00023351677051319797,0.0018859716735688536,0.015655064349489933,,,0.0028173480038056198,-21.623022505023485,0.003659877903430697,0.02243183490140055,,-65831.70000000112,0.030511004973428513,0.0012308567584176089
2003-11-01,0.0018531401702350792,-0.006433665913064601,-0.01572185714634866,0.003669379382036375,0.008914769070995199,0.00984561397129724,,,0.00295200583271793,77.83051762446784,0.008265887224380819,-0.0026693863228182124,,34931.40000000037,0.05894253481803524,0.006682592049196856
2003-12-01,0.012012065553201445,0.01708539152580535,0.018975139199976176,0.0142891758097079,0.008737031160744202,0.03614935499676797,,,0.001519406836866466,77.14553457191386,0.004289718260569231,0.009253615152688965,,49255.40000000037,0.02776006791758867,0.0002959460294098548
2004-01-01,0.004681683045100193,0.003026929996101657,0.053338901699405916,-0.01774237951179991,-0.0023579567305356264,-0.005309555479029449,,,0.002441900331010771,-104.92228715108334,0.00619594089389075,-0.030098384288020696,,265899.30000000075,0.06955035859805392,0.001520626219034149
2004-02-01,0.0029819096190735195,0.0014429093078858202,-0.017260464869936598,0.013297005373095416,0.008754138971186265,0.03341061116913391,,,0.0021183517003748875,-43.61379635068454,0.005963929990718597,0.009038222448011446,,-522652.9000000004,0.05799913342232621,0.00601430610916065
2004-03-01,0.01222010486394609,0.020649442380085148,0.021826882376619672,0.007661453610630531,0.005482255800321134,0.07468818993887893,,,0.003572996389902272,-0.36562344600275765,0.003382847076641937,-0.00043226397108186987,,230253.90000000037,0.05127579941967397,-0.004008755848768253
2004-04-01,-0.0034157570666888404,-0.0015644901587155147,0.005787917540531318,-0.0045584783392556005,0.012107782867779804,-0.008280586989948269,,,0.001365519251603331,-5.410376118737105,0.0015079904942068012,0.023842845231217158,,-425819.0999999996,-0.055655954453259326,0.0037074991758068165
2004-05-01,0.0016679210429586533,-0.004086591179532029,-0.0020447790369004792,0.00028090569944438926,-0.0021346456413304793,-0.006844497366627955,,,0.001992361362351147,50.70089061694867,-0.0025115122342622698,0.02083411433314808,,185389.09999999963,0.008822945924034542,0.007197750706737338
2004-06-01,0.004696524858009532,0.00606472966861471,0.0062284221876307555,0.0009009366332071167,0.022550764196880735,-0.052575274756706314,,,0.001823604803039558,-74.461020942625,0.0016014806500370682,-0.010745100941219388,,-131733.1000000015,0.0241697895984867,-0.007832838806188569
2004-07-01,-0.0060422726909692415,-0.005032394517258787,-0.007878310367733121,0.0023230412170054393,-0.0006523807321459074,0.015612851639534853,,,0.0024054073207473436,39.15552803405115,0.0026175622521789066,0.0064937054808535954,,-138544.5,-0.016220471451331875,0.007443879683666665
2004-08-01,0.0024999998206496343,-0.00015890195390877437,-0.01349102557481796,0.005737438083546209,0.013074382831142373,0.009890104492312979,,,0.0013986852565288643,-32.28426073215081,0.006154090641522281,-0.006073227033395856,,256959.40000000037,0.014516988101219042,0.0006709667193680602
2004-09-01,-0.00014346864921943592,0.0011253418353982525,0.01055520849305669,-0.0018725556207312977,0.0291140123997371,-0.0026661907937945983,,,0.002681722666583397,-20.28086684472244,0.008234387044484315,0.008060157523182454,,84917.60000000149,0.06533846571354118,0.0012701843581544026
2004-10-01,0.0029926841338427934,0.003787552622735113,0.015681916863528045,-0.0013558853848261165,-0.0014871530600837346,0.021143583370018426,,,0.0026676466420916256,66.83445331063216,0.006901858978938691,-0.007696880125307892,,-17242.700000001118,0.05391475634630005,0.008495312737233363
2004-11-01,0.008889865466422897,0.0005013370217143986,0.007475954186721978,0.016573096525562825,0.0004051886706024632,0.05631125448466712,,,0.002620898621817247,11.893307752966237,0.008494096796782813,-0.0026503904787116284,,-745964.3999999985,0.04548910180133703,0.0024803554509942316
2004-12-01,-0.0008800987473254196,0.002837049698711347,-0.0015297540103613727,-0.0028208510575558066,0.03545991003995841,0.020760265483023232,,,0.0023618880621114613,-7.553539004455189,0.002063437705927207,-0.01453491036905552,,-263412.60000000335,0.06519623106886208,0.007936241000935595
2005-01-01,0.000859926025570168,0.0025113262771290223,0.022929613474465427,0.003017599601295551,-0.05305881310109051,-0.04926568524479524,,,0.0033023989370661866,-5.420877318930309,3.5535356963656284e-05,0.005041664640852872,,204831.30000000075,0.013779978524745218,0.0035900791158702816
2005-02-01,0.0017825212369544374,0.004311774241203992,-0.018878383403370336,-0.007110399532748168,0.030439888826983896,0.008411313513663643,,-0.15147496230000002,0.003086861041555977,-48.06393159039017,0.0033262027226452773,-0.01107458323826771,,360366.4000000004,0.05151216173849882,0.007232846062771081
2005-03-01,-0.004364880296954254,-0.002543638442174867,0.02055755696996453,-0.0036812303362232512,-0.0046986653404834655,-0.010124525955244046,,0.09816811369999989,0.0010309936490280336,-14.609824081788105,0.0044971297552907075,0.0005368182963114698,,143244.40000000224,-0.08412305895722305,-0.0013521797796176571
2005-04-01,0.00514110592650141,0.0033720494953612956,-0.019881770169533297,0.0034732857633645864,0.0038286996932406225,-0.009643760350915187,,-0.08179616469999962,0.0024847387882083183,118.27136151279302,0.003555086377438954,-0.0023720753294242947,,382948.6000000015,-0.028314827953471067,0.0021501954438223336
2005-05-01,0.0023378913142551028,0.009013367403409411,0.011006966023840548,0.00642330679624159,-0.010288995183907801,0.008271094669961343,,0.22000872099999969,0.0024848970104507373,-77.49373747369785,-0.0025154195186729567,-0.012951095390438372,,-75772.30000000075,0.05073969853260074,0.0008997205268519437
2005-06-01,-0.008444393557595298,-0.012352408425609696,0.005858970300000266,-0.008146448181955535,0.017524648548752353,-0.0066095416093157056,,-0.0033531591000000027,0.0024066213650435486,-33.27334085797592,-0.0009603399322113404,-0.01380823222567562,,240042.99999999627,0.03945540018584737,0.004487529157463754
2005-07-01,0.00327588786720856,-0.014869186169639725,-0.008649809014245946,0.009315683727389334,0.0169216086477455,-0.012710661091673181,,-0.1834997763999997,0.002558304856144389,31.793531461805934,0.0039060931424357292,-0.013454510963661459,,-788400.6999999993,0.0662370846478808,-0.003171466288216962
2005-08-01,0.012998778876124994,0.02569632837221647,0.01569269706712717,0.006858879636459925,0.005283805326984137,0.04092465578174842,,-0.1973933510000001,0.0038989716469366442,-11.553076683329536,0.0011934037221283944,0.0009435393532468694,,573708.4000000022,-0.011619897932947154,0.003253788346562203
2005-09-01,0.005279217123376867,0.007869568372328217,0.008848506142433266,0.009141667519621421,0.02990983703330574,0.030346267818742945,,-0.0010708481999999186,0.0032620327950461103,-10.149831058300236,0.0039998106733802885,0.0083221386533463,,326981.19999999925,0.12378677677410543,-0.0195638287695461
2005-10-01,0.0028442514735811386,0.0027780121341622888,0.0039832284592860034,0.0024419500954948603,-0.013387284850248982,-0.07499557933231138,,-0.20986419209999996,0.004221420835307299,37.39060904816,0.002451493387983561,0.00508099666085382,,-408564.200000003,-0.022607722644950812,0.012064329407210472
2005-11-01,0.009073965317818455,0.014630795500616856,0.029889593614219834,0.00036358019203674985,-0.003864547828222875,0.036733855748707356,,-0.2170090859,0.0031982146136648737,-49.31779762370872,0.007171532252906232,-0.01525454807163662,,118657.10000000149,0.06576212122826419,0.01117751662149491
2005-12-01,0.006143076188596552,0.012172627698481264,0.013009730970625633,0.006314638030504582,0.03588071553593419,0.039540416003291945,,0.08295412589999973,0.003071147138431485,12.127724481514072,0.006123558829272291,-0.0036623369995449906,,-23235.29999999702,0.05613064228606568,0.005151693564231508
2006-01-01,0.018430597221878564,0.0026710518047217136,0.010883764152905151,0.012005161088327831,0.01198643043749481,-0.01834596008155831,,0.14605488850000015,0.004399130951650676,6.22690095490897,0.005846975488132955,-0.007786991363321949,,1502308.299999997,0.060186746676818004,0.0015766002009156566
2006-02-01,-0.010535872757030162,-0.00647910858959122,-0.011651347132580092,-0.001726860094717786,-0.009480939026799362,-0.014760194852919462,,0.28043063570000015,0.003922075292269511,-39.55245876068125,0.001528969996654972,-0.006059852269459931,-0.46586124401913853,-1208737.5999999978,-0.01067604085568874,0.0004215001803382634
2006-03-01,0.0010177667761634979,0.009320385755198224,0.024491883191329222,-0.0021625293400546752,0.03109452134660895,-0.017847595656428794,,-0.24164469670000033,0.005064050416731192,41.48471173682334,0.0012538852131847023,0.02482270677111087,-0.2873205741626794,-347792.1000000015,0.02982454789925626,0.002252114659746063
2006-04-01,0.005430546471573372,0.0012809682834502567,0.009219411175076964,0.011075723325817854,0.008005035926912818,-0.00075956847956693,,0.12062429400000019,0.004471536925223063,-10.338104513028213,0.0014651318124609958,0.027112737603122383,-0.27358585858585904,236597.5,0.06884477298272351,0.0030320784432706915
2006-05-01,0.010214182301720776,0.009880486489389106,0.003475923926257174,0.00256691447049473,0.025814573908490956,0.00751293739139669,,-0.04645239890000008,0.00442829384002863,13.492318431195926,-0.004461709943963221,0.004532319454351175,-0.1582323232323226,-404006.09999999776,-0.1001886988824694,0.0002541145564114444
2006-06-01,-0.0014629103043590774,0.0008162130268223322,-0.001995205936897726,0.004665666477659869,-0.006979213749782609,0.006851724318172714,,0.19312195259999987,0.004989180745724298,31.54040526595358,0.0008631760789548082,0.026597023840996048,0.0009090909090909705,155997.79999999702,0.024812846565142266,0.0031614092164247154
2006-07-01,-0.00046817471188198567,-0.0003110931728436128,0.007249484202274559,-0.00026824773634803734,3.9957317081729116e-06,-0.024714047043512544,,0.12343042900000034,0.004038466827800846,-22.478507941036753,0.002738459706027818,-0.036243775194443106,-0.0016450216450216715,-148530.19999999925,0.04836237150212774,-0.0005127465055316804
2006-08-01,0.0025409457785441347,0.004704260314793096,0.01736441891642837,0.0016469492540256425,0.016118507193382037,0.010451488782026175,,-0.03231613490000029,0.003406709193530588,-11.950146075987206,0.00509010845444724,-0.010414702037017776,0.0018426501035202492,285808.5,0.04635237078513654,0.004379138878333855
2006-09-01,-0.0003679184143656755,-0.0034170432270039797,0.010255547984106883,0.0032851333079157996,-0.006861531838667112,0.039990811733519926,,0.0029575086000002138,0.004120636726852922,-37.688428746983675,0.010044394698369707,0.010371008275660731,0.035776397515527414,-964586.8000000007,0.04131003256555488,-0.0016629623569395235
2006-10-01,0.0028466966019422557,0.00013140458052429693,-0.014118989133805826,0.0013943476675439825,0.008802201842947,0.0009458086320259795,,0.062297611600000025,0.001991538290063488,3.696844665726836,0.004362382394154096,-0.008057638582296356,-0.03779220779220882,571853.1999999993,0.0493537109483011,-0.0011474759561265202
2006-11-01,-0.0032753430822776153,0.001999169513267951,0.0025017480752822507,0.000711621700260956,0.002628690306671899,-0.009873254805047083,,0.08145023719999989,0.0028821377706158557,12.112655289685769,0.005233118734999209,0.0018867860932845204,0.0148636363636383,89544.70000000298,0.07982165396779273,-0.0004204326283367976
2006-12-01,0.004592146990303192,-0.009898362159940888,0.0097594798685261,-0.0029869358024807724,0.008012326382796253,-0.004073639458495926,,0.046631923000000075,0.0030465258924365912,-16.81722552647244,0.005767967578313105,-0.006419325899363226,0.033166666666665456,-123203.40000000224,0.057837592318680464,0.010141747096689357
2007-01-01,0.0008869292237099202,0.001089418750680693,-0.02478296252811596,-0.008580036917460454,0.02042202623917788,0.004007031531140015,,-0.11931714299999996,0.003340580289176387,1.7982729222062233,0.005151352152262589,0.009631862023256499,-0.04121212121212103,-544934.0999999978,0.04122686501392181,-0.0033888659943164257
2007-02-01,0.0006571189920139275,0.007531514740789724,0.024381731115965977,0.0042867000899473595,0.000824426371205611,-0.03595288079900083,,0.15408231489999968,0.004164245594903804,4.0013011124507045,0.0027912389038675656,0.004276481441218394,0.002703349282296763,413388.0,-0.0340451158947932,0.009378469307674386
2007-03-01,0.005662113433606564,0.010422944623959651,0.005023208751906871,0.007372382647084841,0.013206080621578131,0.01325144304619208,,-0.02175568530000005,0.0035818470438719885,-7.274741855499201,0.0021619423814787098,0.010315887238641075,0.001604010025063829,147484.3999999985,0.07618299601229772,0.0017786154493029116
2007-04-01,0.004547253860675227,-0.0027090003877949798,0.01525975743426855,-0.0017086230782004108,0.011928926619682478,-0.02393263538066659,,-0.11023445569999968,0.0026879839674158745,-24.40800761932511,-0.0005973444837508168,-0.01206472005213799,0.023659147869674158,-567262.3000000007,0.00862501044017705,0.006700319901752572
2007-05-01,0.0021705187130285353,0.00019430719552726572,0.0022103256702372676,0.0012242863770595136,0.009355202904580473,-0.014717420029965567,,-0.1425050443,0.0029477741453511896,76.70795567810154,-0.004890350087477735,-0.01503794635686928,0.23248803827751097,156954.19999999925,0.07959239359814063,0.0009559214748104949
2007-06-01,0.004174637451242802,-0.0002562892043318499,-0.0182751981279754,0.008282617732886521,0.013632203448290525,-0.04353214233275793,,-0.06388113670000006,0.004032969257664831,4.117778244347534,0.0012001838561470635,0.0016894774722211459,-0.01709956709956728,-233935.09999999776,-0.007926823594319288,0.0005768477837078123
2007-07-01,-0.0017184866987367542,-0.0002220265102002017,0.03709385786230435,-0.014104860435431021,0.0046762232105139745,0.06440183552370637,,-0.04042642540000019,0.0028661883739999894,-45.30918538876723,0.004238432556224581,-0.0022221297137696716,0.006645021645021565,799752.0,-0.015900188498743972,-0.0012002567099926864
2007-08-01,0.0023108113359979754,-0.0052155556257886815,0.011866011057865222,0.01017315541269781,0.0021752847294314037,-0.02821926107622108,,0.09687794010000017,0.0027813972125798614,49.684293700205174,0.004065737189415053,0.021477215226750612,-0.00915019762845759,125630.09999999776,-0.01022180539462525,0.0019240393848489745
2007-09-01,0.0020451107446399774,0.006016639834716564,0.05457449664981251,-0.0012835570449789557,0.007605187961688742,0.03272557346021987,,-0.0810300035,0.004258763832389434,-24.088700411294866,0.007734652839403111,-0.0012800578634442061,-0.03630434782608827,45008.5,-0.0017040397327185985,0.002220126784417964
2007-10-01,-0.0014644573588062926,-0.003566521443148396,-0.025097681949393547,0.0066782859017875396,0.006193218261643985,0.006653917153429667,,0.16259083909999994,0.0018616544431822035,-2.8359157636074315,0.0038892894317132942,-0.01906838212162265,0.039782608695652755,-441694.09999999776,0.037652674363295446,-0.002824061214514728
2007-11-01,-0.003814905425776338,-0.006847191353426929,0.006057026050132919,-0.0026313402835969057,-0.010069726229170683,-0.019894753278811628,,-0.16622098499999982,0.0034897104528681666,0.43767290964119354,0.0070300162439442815,0.0058499147470572055,0.22921739130434826,1060178.6000000015,-0.05515599196855092,0.005320711796714228
2007-12-01,0.0005019679881579364,0.006289157046229121,-0.0045773232398884645,-0.008264622493276086,0.01530022560117672,-0.02150801673769731,,0.14522747879999987,-0.001794201652078442,22.83342211497643,0.004125930963746249,-0.0035196675124837817,0.025473684210526315,-453409.0000000037,-0.007880664507881718,0.00034876070631284506
2008-01-01,0.0058703528008301475,-0.002138225993305376,0.01578856522150307,0.012596709583868382,0.013760973585058345,0.05303992650039824,,0.23072042429999984,0.00486204641575938,17.58808729215157,0.0046243775451007,0.005664034555603603,-0.01311004784689107,-781108.3999999985,-0.025483410743241564,-0.0013243734009682484
2008-02-01,0.0013991234112369355,0.020945951701853538,0.024139115504224762,0.007106289967027557,0.0038593662853889654,-0.04478605060649077,,-0.24524242029999987,0.0015028738337328207,-57.792037702773264,0.0029683265509783396,-0.013238468453357743,-0.016863636363635415,-502243.6000000015,0.004327652987248243,-0.003929670898134674
2008-03-01,-0.013898563113100337,-0.022803377809256453,-0.019132569559785928,-0.0035486810673024394,0.0027526535473807456,-0.03739884355059697,,0.05405463580000003,0.0011865093210268185,-0.1243236080124106,0.00722167837345733,-0.0032766111861177727,0.004944444444444862,1051704.8000000007,0.06669428738182681,-0.003050488801082274
2008-04-01,0.01907817381671073,0.00034199433566772797,0.006175387249764519,0.004019560485987839,0.0018279215241552293,0.04003760891550989,,-0.097675964,0.0014395431762821431,13.838455750710288,0.0022730319120620734,-0.020329542412448554,-0.008989898989899103,-174091.5,-0.020642493461810574,-0.006472955790125745
2008-05-01,-0.005270039415732342,0.0012232383953856285,0.0220346777345215,0.004246818073631253,0.012466968135095513,0.010798802812248987,,0.047637245999999855,0.001421261241247862,-12.184589718094273,-0.001081011205987359,-0.007656179256543272,0.0074025974025966335,-4488.10000000149,0.05443507029522898,-0.006076205184033512
2008-06-01,0.007952702897215502,0.011109025947821038,0.011518152361085221,0.004540816560415273,0.00691020123943531,-4.462215673406433e-05,,0.00662758210000014,0.0009738916389530061,20.34580701123027,0.004129715870273998,-0.010204111201960853,0.09523809523809579,203139.19999999925,-0.08412779913990853,-0.0023354873224965544
2008-07-01,-0.0007845030295641209,-0.018543002361873562,0.015484322665504813,0.0013780410870785076,-0.010046623708556801,-0.005431076721787775,,0.1935197944999998,1.5362681455854954e-05,-8.65011401028579,0.005557511925984748,-0.011067671419390912,0.2614699792960664,-400550.4999999963,-0.06661819134111902,-0.003580204065057657
2008-08-01,-0.010853295217360781,-9.139463768725875e-05,-0.05015594400558143,-0.012239030191514289,0.0001217919581852911,-0.035946272691949055,,-0.03667561599999969,0.0011995760718370718,2.356433710517919,0.005758352995973937,-0.010431567511691497,0.2561490683229817,-804538.3999999985,-0.044996773997739936,-0.01582441580561067
2008-09-01,-0.002936154214641995,-0.0082256046266318,-0.020201296346485265,-0.006232930425289496,0.0035176298805668083,-0.07354279404606245,,0.04636291809999982,-0.0031029380048863686,21.250915845062067,0.006791426276313572,0.051490663308658924,0.129999999999999,-219232.20000000298,-0.054804367209163374,-0.04504760056956236
2008-10-01,0.0010175754490910904,0.0011823585360533073,0.0017672219023401325,-0.012780837100875964,-0.013083673730839962,-0.04321238691336404,,0.10121095530000002,-0.00317750142578177,62.94682311708081,0.00679129013559443,0.17121775742834844,-0.496149068322981,-631137.1999999993,-0.19666791591465582,0.009892320608246408
2008-11-01,-0.01364262681184858,-0.016917625192498953,-0.016092303946096287,-0.008845559273849446,0.022390581722410374,-0.04348801415529735,,0.7250179594999997,-0.0034374657334268477,-37.281637682176694,0.011302633494152836,0.03749156338458759,0.18148741418764303,-342356.0,0.004363125572085735,-0.013288653060593347
2008-12-01,-0.011277479465244156,-0.01127207056911228,-0.04655113019439483,-0.03282144213091698,-0.0747086419274785,-0.055297496350171116,,-0.17500133099999982,-0.0063521950155518425,-6.720889620702195,0.0069016926185385685,0.023265539382782308,0.31513784461153005,1217880.8000000007,0.08606486892603371,-0.028604196853907915
2009-01-01,-0.04449036511872784,-0.05379262236230442,-0.04841219295651378,-0.02796118583623919,0.056463755825864936,-0.028860708028144444,,0.14430990880000039,-0.006737676750272925,20.96111439493569,0.0023148843662221807,0.034378964579085736,-0.26047619047619275,469521.799999997,-0.13443257200909642,-0.02525918032014296
2009-02-01,-0.003875209552870018,-0.004308021292817266,-0.007943129273678018,0.001329604325221112,0.004494986950172475,-0.02160500577287383,0.008796281413880003,0.35030237249999985,-0.007820611264531152,58.9804886521882,0.0022053622856503807,0.049470312165613706,-0.3104511278195474,62928.5,-0.0972411355384235,-0.006104174649481209
2009-03-01,-0.002447021595680887,-0.00866040107793431,-0.002918494292630136,0.001472895800120888,0.0036497550154992453,-0.04408541163005175,-2.507794002237773e-06,0.04024635740000004,-0.004533098582882644,-90.15160730482481,0.0057364087215443504,0.004981188226104827,-0.45288220551378533,535102.9000000022,0.100385123989426,-0.015779695625957935
2009-04-01,-0.008735837067401775,0.000339777568060029,-0.007360884643192733,-0.005279764174312085,0.0006416308793300018,-0.06070843479930277,0.018149852424187873,0.2831058567999998,-0.0030869026015025725,-31.837376548953458,0.0034939629145069873,-0.08777980731963986,-0.8278809523809523,420866.59999999776,0.10954067452305338,-0.008325115063071209
2009-05-01,-0.0046875551285330275,-0.0026283177501165156,0.0020821243856561367,-0.0355966935769052,-0.014444213592796906,-0.05439702315083528,-0.04520028001709786,0.3287443684999998,-0.0024443367530899707,-5.730666155810525,-0.0029169543144531573,-0.02065201827173979,-0.8119999999999994,91460.10000000522,0.10534637026565186,-0.010150910930024182
2009-06-01,0.01573392776305127,-0.0023085085233498503,0.013934468754257523,0.032246068779334,0.001305098397303972,0.0645825442543635,0.054068493254098016,-0.19826287009999977,-0.002870575349724902,0.20614639745226526,0.0018397818058053517,0.01356123604150028,-0.521136363636364,-384943.90000000224,0.00150594906302004,-0.003775936043751038
2009-07-01,0.017692232980387246,0.02231054075830574,0.018962732313534403,0.012251195467650078,0.00921111596006785,-0.018472305986378057,0.013595395160721946,0.1594769037999999,0.0002954834738382317,-22.753616220990025,0.0027202034107229878,0.0017680623435016862,-0.41223320158102794,-398313.69999999925,0.10416025514909322,0.011226962849123723
2009-08-01,-0.0019685314019382005,-0.00044602584107078513,-0.023448218668121967,0.010024199171041914,0.014097343335647494,0.017249525812256916,-0.0042832368417942135,0.12370600980000024,0.0013678023933643146,6.2225504095112925,0.002389735250122982,-0.02710316718627892,-0.1638923395445131,501850.59999999776,0.03938813659728346,0.010907281117748191
2009-09-01,0.00751678166556502,0.014457647608616675,0.01139324482337667,-0.0030782542193641405,-0.011184543750651699,-0.00872044161346297,0.012448413648165069,0.15640969289999962,0.0006505327823482787,36.40058898533543,0.005003588140246151,0.03126496179177174,0.028095238095238173,160430.3999999985,0.038437400534748534,0.008775750967465079
2009-10-01,0.00769681217402951,0.005097966308846402,-0.006057290554031702,0.010600017269682738,-0.00015133142012846434,0.05367742540187681,0.012084928891526125,-0.3069659715999995,0.0025896082409211374,7.4542201926824845,0.0030207789233589466,-0.014672938886462372,0.001666666666666039,819916.9000000022,-0.02025737772178715,0.0026918316470805337
2009-11-01,0.009898518739929862,0.015097839391464696,-0.002367599712840729,0.010656857770590555,-0.01382214191335951,-0.014861821296134003,3.474886775345354e-05,-0.22930272840000043,0.0034801211780646213,-25.02395619966054,0.005173901653401813,-0.00883164028014205,0.06342105263157904,-515199.299999997,0.07758783784356815,0.004328725221761864
2009-12-01,0.005745580301498521,0.0044377363297227745,0.02256238596053617,0.00628117690617902,0.031055779810165163,0.014530353664636841,-0.01582690794812125,-0.09455978649999963,0.005516862455117177,-3.2185510287695607,0.004130034973041319,-0.01896527181636154,0.015669856459330056,83356.29999999702,0.0368908655673561,0.00404986001487373
2010-01-01,-0.008639607437500807,-0.0020430133792066485,0.01392062298166774,-0.012145455469288358,-0.001731842137485451,0.014150067953383694,0.014158547610759076,0.2569485917999996,0.005266565684909352,45.43820821779825,0.010811772611156734,-0.004771497015930937,-0.01209090909090893,161958.1000000015,-0.0553269805755896,0.010840638479048259
2010-02-01,0.00813674439491141,-0.004487267910564974,-0.0062238102213862945,0.0037164965642437764,0.009737066021608953,0.00593865767956947,0.02477407363877271,-0.2953316819999996,0.005441436568666802,-60.328785454888376,0.005767117164102942,0.010919815720067838,0.06010526315789466,-406304.700000003,0.04008296908734543,0.0037459440910962982
2010-03-01,0.006810463400714006,0.01173794047532084,0.026641023875868086,0.007454224397761777,0.0028650150115065998,0.029666411854324615,0.029902643564721387,0.04063880009999998,0.005388270108191762,-0.9765802090629307,0.007074303190886866,-0.028906138917168533,-0.07846889952153102,-368260.09999999776,0.050299239000537455,0.006833361127325688
2010-04-01,0.01147638939708795,0.010829480952169845,0.012734920070886169,0.007758487201475539,0.0011392421779747863,-0.00018360344286083574,-0.008921273610485336,0.1958853537999996,0.0052085949978319945,45.55741371026453,-0.0031913828204199746,-0.027699935125442554,0.03136363636363626,344888.8999999985,-0.01756152632358976,0.003386556200029922
2010-05-01,-0.0019871003872715676,-0.005946900294768298,-0.021355439177028757,0.004522244273672982,0.030810135536485816,0.0032521085494821023,0.040884275636495104,-0.20606207559999934,0.003983022991192797,28.382126424872766,-0.0063209857066928166,0.04106376118200661,0.006428571428571672,-408963.3999999985,-0.02004802562651342,0.013418531682922286
2010-06-01,-0.00028024332998022317,0.00023131412170229737,0.006700515103696958,0.001679817148333207,-0.016399693085178413,-0.05675143124341764,-0.020188709004781646,-0.0653958106000001,0.0038786574901017445,-70.20586862973855,-0.00031319307490473847,-0.0018450921594639347,-0.011883116883116607,-351229.5,-0.027901220261327353,0.0018475022092525606
2010-07-01,0.0034611536786428587,-0.002728283842349022,-0.020249764257546765,-0.0008455617329294896,0.0019859826954355952,0.03412742178901107,0.014319270023306796,0.13066478180000018,0.003025273906050785,36.62064091044202,0.0021689314678994265,0.007795420513181828,0.023636363636363455,554262.5,0.036299790325479364,0.003789845743598974
2010-08-01,0.0022897272697735005,0.008176199844164067,0.022568100608621577,9.512975127279333e-05,0.014555789115518358,0.04352868612662242,0.007664512258892309,-0.3521101753,0.004159114494878935,-19.20044627363871,0.0027736385902903393,-0.0038619215408104424,-0.01636363636363658,160494.30000000075,-0.019656969359601817,0.00365793559629779
2010-09-01,0.0028921601629416926,-0.005573055971047403,0.010901888181866326,0.013054001547618377,-0.003911657809648084,0.0017732517130291114,0.020197107570735007,0.24246098029999974,0.0020835496737525716,-2.442157711896364,0.0052283543375395425,0.00236925694373058,-0.04031818181818192,211428.3999999985,0.05078726884366169,0.00294342526586977
2010-10-01,-0.0004041175700786326,0.0006522877466155208,0.013769121359334946,-0.0010913300400590131,0.015208768077322965,0.036191933536189325,0.0038395311401426824,0.20547050299999992,0.00509766131242273,47.342250738652936,0.006154122772836779,-0.02871918528787365,-0.033166666666666345,-719153.8000000007,0.06498441879431205,-0.002837691245095364
2010-11-01,0.00200320223738526,-0.001964786465532775,0.002158745174124732,0.009215897583793264,-0.08355247962606871,-0.005059139101599719,-0.006925672537820837,-0.07308945389999977,0.004266484479938271,-52.62986889464414,0.007980288457055451,-0.007936613661703174,0.03266666666666662,868433.6999999993,0.034515887720544924,0.0008691845526112019
2010-12-01,0.008113419015606027,0.009195900636338905,0.010928845341595661,0.003205677732819545,0.10169823228901187,0.03370234774339398,0.0873799291390851,0.12471632429999957,0.003850151258955492,-10.682226600638103,0.004941701626592909,0.003997975200935144,0.050956521739130345,-432428.80000000075,0.046008173232545246,0.009737829134778053
2011-01-01,0.0014002989877255345,0.0016026148191627954,0.019676490979085415,0.016412080857756806,-0.004430548053091954,-0.019251013935599026,-0.01871537695364145,-0.36035652360000014,0.002388022643650345,14.642160464527535,0.004859816838423292,-0.021428278276969248,-0.05743271221532087,1657901.3000000007,-0.04153881741486565,-0.0021083561409289686
2011-02-01,0.0022528973849480494,-0.0022394715767273254,-0.025167553030269296,-0.0014618843731879494,0.0026492786145357883,0.019856418469298198,0.008296250447069387,0.17315284070000025,0.0032751676710063293,-8.396844667237048,0.0037444289362875693,-0.004589990687964285,-0.031102756892231298,-1750314.299999997,0.0010124313488368841,-0.0039787481289410565
2011-03-01,0.006290814239717335,0.007545332603948296,-0.005673457496328638,-0.003487738001857643,0.007634401001269886,-0.013953840675066331,0.011036985293313428,-0.22364645630000002,0.003667152579144073,14.284862251393413,0.0019165791552051559,-0.005912066042049524,-0.029784688995214914,815834.5999999978,0.011303136936472669,0.010348991071804647
2011-04-01,-0.009864070013841264,-0.0009263918806725613,0.014750320300362496,-0.00022780219242601873,0.03973437513982869,0.030926256157727927,0.013187163422575754,0.11064324450000029,0.0029711418172944093,-15.650590240408725,-7.937090073628639e-05,-0.023677224671209807,0.016100478468899837,-373796.1000000015,-0.012846157919966572,-0.00323549938184442
2011-05-01,0.013600373803734023,0.008752959072822364,0.027759471500541366,0.004852833553309566,-0.05237829923432091,-0.0096414675812726,0.016466691056809424,0.18151426229999945,0.0034488599965385447,-11.180580929714743,-0.007399148152910762,-0.005570854354764787,-0.03837320574162639,125370.00000000373,-0.03104379146691194,0.0012053529354325576
2011-06-01,0.004008117242303655,0.009179425403330832,0.03721707279664166,0.001750065526753275,0.028554023472644907,-0.013641156024521095,0.016447244873377898,0.2260837235000004,0.0022468880509620703,31.949764174242105,-4.997512820281713e-05,0.013020169167698548,0.026363636363636367,-775305.700000003,0.020038593975433727,0.0030203149621863545
2011-07-01,0.0030282852484599942,-0.0021817140249424938,-0.011893233120425784,0.006238918078961042,0.009992367814817271,0.0018538224756943222,-0.01600811178831041,-0.30481372310000054,0.004097148709167442,10.427731414733742,0.004786564323735476,-0.011368782734190397,-0.020822510822511298,105544.5,-0.015401363191838158,0.004915055867338758
2011-08-01,0.008229253270032544,0.004709094699640204,0.021957244821020794,0.004415844372573474,0.0030731575722811044,0.03445651210532308,0.042818817662442665,0.06653671470000067,0.002312900325389222,22.19396155573658,0.001580505609856786,0.04680732271278609,-0.0306004140786742,245976.40000000224,-0.0077590062657808545,0.006728443816048646
2011-09-01,0.001201411269280861,-0.0015801828540649154,-0.022179352327714952,0.0029388134302967828,0.013846702506100428,0.019605562752364136,0.00815725448495197,-0.09996201880000033,0.003779463962391816,-21.187446246459047,0.0024503126246155915,0.06432001135501642,-0.07416149068323108,-1025122.5,-0.0640982125529348,-0.0008274225944706615
2011-10-01,0.00047338944056907195,0.01308194266311169,0.02026053287667917,0.0025195541839968527,0.008086437294578808,-0.01750700507880243,0.0042427843764789586,-0.42956020919999993,0.0034713295160884172,-17.911644707100265,0.006724785630476404,0.029495119862909203,0.0014285714285717788,755321.5,0.07630982964780131,0.006916436587234287
2011-11-01,0.007027478257569442,0.008847470752558095,0.008377946938239234,-0.008689730269678897,-0.006149849283557884,-0.005897191863371454,0.0027897362281685822,0.2507626820000004,0.002876238142800247,31.821555862705708,0.010758008230869365,0.01948076460615411,0.04042857142857237,296395.19999999925,0.018336397309893115,-8.659124192433865e-05
2011-12-01,-0.0005463989089244947,0.005323178528146677,0.015292673799621959,0.013051291472875093,-0.0009744481392477411,0.08169512069935347,-0.03304977481684013,-0.034949573600000505,0.0051174621393350606,-47.0638833883661,0.008183963870608935,0.005066966520784533,0.09004761904761871,-70948.29999999702,0.00672123464875618,0.0052922619015616235
2012-01-01,0.008905682265218928,0.0011286191632757792,-0.020217934627075884,-0.015558921312255336,0.015901551325613106,-0.03357225273753528,0.06727622389096233,-0.3574964308999995,0.004823912532490482,20.709649253151362,0.007053700355736048,-0.025830280074234047,-0.01995670995670995,1016882.9999999963,0.009266085983581362,0.005946556615738174
2012-02-01,0.002052566881895146,-0.00014223262301271689,0.002350136832617089,0.0018333737979681075,-0.012526354715220123,-0.00838158132412481,0.0023136346588374934,0.7516756984999997,0.004269666829163299,-1.1303478837278789,0.0020308544886846747,-0.0484598362114248,0.01790909090909043,-762823.5,0.01047364736973222,0.003210503784291774
2012-03-01,0.001960364501564449,0.0010170120583277154,-0.008343777615264614,0.010497566389053858,0.022376710328328997,0.04087875296954291,0.015151041359648065,-0.3045118460000005,0.0041622957365738955,-24.21520177845558,0.0005740221137218171,-0.0020642331298432737,0.0006190476190477412,920553.1999999993,0.04408762866096794,-0.0051911748236843636
2012-04-01,0.002446250912636394,0.005234982375296404,0.024331966080996636,0.003910493024814166,0.016916025562257353,0.013702810889566486,0.012039612570484692,-0.22567833979999996,0.002669886525517029,-10.672881443612916,-0.003142005291958405,0.024237654877430792,-0.014461152882205397,-1184363.3999999985,-0.0015253630244149718,0.007167758505782551
2012-05-01,-0.00444821250551275,-0.004218494251852611,-0.006230519273671575,-0.011504310563646314,0.006865655368153867,-0.000889302510052481,0.03224428701489668,-0.01327069969999961,0.003930524565994631,33.67563027133901,-0.0031615429453077937,0.044424982653168854,0.022296650717703592,296510.8999999985,-0.04107572606798371,0.002306548336549419
2012-06-01,0.006731851062388827,0.005069789024156002,-0.016035588115130395,0.0158660067299623,0.007196606666854954,-0.0014838257147014033,-0.03733682042231079,-0.022430309699999817,0.004909090489626067,1.4103025228259156,0.004599660205929723,0.01854992068087835,-0.01259740259740294,73366.30000000447,0.05961870464278718,5.529183852992503e-05
2012-07-01,0.004032931268025841,0.007829077425587805,0.031419353532505134,0.0023594913777147397,-0.0007391888143217784,-0.004197960122097832,0.04689930292519939,-0.13137448570000032,0.0038618716343279402,-18.92463897782062,0.00559849899945597,-0.040549027583475894,-0.014220779220779356,-106923.20000000298,0.012477456367347983,0.0020967842001429204
2012-08-01,-0.005743922982007987,-0.014288153968311512,-0.02348759909722098,0.007078931840961644,-0.006267217849054596,-0.0043528058042570095,-0.00456948872009999,0.2161664748000005,0.002644462280905202,-0.8317604306637207,0.0029965370299525063,-0.01367674027000998,0.014841897233202062,322850.799999997,-0.032018159195681406,-0.00428827046970337
2012-09-01,0.0039885351002908465,0.013101265323184563,0.023417496069921384,0.0035297640773981342,0.009635412093953022,0.03685791289327689,-0.013570937038661857,-0.2680589326000007,0.004539957690326446,-2.015537344558524,0.004397657371801422,-0.0187634026621053,0.007521739130433858,-462986.299999997,0.03434829352019797,-0.000733960055224081
2012-10-01,-0.0011211299079638692,-0.0193532595503223,-0.025805227247089668,0.001771518085109669,-0.0005814690965308955,-0.03769143078381454,0.02894408950827243,0.16417425040000033,0.0027928911023273884,11.313791873972022,0.005046678326420917,-0.0037506180138104916,-0.00013043478260854613,-1343926.1999999993,0.0199164707552395,0.0034679632891858603
2012-11-01,0.009695244391085822,0.008395220069256304,0.010867335776691966,0.009597495189334282,0.010856716314401993,0.018124194832648932,0.0424774943923949,0.37025920800000023,0.002026960673472189,-15.446098006923215,0.006770539628856653,0.014142023287825989,0.002630434782608937,998693.0,0.005118038426166649,0.0036609386281414302
2012-12-01,-0.0035781775421872553,-0.005495909357327022,-0.03993798747480959,-0.020451572920960004,-0.03726774230847418,-0.00995605249171927,-0.019591144935492633,-0.2305830334000003,0.004368831782393556,17.987011015546152,0.002296416927303646,-0.015735099798942276,0.003868421052631632,605166.5,0.04378353907376287,0.0023667469005932418
2013-01-01,-0.0008709698292133083,0.0013748947913283516,0.004023950005140442,0.0141437837769125,0.032899487693089036,0.0360594355156616,0.005157015028776524,0.1814728609999996,0.003054182002802719,7.258341820576774,0.004020034396090999,-0.01341306674295506,-0.015095693779904273,-912089.6000000015,0.03534109748221681,0.0002451126233573575
2013-02-01,-0.001400573535448757,0.007430265159382721,0.02432540996088406,0.0056581927609649085,-0.0024763329454158267,0.031127696267783556,-0.002657747018517842,-0.19738311819999943,0.002587505715563765,-31.046673130628257,0.0049100093108780385,0.0018786971713904421,0.0008851674641148222,-73903.30000000075,-0.025886963414579967,0.004666005179331911
2013-03-01,-0.0006912301598784865,-0.010422898632483246,-0.006789429833443883,-0.002197772959593891,-0.004640650316831696,-0.003141916520416288,-0.011790599164430482,0.09058239580000027,0.003790793990209096,-5.422293383528078,0.007310927727909977,-0.015697655946662614,-0.3426023391812869,313892.5,-0.0009954511948162548,0.004020487651326121
2013-04-01,-0.003360017506434332,-0.00918024302488707,-0.030341108576068976,-0.0020017280087554212,0.000853227737534823,0.02997972009552452,0.018294257228240962,0.06893165469999918,0.0014863274535308335,-6.2037387873965635,0.0006603228548360818,-0.02585531024672072,-0.13237373737373748,-7545.79999999702,-0.04201677552453198,-0.0008633445250438854
2013-05-01,0.008149966461905578,0.015827581106082178,0.01717940886786984,0.007381500508383709,0.0016158473303784504,-0.0051370366014813484,-0.01252986649819654,-0.1602296204,0.0014812245517568101,3.1933724831195143,-0.003333569840857642,0.008683991491769127,0.001818181818181941,-157216.6000000015,-0.016104001134571888,0.0007806732341153477
2013-06-01,-0.003171019864382174,-0.010034632899023954,-0.03522179761907651,-0.002287594813599192,0.005359494949657595,-0.0066899842378367325,0.07349787465862079,0.11250350149999999,0.0016815046043490156,17.43762648958846,-0.0006072948889359608,0.0513023103149175,-0.0034999999999998366,638140.1000000015,-0.023477553275462526,0.0020727838311218605
2013-07-01,0.0005505075433918094,0.0018015911002544627,0.020900124029950007,0.0040910274842884675,0.0006585251405422099,0.0033486072517856513,-0.02037183912110585,-0.17542858539999973,0.0010597488389088028,26.32511358551082,-0.0003314106136054207,-0.015060862847969592,-0.008673913043478088,67428.10000000149,0.005268242422049596,-0.00310675204574995
2013-08-01,0.006287563334276491,0.009644157694205013,-0.021090972500862115,0.001020619478060425,-0.0005076335846263547,-0.028531049694985988,0.007532196521946588,-0.07378234100000025,0.0022131694897815635,-34.084585050108316,0.0028410243311718375,0.011832559199336679,-0.0005533596837947741,119673.5,-0.03350253888744348,0.00576546223913077
2013-09-01,-0.0013696783948420332,-0.00959573994611329,-0.0019501540483117807,-0.005263199541101216,0.005695136530726508,-0.020924936298431618,0.03559809396546765,0.1622724386000005,0.001467381191819328,12.158632576576082,0.003757241057702032,0.01216462665653184,-0.19077272727272687,442305.19999999925,0.017392010455054674,0.005071694571082475
2013-10-01,0.0031682501558014664,0.010618639685000097,0.004059696640621446,0.0036940606807007725,-0.006975488670612151,0.006774821472805392,0.010250522862221167,-0.10069685679999996,0.0029677046480998115,29.927524307297844,0.004745048189011669,-0.005882250338024253,-0.09215217391304353,-248199.90000000224,0.02101474066904707,-0.0007890413557394282
2013-11-01,-0.002282330523170728,-0.0027972646153280323,-0.010551918971335006,-0.0017746415616786138,0.02976279735355103,0.04107152970447281,-0.008787339360253554,-0.27412816829999986,0.0031011949075328005,-29.8700160333469,0.009278790767161205,0.006161350658048459,-0.1573478260869563,92569.69999999925,0.03496931188602659,0.0023333600077277694
2013-12-01,0.005976814897777238,0.003130795607082959,0.03169164398483115,0.011420992969014776,-0.02966296492969711,-0.0015258771098842772,0.02765133067987513,0.1840624107999993,0.003689060384708398,-34.18033891364213,0.005719952819000618,-0.0055207482083887705,0.05749999999999966,708493.8000000007,0.00534956224712424,0.0020086317141130294
2014-01-01,-0.008176577923813433,0.0008514345239527543,-0.02363147064586535,-0.007777089115726277,-0.0012014445314800781,-0.0280354395338982,-0.008037389859310018,0.11300682740000045,0.0005254491267763228,31.25791597810252,0.008901335867332882,0.01642929197848808,-0.12040909090909047,-1790394.8000000007,-0.04419831122704743,-0.003563932744874876
2014-02-01,0.01303922311928396,0.003517365759326374,0.03149657684425655,0.0050315449677942325,0.004869183219518902,0.011288402420924548,0.012089133923847584,-0.0868816478000003,0.00307306534595142,-8.927786359961594,0.002530012641743795,0.004358627173605356,0.012224880382774916,618441.3000000007,-0.052655644313729155,0.007528506037616012
2014-03-01,0.002807041327216986,0.01494809618792381,0.009482301706262852,0.003005834361110793,0.009613680348027565,-0.015316130571930486,0.015521273798278834,0.4664018399000005,0.0027168710680705033,-11.82478946365649,0.0027358546428706276,-0.006473844423695141,-0.002315789473684049,-394528.5,0.04237422870128782,0.009638605074811402
2014-04-01,0.004568546997930412,0.0058118563499176545,-0.0006072182695477935,0.010018324416103397,-0.00998926363914343,0.013023074763409248,0.008997449483813647,-0.3685448793999999,0.004806277548084381,-4.168098863207469,-0.0018673630489178805,-0.009460237949525219,0.017999999999999794,544695.5999999978,0.006158632257628582,0.0009672024963487402
2014-05-01,0.0073377574875168605,0.0009740299370539773,-0.003074066773895545,-0.002834812865510017,0.016793919475715846,0.03831230607833369,-0.003978698059821539,0.024718494799999213,0.0045508186737386325,10.676268679124657,-0.003202981640960445,-0.011241264462247713,0.0008571428571428896,-384485.40000000224,0.015862909503859157,0.00382432097151586
2014-06-01,-0.0036976825170915717,0.002627662121771124,0.00541171762937509,0.0011560834853945323,-0.0035810382680177,-0.004726324717131192,-0.0038098771956383004,-0.11548124339999966,0.002893234306235115,-1.6514939686605636,0.0017314155554188915,0.005480619987899615,-0.38761904761904775,-140973.8999999985,0.03269412068650013,0.0034263137889523065
2014-07-01,0.0061343972072318564,-0.006137218806460787,-0.015264761394954363,0.003317747214691913,0.0012863424991218508,0.064965521332077,0.022625000975093457,0.3897298707000001,0.0034670616362788564,-18.566864736686313,0.0027463587659015687,-0.0004094480973995118,-0.12132505175983432,589677.5000000037,0.024968571963638553,0.0022187855179991445
2014-08-01,-0.0067633336853454296,-0.004623285071141403,0.01291235227881149,-0.0029214274683724284,0.004750598157506225,0.0709614987680034,0.0017596834973723219,-0.3736277118000002,0.0032741497279751286,15.584739490890074,0.0035854640491290724,0.011496015792591407,0.02561076604554824,-1041089.8000000007,0.04048588299627198,-0.0018898378264742277
2014-09-01,0.0022825553934460174,0.006568748868080121,-0.010095449480437502,0.0008551602188964225,-0.008179207453092197,-0.09022567511390722,0.003139668485301783,-0.058723830299999946,0.004053493509374562,-14.727715624509736,0.004406787854275507,0.007170228900967857,-0.031904761904761436,1602357.5999999978,-0.014179756420352518,0.0028693197501494794
2014-10-01,0.007018806046700021,0.008678407550485545,0.04559616270838429,0.0036050165668175538,0.01918516822475791,0.03441379858669347,0.0033338940459577415,-0.13682952170000018,0.003880736544719099,17.925144808389042,0.005514048127361448,0.018048929859381335,0.01890269151138746,-126755.89999999851,0.0009300721997114181,0.00011933608402614482
2014-11-01,0.0015734733646119992,-0.001729642563217837,-0.007054180576071545,0.006240543054795822,0.006428276587237214,0.02978098752130265,-0.01212904877478227,0.0083709445000002,0.004190667097841327,-11.369221455858998,0.00803265707162737,0.0107286253809864,0.01505720823798562,-2248402.8000000007,-0.018764721301764098,0.006153151350189567
2014-12-01,-0.0011284170231089519,-0.0020073028248734914,-0.003240430308224518,-0.002322141917110443,0.00706394199880922,-0.026311318815397833,0.019688649305738437,-0.4873122374000003,0.004129544370147897,6.841701543335862,0.004888762236131328,0.0633804068381627,0.0322305764411035,1261368.0000000037,-0.023927289971748422,-7.906777172816959e-05
2015-01-01,0.0007119817144713991,-0.003844916536174914,0.012223639497809913,0.003794648669339651,0.009560478194105215,0.0739335030227597,0.01752142273469115,0.22379140990000046,0.00308867357345477,5.366338300372497,-0.0009051224162215377,0.01230537596984016,-0.0471428571428576,-157075.90000000224,-0.052215908692129887,-0.007879228487476908
2015-02-01,0.003793499859046534,0.0068019885754972975,-0.03050411098081085,0.0011189611543773736,0.010970945278059752,0.013887361697396905,0.025735653456674612,0.05483335819999979,0.003059734456400065,-9.421866088039135,0.0018955024178026747,0.015449118014988716,0.022807017543859498,43289.0,0.07613648056367239,-0.006405903226315068
2015-03-01,0.0021013572241423972,-0.0052882547096340105,0.010795661538858248,0.0015287965541084247,0.0011646216672547283,0.017601903822982656,0.009006882885107537,-0.17135756829999949,0.003213588071190543,15.587093866583075,0.00406321450274838,0.020365762487663197,0.015288220551378462,-76497.40000000224,-0.010587390556336729,-0.0033518725083752088
2015-04-01,0.008957911645328664,0.01101847707339143,0.035797941445473214,0.0027722415919804178,0.014457888987753797,-0.03838931984824878,0.004641227488964894,0.07227124779999983,0.003826244448760008,-19.500997080538763,-0.002592369540584727,-0.0001418508650687933,-0.03126190476190471,-373524.299999997,0.019423933991262743,-0.005470746111496005
2015-05-01,-0.007024132042368514,-0.008878681878929484,-0.021001818721886778,0.0034412374170083027,0.002113125520073922,0.015127206972316287,0.02049996510287766,0.03769656440000002,0.003191423736115695,7.9038696641940085,-0.005006272785696986,0.0025115909387345425,-0.02799999999999958,-692709.6000000015,0.0027155551225739316,-0.0044228298448434344
2015-06-01,0.004738097194566748,0.004870866310800359,0.021393001033097825,0.0013964908888217664,0.014933142202112393,0.03805969105887552,-0.0017511571416157778,0.02792854499999997,0.003837853308141348,9.11553497886554,0.0016744213834263277,0.014217325673519188,0.0863181818181813,219486.59999999776,0.007800587159746186,-0.0031500185136206227
2015-07-01,0.007668660887430789,0.010963468957439382,0.01877125657517542,0.0017568410477482033,0.003314234260671789,0.00195075409503076,0.009098399235122123,0.07774070809999944,0.0033638606076884514,5.142102225255378,0.0014649744265096132,0.02906009289688649,-0.001383399209486047,340158.80000000447,-0.006698183851927553,0.0064600821906077854
2015-08-01,-0.00045529156356227674,0.003383704058196102,-0.004907846520317172,0.005331839560600571,0.01298949676190464,0.035799587953946777,0.023942887282714764,-0.1042077701999995,0.002406570650087758,10.82736034842916,0.0021075125041010168,0.036780457445399595,-0.023291925465838137,-1192509.4000000022,-0.023306395968166527,-0.00184021074428653
2015-09-01,0.015181358851748428,0.020690083946622195,0.01093977123903489,0.008144814248365329,-0.003752243140786149,0.002362726778864399,0.008959888240017477,-0.19127145599999995,0.0025825342378595906,4.925204683452108,0.0037395757661320417,0.01922530325740457,-0.00952380952380949,1042386.5,-0.02523272502128293,-0.002794967313555219
2015-10-01,-0.01244316346177854,-0.02103361226868916,-0.03537525767695371,0.003447031125334732,0.0061490802973951375,0.010154832384995593,-0.0028977264614802323,0.24633997649999984,0.0026991563360994064,-29.936434495044814,0.005131966214619865,-0.017579419226386506,-0.023528138528138953,521861.0,0.04383187580173775,-0.0048472353195281315
2015-11-01,-0.006579001056026712,-0.00735061763508682,0.012383946615576846,-0.0016613143090191684,-0.0021134106469808955,-0.0013507637364931213,0.04801426666457331,-0.37779036570000013,0.002890726945956601,-12.820141828799677,0.005444647615783893,0.004318721736635833,0.028014354066985714,-984518.9999999963,-0.025562878130292788,-0.007384517731686024
2015-12-01,0.002934988066316535,0.004626067446023896,-0.022948042538377678,-0.007235659441637843,0.023001044119277836,0.01624653344243754,-0.010824979942031021,0.24271642139999994,0.002255059335993792,16.503403313359275,0.004066233614838488,0.02557412157865757,0.17153110047846898,39827.29999999702,-0.010210064203514335,-0.004916123240685799
2016-01-01,0.0017415758515504365,-0.0006742422450223273,0.007576074577442249,0.012733519267699833,-0.00981204567718219,0.05139217936383922,0.01670492814121527,-0.13516980330000017,0.0037996475531052454,23.276970680971754,0.003806056404457081,0.057281876607804705,0.03686363636363632,871635.0999999978,0.01508590170976909,0.005226534839914088
2016-02-01,0.0051793938413089435,0.0012556809131991642,0.01859220609085721,-0.007315592532585846,0.003040009122647902,-0.03566672921969527,6.537678373774725e-06,0.08326952790000064,0.0031622247054237107,-12.061181307048209,0.004369184308684382,0.02190923426133562,0.20499999999999963,-1104656.0999999978,0.0019270595586782235,-0.005198264319299817
2016-03-01,-0.004773923153423176,-0.007727894348619202,-0.015941837715691243,0.001567093142966769,0.004313796263081038,0.0073246776837487815,0.0077904068983851715,-0.11118565980000028,0.00283521112106655,-0.6162606147851832,0.0014716640429508487,-0.045633662299637834,0.30650000000000066,-27147.800000000745,0.048363106584337956,-0.007447561483016507
2016-04-01,0.0009566897855215473,-0.0005387305257738007,0.0010996991493650299,-0.005801513574745343,0.05275595831459601,0.032774119195672746,0.014430159613012528,-0.3207528043000001,0.0026169454301445683,-11.335285106229101,-0.0031717803908311026,-0.009185324563014241,-0.023904761904762317,11293.800000000745,-0.002101297956645709,0.0033764655587065207
2016-05-01,0.0035132693606945153,0.0027058383879259296,-0.011257736508047955,0.0021169469925945705,-0.06568799032357742,0.04251134441249693,0.0196623295758096,0.13082048359999998,0.0038190407932923165,-4.942372622048275,-0.004469238688587396,0.037404755057564465,0.03599567099567125,969677.6000000015,-0.007130790212261928,-0.002270369719856724
2016-06-01,0.004219262124387058,-0.002923458112536359,0.005909295542458004,0.005167046777930118,0.03586590368407094,0.042342977075100485,0.010707146041283089,-0.03224521799999991,0.0035897644118421113,27.9583472946699,0.0011023601986810405,0.027103994678087773,0.02772727272727238,-370286.69999999925,0.011091912750243793,0.004712588491569747
2016-07-01,-0.000979694436491485,0.00014146001222403726,-0.018047396168327623,0.0017690111821080379,0.011941531291860485,-0.022581364045605845,0.017197214438589015,-0.11019419490000004,0.0036414791136856195,-17.724163430608648,0.0026038115516788807,-0.0027663856634840833,0.4315151515151521,385620.30000000075,0.014989050500462398,0.001171402354962936
2016-08-01,0.0032095915651728646,0.0009960857403044088,0.032504321979532236,0.0018999888636450635,0.009136009842285908,0.008383315732703345,0.002587640750779663,-0.04864951890000002,0.0033728140029865017,-7.382165779498386,0.00281456707553307,-0.006827566803620844,0.024927536231883707,22182.699999999255,0.0186975683434234,-0.0015082196772331358
2016-09-01,0.006381405694946274,0.0036242203113037164,-0.0025067061198287277,0.0012956315041003919,0.010857341053821301,0.0208452909843011,0.016771041550615706,0.08134516050000018,0.004344506318457064,20.44496075900623,0.006087823623268207,0.0381034581035018,0.0431677018633545,46042.099999997765,-0.006235456575646836,-0.0010556910872727698
2016-10-01,0.0025294038064984647,-0.0004873069807356245,0.012672165288503123,0.002216822035241428,-0.001118904595776904,0.014122492155723698,0.018661319173279622,-0.2589524081000003,0.0030614384068741174,-0.06981872551948953,0.006050975173258699,-0.01575463427091739,0.43714285714285683,585981.6000000015,0.016030573955504224,0.0001559439981937416
2016-11-01,0.0024912051122738532,0.011472679204780789,0.013439022603946249,-0.0014134942171049047,0.005319933603074034,-0.03236275224814111,-0.002753507447110337,0.00875715630000018,0.003225891657002933,41.67405141595569,0.007787332425766458,0.06287754744044394,0.22942857142857065,54854.89999999851,-0.05773504258288931,-0.004180408725706464
2016-12-01,0.004874040407019109,-0.003079361971342287,-0.002910618888988914,0.01860839683760407,0.004758224532225519,0.06996437424805446,0.02163984861024648,0.04246346240000021,0.0026372378274714947,19.514495576459822,0.004597748452593642,0.01979048346365264,0.5700952380952389,-707626.5999999978,0.007188720487338429,0.0068125945893555695
2017-01-01,0.002955651586173502,0.007080405045801541,-0.01908694323998006,-0.012747532381696125,-0.011725566058827575,-0.09129067420480119,-0.0026991032107046564,-0.10110096810000035,0.0034657003623692617,52.69418083847458,0.016859076442206522,0.041274082261038014,0.20145021645021632,357186.19999999553,0.0293220952318638,-0.002632185863649106
2017-02-01,-0.004709877727294476,-0.0045119202568457695,-0.014197575669058438,0.006788733049199358,0.004641135878297398,-0.012071344814149398,0.010940686908596398,-0.06665412869999976,0.003435051148422019,-62.22118794075935,0.005761953142316756,-0.05254759969218048,0.364665071770335,23573.400000002235,-0.0030742159227905574,-0.004022819294649871
2017-03-01,0.0033533286041596,0.006904399683794082,0.009689736400904536,-0.0007438548678573298,0.005190748588934646,0.0012031822944678083,0.00613947641946222,0.05814118579999983,0.004284961479722682,-29.353189542913128,0.0061176381149739,-0.049996305216715164,0.18033492822966402,-598846.0,0.03532440044962826,0.006577241165916625
2017-04-01,-0.00025620502649559285,-0.010953035569152725,-0.03185334046731114,0.00274382865809919,-0.02372892370360624,0.01937097983732272,0.02297277052069724,-0.05102645559999974,0.0035669984335768845,-21.753232285265653,0.0012285623669399115,-0.0269677718215382,0.26601010101010214,974271.5,0.014719044605062237,0.010135936505023757
2017-05-01,-0.002053380928913384,0.0004187527084917875,0.02391506804912158,-0.0015426904041468958,0.014546745274243378,-0.031378463062909034,-0.01024631099112483,0.0319001285999998,0.003387883330560726,13.088407144524567,-0.0011968386193164093,-0.0016951170104237967,0.05308080808080806,-1343986.8000000045,-0.009645925484704776,0.0011830347817092246
2017-06-01,0.005185303830884003,0.0007538114292433562,0.008422141247343085,0.0017702944792423736,0.0022655429902718183,-0.006194137794515164,0.011742038690401913,-0.23082229069999993,0.004590367387091732,-19.17782748178523,0.002510909508599113,-0.033783598838221796,0.21636363636363587,718039.6000000089,0.02167527302544947,0.0020579802852100926
2017-07-01,-0.008817734012054324,-0.007870790540178696,-0.013053321572195742,-0.0018508905279697174,-0.0016011810812122107,-0.006346501395026571,0.00017258756680504916,-0.020487543999999858,0.003563188131874284,-18.306183559985964,0.003774273637762171,-0.016922648665756768,0.20761904761904848,91139.60000000149,0.02288967078218107,-0.0023975598889283134
2017-08-01,0.010620185454143893,0.006086991769418404,0.009257789964572716,0.019470608163460135,0.0017730796770756285,-0.023407634961465362,0.014447744792401629,0.07695804119999972,0.00403234971809141,28.973923706253675,0.004929275535004329,-0.0011960028780504395,-0.014140786749482714,-905465.0000000075,0.003885835570718754,-0.0041471676206601416
2017-09-01,-0.012067261912399374,-0.00987521340019093,-0.001279740762560877,-0.020802822004502453,0.003825747538861002,-0.03451965659507117,-0.006962067084809398,0.0074018960000001854,0.0024429853277858626,-25.69681337038027,0.0031242012406833553,0.0016059401903012471,0.001759834368529667,392242.200000003,-0.017023871816567393,0.001031641609603895
2017-10-01,0.013442260463816247,0.011243749998114616,-0.004900612375631219,0.008691184602446,0.0012872806532699954,0.04028596613279589,0.015860575454253123,0.10380587769999972,0.0038982649671481795,40.017343769532154,0.006273669665694648,0.05351362298916085,-0.005238095238095042,-161983.6000000015,-0.03477160860786732,0.012242951327366747
2017-11-01,0.007405905392584344,0.001656955235440627,0.00012509830415119438,-0.0006016547622822443,0.004595537158569307,-0.007410259257584428,0.004284956683899388,0.05554737030000023,0.002404445935656696,-3.0972658345821955,0.01025666014302562,0.005283608020224317,-0.014500000000000846,1414650.700000003,-0.0320362188821246,0.002389626780567866
2017-12-01,0.006362790274439867,0.0070288873712929245,0.03130312872891228,0.0035222255456544005,0.0032648442788580923,-0.004876904539459659,0.020002063508680834,-0.10934779440000009,0.0032582151573805618,-4.32706166433578,0.005895967765264132,0.013935181009147257,0.19713157894736888,-1469219.1000000015,0.04691485574906018,0.0019533298635989738
2018-01-01,-0.00705576749718162,-0.008909538460100563,-0.021969201014377937,0.0026519793649981693,0.011115399327703557,-0.07515775030446381,0.009641424190717451,-0.10904464959999993,0.003031184751304039,6.679664501043803,0.005298863660708086,-0.014378824423362246,0.06964114832535984,487080.19999999553,0.022077711593141203,-1.872595501151153e-05
2018-02-01,0.005175997274477595,0.00427866075791794,0.011150089866366564,0.0006785626462111338,-0.004858829009507737,0.05090889232369644,0.007987664890839241,0.011153838399999838,0.004355485699992556,-11.325570636457329,0.0038024158110294692,-0.01397805532926455,0.1977272727272723,534328.700000003,-0.06168296270303664,0.002421606629052775
2018-03-01,0.006858821625628231,0.0005518390687520025,0.0045278340920891225,0.0042507534940421365,0.007754190848887177,0.005524216605881094,0.012663144315566477,-0.02745229699999996,0.004488332042903664,-9.537110287664426,0.0032294077868808557,-0.0007565234408231092,0.07631578947368389,-29634.79999999702,-0.028070228887507653,0.004886354634384027
2018-04-01,-0.009012361530913893,-0.01350428391111258,-0.018461155939956342,-0.003924761963331136,-0.013447590919646757,-0.01751979144190141,-0.011497755056827152,0.11749047270000013,0.003792049493974048,11.258457458319363,-0.003396076979224283,-0.013164045657831025,-0.02488721804511229,-6069.70000000298,0.04728309608198522,0.01095858190317145
2018-05-01,0.0075208207971062535,0.016933523093080716,0.020787032992434007,0.002307393846376904,0.01770692822889952,-0.014039605969956348,0.01976045889827649,-0.1588465588000001,0.0028692289428526863,27.489318358055584,-0.0016226876475453622,0.06341605059986044,0.03493506493506526,-1615701.6000000015,-0.07949961993171506,-0.009045665423148996
2018-06-01,-0.002459809321079476,-0.0017795887572784608,-0.003632269982358771,-0.004092152980932795,0.01475242192610704,0.015547007990864614,0.010715258265181937,0.13030521529999994,0.0008575241497901231,-8.55072322188552,0.0038552622025074257,0.035708231986661954,0.06554112554112468,134922.50000000745,0.06502423493465948,0.007739323183955982
2018-07-01,0.0035900172198592983,0.0031708210726044683,0.006563866577627309,0.005564924441510577,0.0020342181810439897,0.000528696744455992,0.012291613665268208,-0.060874353500000034,0.004348617690812517,-31.471593955849123,0.005345449316263462,-0.06583860277949283,0.16400432900432893,75905.19999999553,0.04180533136011988,0.0016130706732431221
2018-08-01,0.0028529205196212715,-0.008298104816451435,-0.038024613157123355,0.007065515466140759,-0.0022663062390080313,-0.00847409539934052,0.004431363882638095,-0.024591143399999904,0.0027835028280769336,29.206773543874668,0.005817358706623921,-0.00802866327456897,-0.004169960474308176,602196.1000000015,-0.0030294946631297393,0.006442729109767065
2018-09-01,0.0009742654616822222,0.010932168955483768,0.02960275956075531,-0.0012871418003790325,-0.011509250481445576,0.023480220211043346,0.014504700216223299,0.06174123790000019,0.0028957228916794975,-24.61707818380436,0.004220274474288743,0.00833951181204684,0.003760869565217817,1177218.399999991,-0.0008787223764628038,0.0006505452749951957
2018-10-01,-0.001153397232762643,-0.009017285482729065,0.0031242987044324266,-0.009466128986405309,0.01122050665274621,-0.034309302985081835,0.005144146137742389,-0.12896408900000011,0.001098062573049674,37.93503112162016,0.0051690938739525905,0.008923315748256222,0.008847826086955557,-1510382.099999994,-0.11917359287002505,-0.0011033900564871857
2018-11-01,-0.005155083510639535,-0.009910931347373975,-0.061430632357422965,0.0036331966803047067,0.001338052414833868,-0.0010793237872066541,0.006308280449841774,0.14040504700000023,0.000688944605631292,42.20929808437235,0.008471507351877072,0.05453217581393943,0.11265217391304372,-819170.0,-0.05159617565724339,0.0007930645244380585
2018-12-01,-0.003999847373130194,-0.0026059735409056373,-0.012361971426735785,-0.005318371440174552,-0.0049481347486510785,-0.01135092552264183,-0.0028238649126235416,0.3178726615999996,0.0006909722234702542,-67.68589043233516,0.006984146096646882,-0.007430367074633626,0.25878947368421024,2461291.1000000015,-0.0022192244580505616,0.0002450018435427026
2019-01-01,0.0050176213979629125,0.0015789075247862883,0.04568063095113395,0.013477623626343416,0.0036598236941713935,-0.005864705441131157,0.019652113353374467,-0.20630601719999975,0.002051680311161874,22.2497317056636,0.0008538384435521351,-0.04818496267416883,0.07193779904306297,-1148765.200000003,0.05484782078991124,-0.00666522303835837
2019-02-01,0.0024782195521817485,0.004842834607224233,-0.0076406242070445884,-0.00031962072229418936,0.00857454075208075,-0.014686584727412466,0.013162945501007606,-0.0614869066999999,0.002036864847333675,22.967472023217837,-0.00028129804683363346,0.0020734967415920735,0.001746411483253496,1366508.200000003,-0.026821313929614732,-0.005479088490066175
2019-03-01,-0.011731155639822965,-0.012365027948105123,-0.017518900373751478,-0.01647480592370254,-0.006467930936899791,-0.017651217440966427,0.0017671756550461382,0.22212741179999984,0.0013109334925225369,-24.12097653249603,0.0038440172240301607,0.00222923783863882,2.631578947287494e-05,-140819.5,0.010626014364346403,0.0003752804925412079
2019-04-01,0.004384572446732626,0.010136542116230274,0.013222901223669759,0.008643052916637473,-0.02424323299176301,-0.0017256584852018975,0.018818653411447173,-0.12891541589999989,0.0027904444675321827,-31.890088655800184,0.0005313830092132932,-0.013673351318427507,0.014000000000001123,333519.30000000447,0.029953536698496208,-0.005865977141161771
2019-05-01,-0.004188016826097929,-0.00924918977229261,-0.030757680159196,0.0021822578629437928,0.051743295935181344,-0.07068192590968181,-0.0030434719614662598,0.05363771770000003,0.002340216824151753,20.16634249610388,-0.0028825153927902747,0.006996302090639173,0.012863636363634967,90582.29999999702,-0.042324224819649814,0.0011530983463270417
2019-06-01,0.005031080736471516,0.009864253878576257,0.004808503195364189,0.008960463303991695,0.006439956127238133,0.04634701536229713,0.022336313347527614,-0.0048108123000001335,0.0010455955910444459,27.06138929923442,0.0006391261620146693,0.00806482029751443,-0.01786363636363575,610353.6999999955,0.009591742176107587,0.00044427195055796176
2019-07-01,-0.0020971018831277277,-0.005994154850947453,-0.011903628717407244,-0.0013606180357026432,0.00504068734545271,-0.005738940605763965,-0.010801687647524538,-0.009140126300000162,0.0015541974903854339,-24.62469063711707,0.0037490502203736398,-0.011535858976142066,0.01584782608695612,-1113780.299999997,-0.05471408510945963,-0.0048606038693659315
2019-08-01,0.001059127209644295,-0.0017299229971072805,0.00608295858593344,-0.00342703662683963,0.00992098679313802,-0.0021078795927254035,0.02018409234997609,-0.04174131999999986,-0.001128858780027997,44.0504004665154,-0.00016396842197874406,0.032613393059949924,-0.12662055335968248,1532348.799999997,0.04215507606864222,0.0068257248349024024
2019-09-01,0.0043309548078172,-0.0008253740456165559,-0.01206772933415401,0.007599615460307518,-0.017144896277077493,0.014025802158823986,0.0026721014770592078,0.034950559399999914,0.0024931527048686064,-4.135811358236396,0.002620273930462602,-0.005017892430652093,-0.08722727272727404,-1174689.9999999925,0.009079880620886271,-0.0033894417233817364
2019-10-01,-0.010200060496785568,-0.020898312112569428,0.0028521708628908016,-0.0007450683788094992,0.0003634542468260449,-0.030868774771553475,-0.001279270195374771,0.09662824430000017,0.0009571119849134391,-15.389714614749394,0.005382727861283243,-0.013483902476623122,-0.29223913043478156,-304078.80000000447,0.007551099928688743,-0.008478362664281036
2019-11-01,0.0020494646856201726,0.004213507324032584,0.0037938182968293432,0.0017603974281090728,0.006486346812981658,0.01944859095680851,0.012804687187131236,-0.08320541550000016,0.0008330299138243902,8.665191560130054,0.008034391726760681,0.00042890421839913984,-0.018260869565217774,732068.4999999925,-0.01200378390892709,0.005006764315212742
2019-12-01,-0.001761530843880088,-0.007902395724944888,-0.017991323511384216,-0.005415824430588856,0.025557567262065817,-0.002299758100867244,0.016406296284627864,-0.3350938704999997,0.0008890503732637001,24.275678589986143,0.005566087827380883,-0.011727118713058982,-0.29749999999999943,121452.70000001043,0.01669399200243049,-0.0023266844944638265
2020-01-01,0.008367999597783893,0.011967726209118013,-0.008954368186110173,0.003996033398166787,-0.027127651125271157,0.004774838218263966,-0.0017989141336895997,0.44948803849999974,-0.0002218564196674322,-19.497849122510388,0.004830950016267543,-0.015988270230958168,-0.20113636363636367,493600.09999999404,0.01294469669315923,-0.006575138580045881
2020-02-01,-0.010131755990760105,-0.005760050703562669,-0.02672278020930463,-0.0008147261491702196,-0.013804766587222517,-0.0026500164587091035,-0.003321241169218503,-0.07374569369999984,0.001492179926692927,-21.874821167899867,0.004143704132810733,0.0021408654613863654,-0.13925837320574264,485095.1000000015,-0.06519725557010148,0.003356601456009578
2020-03-01,-0.03338228449980907,-0.03359126114085864,-0.03007443519190378,-0.0592197880623333,-0.003176681408842086,-0.25048312701667896,-0.06705199715444365,-0.2508567709,-0.007755119420753687,53.93127011505403,-0.00047724434412099725,0.17188466569795002,-0.23210526315789437,-68742.5,-0.17891222050267075,-0.039905426201024774
2020-04-01,-0.20913616465147555,-0.2920980396287991,-0.3572398417297098,-0.1981829183215167,-0.3007744961969525,-0.7791843500865672,-0.22925977447177281,1.3527038732000003,-0.026292238460889905,12.489251971117483,-0.010188570353327542,0.08097339209606425,-0.5365000000000002,-6052667.099999998,0.05395431173568355,-0.14142247901545613
2020-05-01,-0.018833945778422567,-0.0013155638600883535,-0.014751726429384604,-0.016351057472593133,0.06665689103356698,0.10871602690175441,0.03776205574805758,-0.3940608704000006,-0.014080008790312348,-41.80015045358573,0.00384113120151941,-0.035350300548210534,-0.5514999999999999,563852.5,-0.00957068379180015,0.016402914528458545
2020-06-01,0.1120351289105761,0.19612247749367828,0.19815790594518745,0.07907625685655972,0.09307448009007047,0.39360067840420676,0.10039421440953689,1.1596661565000002,-0.003940163792112372,-9.561882627469913,0.005457846854131532,-0.049179258864752384,-0.31563636363636327,8308831.699999999,0.0431734801852528,0.06347249159182677
2020-07-01,0.04940361315173014,0.042996935124824276,0.02560349983378707,0.04315077723938909,0.06842918252666585,0.1381819210909212,0.04165632366346905,-0.4296154298000001,0.0010094384064274209,-55.79850073469907,0.006545705415677006,0.004667336105561137,-0.47636363636363654,1772230.8000000007,-0.01864614555954347,0.03678711230080012
2020-08-01,0.028931969845497285,0.03727065614101921,0.034714948747547325,0.02286445796548886,0.059016064871207696,0.09332492502836232,0.07080332140905288,-0.10827943590000011,0.0020559639290311793,21.535639927038055,0.003929205142444658,-0.008792617311258244,-0.28142857142857114,745602.299999997,-0.004845615357810473,0.009731960431251352
2020-09-01,0.026760277959789747,0.024551411181094274,0.028656695932115284,0.039676635070636124,0.020817491887470396,0.00032175019490932044,0.016867018373632803,-0.11016178039999946,0.001594036758699957,-4.207571744853965,0.002287239226421711,-0.02397938089969509,-0.26095238095238127,-2386355.3999999985,0.016634723977968946,0.00012505093236558906
2020-10-01,0.010593538436140193,0.012894759314280968,0.0100398708556666,0.009218983057185604,-0.0011129153709594775,0.047426195983439,0.021564534712679162,-0.20113245000000024,0.0032468071906350815,3.34280978132594,0.006086109302853693,-0.019114242278739813,-0.21943722943722843,1940497.6999999993,-0.012649029511027976,0.008017424837306386
2020-11-01,0.007704442563414737,0.003899883137647109,0.0604164434022616,0.013725208353336349,0.022149642198405317,0.0308988492529787,0.012473274762106357,-0.07799319210000011,0.004376931965335729,4.847721352842882,0.0007535726129717091,-0.04267290285620451,0.021818181818180626,-3752562.6000000015,0.12180100170902186,0.0035310967909989444
2020-12-01,-0.0029457775587919954,-0.004782200764567257,-0.03325234563556023,0.0035974844635893177,-0.03507537905143998,-0.022295122791797795,-0.004372835788027274,-0.3409337452000001,0.004781932746404038,4.611358980561889,0.0038051272949406467,-0.020663485847480345,0.023181818181818414,595026.8000000045,0.05331771955884257,0.013112855111043764
2021-01-01,0.0005396594413387135,-0.007895498640028364,0.01041184348378632,0.004366710053238521,-0.1060531818374173,0.007699806034328738,0.023659032399523383,0.3614005196000001,0.00076454924231939,32.62575332553803,0.008556601519952522,-0.0021862009341200306,0.009318181818182225,-1017145.3000000045,-0.02484024401194418,0.00526452556660395
2021-02-01,-0.006448203306146816,-0.010618580032685898,0.024824359987624334,0.00450966197201641,0.1276602595840748,0.03309570503171955,0.017397627364005963,-0.09137307039999953,0.0015484113162607116,-37.05620327317705,0.006304375588754851,0.01930153497475029,-0.18776315789473674,-257954.5,0.03670667022786667,-0.033600576999423204
2021-03-01,0.019706739978577303,0.02248345957442144,0.020024511200312567,0.019950909436760256,0.012301439013175042,0.05826852227286761,0.015118096495023714,0.025389922699999623,0.00282138176277158,17.09942876108775,0.008234194442567677,0.02170878123242792,-0.09837320574162689,-6646624.1000000015,0.057798652463114664,0.028565786232450208
2021-04-01,-0.0018996571699485543,-0.0018879361618706625,-0.00045669419353888685,0.0006735661744148302,0.024890908107833454,-0.06047989472404325,0.008493880667280962,0.20148055259999964,0.0035410775574789,-21.497570788812013,0.0032676558220998686,-0.03631238131976566,-0.0023636363636363455,4995320.6000000015,0.01602993062479996,0.0017578578773207454
2021-05-01,4.386945176992896e-05,-0.00537789852412196,-0.0061687636412495195,0.0029005738605434317,-0.03655021144614423,0.028357730274814585,0.0014977145015269144,-0.5925289296999994,0.004469353545097476,8.933898732650192,0.002039099763118557,-0.0026094092561197435,0.02219047619047565,-1124880.1999999955,0.058183374294504375,0.008834757856392983
2021-06-01,-0.0016785141743378418,-0.0017614360732425283,-0.032678836078750884,0.0028722048117986176,0.006973418678536625,-0.036935584638881025,0.023118178797728817,-0.10065507900000048,0.0038361904044066364,-4.291485624024787,0.005314135742118253,0.0033475722128826213,0.007445887445887145,283277.299999997,-0.01178555966135697,0.003668089560924237
2021-07-01,-0.00353763725530154,0.0021305788076837473,0.03459235430052221,0.0036121572346967667,0.001976054977824937,-0.05716057005477726,0.006395515532478413,0.10889781710000035,0.006902201803846708,-10.078369726102693,0.005857978816170117,-0.0029979887545361628,0.23181818181818237,-2740827.6999999955,0.011439060069593054,0.004530861445060097
2021-08-01,-0.007486023796363206,0.0036928194958827376,0.014066167199229263,-0.006280479243494064,-0.0035932715893078893,-0.017086379396705098,0.013497388007550626,-0.08514427460000018,0.003846856304228652,-26.248807570671985,0.0019070139050594292,0.005295389594122568,0.13863636363636367,717581.599999994,0.046784886481592736,-0.002078928094134014
2021-09-01,-0.002366165647509355,-0.010748880396416638,-0.006272118204014632,0.006824896067101349,0.038054421805040484,-0.010292432581509026,0.021256977934915433,-0.08103130410000015,0.003386352790894165,16.366442582623826,0.006144439462718587,-0.001368230309378049,0.16448051948052012,574960.6000000015,-0.03666820581933017,-0.01192362503883615
2021-10-01,0.007012316460563106,0.010566997368574249,0.0012220517025021138,0.006307302961957362,-0.00595967835347988,-0.03151942963335319,0.007311207457058266,-0.06375150739999969,0.0029274668377432533,15.128877239493356,0.008341998827861907,0.020433059926298736,0.2252380952380948,-583011.299999997,-0.0014744761328824296,0.01334599098044631
2021-11-01,0.0064732914056637725,0.005289548937186694,0.008409274897256402,0.003484587594209998,0.020850361616243873,-0.012217112073260594,0.008813778143755613,-0.05076103880000016,0.004119925723671258,17.263723204080932,0.011383460917764765,0.021172379576638978,0.11019047619047573,2222974.4999999925,-0.03190339051104729,0.006757498302163434
2021-12-01,0.005425548295757032,0.012526426623506559,0.0009642215638594465,0.008884067147813646,-0.002644097181524252,0.022037805407652655,0.016491298163054502,0.008465955200000153,0.003647369823884361,-37.64600923650521,0.0036209645356706233,-0.00041060235175338633,0.2864347826086959,-2003051.599999994,0.06943999757774932,-0.002907100013006314
2022-01-01,0.006487146535185673,0.012559419153742368,0.030152664699855336,0.0031887775718200118,-0.04562134248727201,0.06854384175972061,-0.01156837699555524,-0.2361547606000003,0.0037399902837726984,36.03689643266827,0.0058986189472163275,-0.01904255237134489,0.30004140786749467,-1256226.8000000045,-0.03712718427822281,-0.0038553890138945945
2022-02-01,0.0019737847588379154,-0.00043474788624919825,-0.0016332755654486775,0.008051914589898956,0.04785139908948732,-0.003980235759440731,0.01983557566500771,0.24140596380000012,0.004201988390875044,-3.5413244188422084,0.00826224302377998,-0.0023566894088298262,0.29794486215538907,4229473.700000003,0.039530191026152295,0.006177379936951333
2022-03-01,0.006773719040678472,0.00942458928599077,0.034139787236577845,0.007056692490280625,0.010846585439035827,0.025727772077786426,0.0070285755060321975,-0.33559735030000004,0.002046497219296839,3.658556164480629,0.009852049245825611,0.005203674742428888,0.29748803827751225,-3085373.0,0.05706746810548502,0.005779525289359988
2022-04-01,0.006573878431632707,0.005878550089356338,0.0007886909507419659,-0.0002686100800888269,-0.003557901518285611,0.05212342066504405,0.017758889161995306,-0.41732732520000004,0.0027047088799783126,17.58023460054976,0.005394920292562055,-0.02200505757948168,0.43619617224880347,-601767.0,-0.09490192757753135,0.0004861197143313234
2022-05-01,0.0002625438998151708,-0.001971726727202139,-0.009930676806645167,0.00518087153689617,-0.0012972223667278016,0.04386430686748266,0.013505895879064589,0.25416258710000017,0.0024658060527862347,-60.45089433460916,0.0017615612148977888,-0.003900417856453675,0.2738038277511956,-614652.700000003,0.006485646046908045,-0.0010504332153136176
2022-06-01,-0.0033110261189390755,-0.005423092309193578,-0.006321418304664483,-0.0012281338126749475,-0.02470152415117166,-0.05582274936317777,-0.015973136509026986,-0.012705631100000225,0.003263829992381062,-1.95293979059187,0.008409288198676812,-0.00033904001071771717,0.330454545454546,-1162154.1999999955,-0.0852290449805242,-0.0031183386894699794
2022-07-01,0.005533921002798259,0.006774734235523994,-0.010502441176990729,-0.0033885822342893945,0.01332608229696497,-0.05575236605103928,0.014165483407892587,-0.1138333426,0.0031100633113005927,25.834702331494668,0.007379866304470184,0.025782747871026412,0.6179220779220778,-998733.799999997,0.012959036343261232,0.002027284973972421
2022-08-01,0.004916351405690911,0.0043282882460067285,0.023168587822131492,0.002578648740282574,0.021173604330447127,0.09190846030311395,0.015452944196273855,0.0448287274000001,0.0034891720519354408,18.155643507643106,0.0069300908353859825,-0.020940750670183306,0.46701863354037343,2299606.4999999925,-0.06933759766676673,-0.001252475829669919
2022-09-01,0.0017215210406744674,-0.004182988777649221,-0.005867063238008008,0.008033032116545158,-0.00919263376357371,-0.026427034594802556,-0.0009251466988278167,-0.12264768510000001,0.003504116505297361,20.151433224133058,0.006184241890605513,-0.0022843107309813426,0.32679089026914987,3123700.700000003,-0.006531144761650509,0.001931932369605427
2022-10-01,0.003956243896129585,0.0002813970050610237,0.008816903533201526,0.006169468965858016,0.003267909122519619,0.06228449936668845,0.010776934333373234,0.11758586879999999,0.0032870159349620565,-28.76124639827799,0.005643468771788562,-0.004517281460900691,0.694285714285714,-2179867.3000000045,0.11213321944000576,-0.000384112746256271
2022-11-01,0.005576942751394753,0.010923543903339272,0.020888921061730237,-0.004854639044159725,-0.0038111715261530676,-0.09036447488228294,0.006089372580446728,-0.2953920213000001,0.001942186294893844,-16.747007880258593,0.0057387938916528825,-0.02737363547762639,0.5041190476190494,1282616.100000009,0.034697070840921995,-0.0029444934707285597
2022-12-01,0.00858237355936442,0.013986429858306337,0.035833762442684325,0.01343334295784615,0.013442959565052703,0.13198492433549447,0.008797067826537663,0.03126882170000034,0.002955210288799748,0.9835145705268573,0.0038102828552526447,0.0075849788832842435,0.5506428571428543,-901658.200000003,-0.06434653056565942,-0.011845400797525052
2023-01-01,0.0006083265655316694,-0.004433175776886067,0.005635377404508368,0.004373865994966586,-0.00011126309548803448,0.00048465463449254287,0.01941455197038966,-0.056798077300000305,0.0027188072602513103,60.52024571972783,0.006760882128083345,-0.0314505448096738,0.21058441558441743,2232929.099999994,0.11856091170307437,0.007376024221829702
2023-02-01,-0.0065128709534398865,-0.0031364067316452804,0.016565331419368334,-0.007980427105296783,-0.004433385397856426,0.06669422688693416,-0.0026429869531954253,-0.07411557449999995,0.0036589325457008215,-70.7146752751514,0.0055603122323359955,-0.020635077188247752,0.3380622009569372,-2993833.899999991,-0.0336627341075566,0.0013582135715868304
2023-03-01,-0.0020841152574666566,0.00018530605386946064,0.003881959791718792,-0.002310962331145028,-0.0013114638636499976,-0.0015719574861137176,0.011370343370636249,-0.011486105999999996,0.004172223729355551,19.232045371535527,0.0026751434441747435,-0.012099093135953698,0.17921052631579037,1567943.6999999955,0.02148815642633828,0.00375777546565903
2023-04-01,0.009920345573351419,0.004840117919838072,0.0016719725509197758,0.011856670326507057,0.004956585241933986,0.01996329794969487,0.011147072492391885,0.04675125010000025,0.003693642811050779,-16.340404472043517,-0.00020253006861725709,-0.015875643593177724,0.24666666666666615,-2140451.3999999985,0.02233005064582194,0.0022988686347238385
2023-05-01,0.0017248002267828966,0.004777465342385767,0.03074229787262972,0.008302597049890004,-0.021242631764466502,-0.00519479245119836,-0.004527152926585565,0.05886843499999994,0.0035665843955072773,-11.453564420299728,-0.0021758890536993647,-0.019440192437610637,0.016969696969697523,1824222.1999999955,-0.04423144022529257,-0.003208999022467296
2023-06-01,0.0042820917041801465,0.00409739809925469,0.021686469150493437,0.006889471379269985,0.056680070796762294,0.03647819760033766,0.044277154524557716,-0.3282254486,0.002202100769675752,30.672659757119106,0.0010144442106341245,-0.028367898494795263,-0.042272727272727906,932205.1000000089,0.014866117515538235,-0.00804786480502262
2023-07-01,0.00021411409630722744,-0.0003872813902665584,-0.018719260147174843,0.000993439938764773,-0.018039937675966122,0.02126991628515995,-0.009731353959087308,0.30741598000000003,0.0015063461468223238,-32.468043865062874,0.004808487124944527,-0.019695981473871527,-0.0011255411255408632,188123.79999998957,0.02386836093384126,0.007830856183776547
2023-08-01,0.003327538573333122,0.001436593739780001,0.017464054471274082,0.005958718437813815,-0.008199008936236929,-0.018581831272595828,0.004475539295546227,-0.22220791340000012,0.002265836437377544,-9.828355066276565,0.005519081108968926,0.004232394535975903,-0.0008902691511387673,199310.50000000745,-0.033350082412107795,-0.0006681669277961433
2023-09-01,0.00835757248730129,0.006429483882901543,0.027468504146795247,0.0071606522725096156,0.00166511005771941,0.07663011113683105,0.012807121788272369,-0.015105397799999754,0.001886177827376656,6.81895517078226,0.004428790478855582,0.019312629965799744,0.005175983436853215,-1466221.3999999985,-0.041316433265947694,0.001801245307687438
2023-10-01,0.0002855282825446892,0.009622006274895512,0.01695353482427464,0.002590147520235675,0.013093026480053283,-0.034661870105151316,0.016199262835867145,0.03704519239999993,0.0020504842297022208,16.047098580837435,0.003751025573375699,0.04378430693266333,0.002748917748917279,364810.29999998957,-0.03628892362922187,-0.005481179041073148
2023-11-01,-0.007377037046093271,-0.016475984409412447,-0.0260060819711887,0.003850059179265841,0.0006688922299362687,-0.012090934117753527,0.006161636730403153,0.07193699599999981,0.0017678130530605074,13.298071541364813,0.006380385997397653,-0.039804989950919634,0.0012272727272719663,-293513.09999999404,0.09701242139447963,0.003923856488423638
2023-12-01,0.004217527565396395,-0.0006474078479818957,0.0133400478511021,0.0029250204547652814,-0.00317370820153684,0.0206455015053848,0.012558901809218703,0.023429313799999907,0.002298305959893554,-31.831938024876187,0.007035182038498178,-0.011035711369386192,0.024394736842106468,1741422.6000000015,0.059709969969910404,-0.00258901106065057
2024-01-01,0.0003177837809973383,0.005777878032775519,0.007420458321346857,0.003126833272955487,0.012329258856159875,-0.012582569927398701,0.002713205671830643,-0.023496764399999925,0.0019841577529682297,64.83326343942184,0.008889682802083243,-0.005757849043407592,-0.021985645933014553,-801731.8000000045,-0.000235071409385057,-0.013820284885654566
2024-02-01,0.0033476655323312343,-0.01560167931171108,-0.0009815739857668149,0.007713529964883392,0.005966121914707578,-0.003053301819660348,0.021089789411306015,-0.18900553539999976,0.0014632118799333682,-53.50672324804708,0.0009429867932224667,0.00014395604098949022,-0.008409090909092143,-1528716.3999999985,-0.03473738677255156,0.010653345023457383
2024-03-01,0.002579685752440497,0.0061330538543149515,-0.005759483938292398,0.0011160595785417726,-0.03205771735969254,0.06576462444705022,-0.0012153964622667601,0.09898441169999961,0.002668093964746987,6.584720183777954,0.002868392157384214,-0.017590547534565903,-0.04249999999999865,-674457.1000000015,0.034672022609370856,0.0017186200476606572
2024-04-01,-0.01301299637396891,-0.009655948847902884,0.0042544001875572945,-0.008122406965505924,0.03411135722227865,-0.04856401785311615,0.004509909445720162,-0.015154780199999607,0.0017100955999254097,5.197987128052489,0.002019367231056002,0.0011100454889483302,-0.19363636363636338,-852244.5,-0.011236720313483772,-0.0021335238777089316
2024-05-01,0.008129469865552075,0.001860902515994134,-0.0029487240577399376,0.0011903899123604234,-0.01227380701097136,0.021712857714657474,0.016537617110989444,-0.07379454250000039,0.0006592864097498818,-22.68661030506221,-0.001855281189934388,-0.0010046423889868983,0.0013636363636368998,3064150.5,-0.02768080726556832,0.006161931798148501
2024-06-01,0.0015065781647090049,0.00256420798532897,-0.009558731797863373,-0.002930301845686323,-0.01038910299854745,0.03096066352351201,-0.0074126162099013015,0.10378801490000011,0.0009908457758101008,72.49841225005477,0.0037739966858003626,0.08138005495635392,-0.008227272727273416,-2792559.6999999955,-0.05091673309470579,0.000307300368700858
2024-07-01,0.009991812279618095,0.0058731865173804465,0.02348237447358681,0.008114138980561236,0.014995972335331231,0.00948393344111409,0.029687470356060786,0.0145276831000003,0.0015338192682179397,-65.65506811693282,0.010414104622255671,-0.00581794839131522,0.005934782608695954,3047153.099999994,0.013200438715440299,-0.009143304316003409
2024-08-01,-0.008346182851386885,-0.004671165252519316,-0.009206639438556152,-0.002956887515208173,-0.012525293798899995,0.00668086211518748,0.012956754883028943,0.03251248789999961,0.0001217497010621571,50.053692680437926,7.352508679225878e-05,0.05582241108573971,-0.1745256916996052,-3107413.799999997,-0.004211965265964679,0.004542772371983972
2024-09-01,0.0024621709127936597,0.006131165158603125,-0.013184461099879918,-0.006542817644128007,0.013050098717227065,-0.007392437158807219,0.011795724653641315,-0.05474418109999979,-0.0001520767845164528,39.46256535191513,0.0004924786845244,0.024762043774532394,-0.103409090909091,2965006.5,-0.00827779476538204,-0.006217580718655746
2024-10-01,-0.00962182402532008,-0.0170432334994306,-0.01528120948526368,-0.010354628511317188,-0.0005353479372391945,-0.03676144783217872,0.0005711419530083361,-0.21047609470000017,-0.0006072759798350091,13.970442622611841,0.005481714519659064,0.0037902511222038804,-0.21840909090909122,929051.1999999955,-0.035223323837762166,-0.0034012836016454884
2024-11-01,0.004704386204598343,0.0018403705842571227,0.004472734442507509,0.00829536552500798,0.0032284314579493767,0.0754258113492412,0.011477089441138233,0.19775855860000036,-0.0009633282800649567,9.675388947132689,0.00434637441660346,0.03192697357289109,-0.09259090909090872,-1585333.8999999985,-0.016888606558202568,-0.001781025012705939
2024-12-01,-0.00933625119715753,-0.012091043313776417,-0.034250091082925316,-0.016667464363730566,-0.0021827077592559974,-0.05333600717363307,0.009564410450752625,-0.04217618730000039,0.0005345150366764528,-2.5231244714113643,0.003813014609890253,-0.0039117000598341,-0.17049999999999876,-38796.49999999255,-0.006028074644696346,0.01036780188456099
2025-01-01,0.007322232061843792,0.002294141147994644,-0.008342028402736013,0.010066619983589042,0.005000771036538509,-0.018379175756559896,0.01662666511504174,-0.0011928686000000077,0.0004666435316273976,73.1701407956233,0.002852057005441999,0.013865685595182864,-0.2523636363636381,819806.0,0.03368496695859058,-0.0026208646085175147
2025-02-01,0.00943783158129996,0.017545773022433764,0.007585635061228224,0.011604829705389896,0.003478621707738938,0.026876974601471204,0.01317988462419084,0.015036442400000016,0.0003559133851211982,117.60022231516677,0.002764656052820058,-0.004481285434212889,-0.4223205741626792,1493495.3999999985,0.02156255651225969,0.010286225390843562
2025-03-01,-0.002924746738542261,-0.003771527998217117,0.0017701817539892417,-0.004922413870487752,0.0037264516425397076,-0.036364353066645094,0.014418606945580947,-0.05728515599999984,0.00012786346633220091,84.31414666339646,0.0031307715388821933,-0.010585156702775933,-0.1333157894736825,-1371196.5,0.0030283197696778785,-0.0005827653020853418
2025-04-01,-0.0028252499807956966,-0.010152094867683203,-0.03687036011665157,0.010435198315531302,-0.030403643227654875,-0.0009872010130376196,0.014096752857462036,0.021722050300000184,-0.00026313620190876463,-6.33880519430835,0.0032929103113525926,-0.009200997263102195,-0.4305000000000021,-712142.6000000015,0.06945447924467096,0.0008656154843622588
2025-05-01,0.0018888815887114774,0.009561175523796095,0.023654863098967915,-0.0028750919830109467,0.0675497098613258,0.010852535934289698,0.012025787294565937,0.08270771749999994,-1.3433612998881017e-05,-180.4578696458859,0.002803686679503592,-0.03144452108570128,-0.25964285714285573,798880.200000003,0.027738792796064615,-0.0016071780172621786
2025-06-01,0.0016650065698531336,-0.003713167692732,-0.020075421774307323,0.0030767210129623024,-0.023815506648202422,-0.00029589797868201373,0.01239358892884379,-0.10062332920000028,-0.0008661726846241891,-63.51732951647426,0.0028029702714524873,-0.02108566041948201,-0.3019047619047619,42073.79999999702,-0.006779517462607743,0.0050680790544692655
2025-07-01,-0.005518171063543242,-0.011551801010604379,0.020129811739916903,0.002966498382310334,-0.012789639368403272,0.021442366613149133,0.0022839189740020416,-0.02322117629999987,0.006183612409252248,-99.64556560113212,0.0026672846867734634,-0.017977250876299866,-0.46573498964803406,524232.3999999985,-0.0009220682939563574,0.004086103854820777
2025-08-01,0.004737969314205337,-0.0010801647801521597,-0.027973927654145747,0.00861928730566408,0.014799681922680108,0.014132768305051613,0.011957121059098519,0.07416753349999983,-8.43484803496608e-05,26.660887529010807,0.0006177946348948637,0.0008235897961768046,-0.16950310559006176,-439384.0,0.02258240725306493,-0.0026464414048792406
2025-09-01,-0.004380138856311611,-0.0013542346326618215,0.0008673974534874063,0.00046936085139570594,-0.01733476416108548,-0.00859441686746365,0.00775587591274185,0.08444474340000019,0.0007222696866868716,71.11443830938268,0.0023398955596292126,-0.011144752116366785,-0.05714285714285694,-990687.6999999955,0.06920303204641698,0.00042598677330563106
2025-10-01,0.009739053555108512,0.00813371716904765,0.00983422791022548,0.007712576891406364,0.002327639401066506,0.04157975227487132,0.014881613134534177,-0.12148046700000004,0.0026106898472839646,-62.0197400771666,0.0036125240326354557,-0.0037602346478968762,-0.22161490683229879,2439512.299999997,-0.002329490112353838,-0.004421176568901508
2025-11-01,-0.0008626232856423499,0.006073959830987796,0.005600601190951515,-0.00585150357082842,-0.0007986057985780448,0.016163323330881774,0.019000025824569278,0.08350932229999986,0.001380614789081136,84.10476352868861,0.00659042381437569,-0.000602474069774761,-0.19274599542334148,-1876631.1999999955,0.013098676088498351,-0.0018303731268254353
2025-12-01,0.003928988702376124,0.0012385950831292902,0.0043195980989079175,0.011047499039229969,0.0039928453536361985,-0.04147411254455502,0.010886300166500718,-0.07368261279999988,0.003113903672780083,26.25585267962427,0.002779267208842917,-0.018885599766297556,-0.13802005012531193,-635498.1000000089,0.011125675471479468,0.004539615801846253
2026-01-01,-0.010150242611596028,-0.009456512349626855,-0.009267156773071328,-0.015311243051500334,-0.00926251900597741,0.04328322589006994,-0.032676425795051145,0.02186920420000016,-0.0026839535700418082,66.51202142696741,0.0038097942323629397,-0.024022118871578346,-0.1723809523809523,-515324.19999999553,0.04990396135230313,-0.004496067226372524
2026-02-01,0.002802800390301563,0.005063183244040204,-0.0034782426712727244,-0.0015772427287874535,-0.0028462845251766566,-0.05830892740935578,0.0019913945800817956,0.07510862019999998,0.002957869332803398,-136.451496601111,0.004994886989034164,-0.024214444254493372,-0.0064411027568924695,753389.1000000015,0.05478622993325821,0.008539349165215704
2026-03-01,0.004841286174384507,-0.005472351162961964,0.0063378980017301245,0.011723449975654887,0.0020502879550381437,0.022782094842130896,0.0142271268386569,0.07829993949999992,0.00015963465803281451,29.218811253719252,0.00853547174274194,0.031234838699579104,-0.05451127819548862,3075830.8999999985,-0.0399299540196143,-0.00168631868162894
2026-04-01,0.016308441937123774,0.020821060278791492,0.0418205090979793,0.0019162200920996852,0.014416716007954022,0.0004318084499432828,0.00884010400201074,-0.25436407390000015,0.0019865170455233283,-80.3073321180724,0.0019699706070559486,-0.019921120168958417,-0.21385714285714297,434752.19999999553,-0.011030104487041115,0.008268777421788442
2026-05-01,-0.0044454774028119814,-0.0068494527095150914,-0.004481069216835998,0.0009736789106522536,-0.001929340198774554,0.011697931992215693,0.01469652977477054,0.17785208740000025,0.00159129636033839,-0.003913993634640178,-0.002086780595130122,-0.0066453617607287185,-0.20400000000000063,-2179640.1000000015,0.010695165413267205,0.0005974137911284316
2026-06-01,-0.0005851047031235623,0.002257900605148855,0.013407159618370912,,-0.004030600373379656,-0.011422377220695168,0.011271206133385725,0.07721926619999975,0.0034583208390266407,25.163715338383994,-0.002724853573748298,0.004529307933039295,-0.07727272727272716,3160691.200000003,-0.02391865586201547,0.0019700067106569463
2026-07-01,,0.004490598538155588,,,0.002846876186665348,0.0029810335325208825,0.012572916789430622,,0.00015305891539441063,84.33339657101783,0.0002617981413512993,0.004524921870356913,0.021837944664031994,-3287240.200000003,-0.00044341577897988316,0.001975837920841883
2026-08-01,,,,,,,,,,-129.47729867056552,,,0.004720496894409898,,-0.022765997442640185,0.00022123722154177017
2026-09-01,,,,,,,,,,,,,-0.00890109890109958,,-0.031901632939675295,
