Date,^MXX
2000-01-03,7077.7099609375
2000-01-04,6675.27001953125
2000-01-05,6764.31005859375
2000-01-06,6751.64990234375
2000-01-07,7047.08984375
2000-01-10,7333.7001953125
2000-01-11,7143.1298828125
2000-01-12,7174.10009765625
2000-01-13,7274.52001953125
2000-01-14,7381.490234375
2000-01-17,7447.1201171875
2000-01-18,7303.31982421875
2000-01-19,7171.2001953125
2000-01-20,7036.7900390625
2000-01-21,6890.77978515625
2000-01-24,6855.35009765625
2000-01-25,6885.8798828125
2000-01-26,6918.93994140625
2000-01-27,6854.39013671875
2000-01-28,6648.47998046875
2000-01-31,6585.669921875
2000-02-01,6740.52001953125
2000-02-02,6769.81005859375
2000-02-03,7043.10009765625
2000-02-04,7236.5400390625
2000-02-07,7592.56982421875
2000-02-08,7583.509765625
2000-02-09,7469.16015625
2000-02-10,7723.85986328125
2000-02-11,7623.47021484375
2000-02-14,7558.22998046875
2000-02-15,7574.64013671875
2000-02-16,7600.72021484375
2000-02-17,7538.18994140625
2000-02-18,7345.56982421875
2000-02-21,7314.97021484375
2000-02-22,7234.759765625
2000-02-23,7462.1201171875
2000-02-24,7410.81982421875
2000-02-25,7304.35009765625
2000-02-28,7336.64990234375
2000-02-29,7368.5498046875
2000-03-01,7614.830078125
2000-03-02,8007.759765625
2000-03-03,8131.27001953125
2000-03-06,7964.8701171875
2000-03-07,8005.9501953125
2000-03-08,8295.2001953125
2000-03-09,8319.669921875
2000-03-10,8177.419921875
2000-03-13,8003.72021484375
2000-03-14,7835.6298828125
2000-03-15,7987.85009765625
2000-03-16,7982.419921875
2000-03-17,7985.33984375
2000-03-20,7906.39013671875
2000-03-22,7782.60986328125
2000-03-23,7943.509765625
2000-03-24,8093.580078125
2000-03-27,8139.5
2000-03-28,7952.2001953125
2000-03-29,7885.22998046875
2000-03-30,7604.490234375
2000-03-31,7473.25
2000-04-03,7378.81982421875
2000-04-04,7194.830078125
2000-04-05,7272.83984375
2000-04-06,7462.93017578125
2000-04-07,7540.08984375
2000-04-10,7375.5400390625
2000-04-11,7234.7099609375
2000-04-12,7016.68994140625
2000-04-13,6860.259765625
2000-04-14,6315.91015625
2000-04-17,6308.259765625
2000-04-18,6684.0
2000-04-19,6446.669921875
2000-04-24,6444.1298828125
2000-04-25,6756.9501953125
2000-04-26,6751.06982421875
2000-04-27,6844.77978515625
2000-04-28,6640.68017578125
2000-05-02,6612.5
2000-05-03,6415.509765625
2000-05-04,6504.419921875
2000-05-08,6324.419921875
2000-05-09,6196.08984375
2000-05-10,6083.97998046875
2000-05-11,6104.830078125
2000-05-12,6255.35009765625
2000-05-15,6343.2900390625
2000-05-16,6366.68994140625
2000-05-17,6189.08984375
2000-05-18,6113.0498046875
2000-05-19,5863.68017578125
2000-05-22,5656.4501953125
2000-05-23,5593.580078125
2000-05-24,5800.02978515625
2000-05-25,5664.25
2000-05-26,5652.2900390625
2000-05-29,5728.0
2000-05-30,5998.47998046875
2000-05-31,5961.14013671875
2000-06-01,6178.06005859375
2000-06-02,6627.33984375
2000-06-05,6554.89013671875
2000-06-06,6250.68994140625
2000-06-07,6238.41015625
2000-06-08,6364.91015625
2000-06-09,6398.72998046875
2000-06-12,6405.0
2000-06-13,6539.2001953125
2000-06-14,6667.2001953125
2000-06-15,6563.60986328125
2000-06-16,6452.89990234375
2000-06-19,6551.25
2000-06-20,6521.22021484375
2000-06-21,6687.0
2000-06-22,6570.669921875
2000-06-23,6425.56982421875
2000-06-26,6599.33984375
2000-06-27,6747.31982421875
2000-06-28,6676.64013671875
2000-06-29,6834.080078125
2000-06-30,6948.330078125
2000-07-03,7373.3701171875
2000-07-04,7520.0400390625
2000-07-05,7372.58984375
2000-07-06,7306.14013671875
2000-07-07,7370.3798828125
2000-07-10,7398.7001953125
2000-07-11,7266.0
2000-07-12,7416.33984375
2000-07-13,7428.1298828125
2000-07-14,7435.990234375
2000-07-17,7291.740234375
2000-07-18,7216.580078125
2000-07-19,6863.27001953125
2000-07-20,6765.27978515625
2000-07-21,6718.72998046875
2000-07-24,6658.169921875
2000-07-25,6715.60009765625
2000-07-26,6748.47998046875
2000-07-27,6607.490234375
2000-07-28,6344.02978515625
2000-07-31,6514.2099609375
2000-08-01,6507.77001953125
2000-08-02,6543.93017578125
2000-08-03,6509.169921875
2000-08-04,6582.669921875
2000-08-07,6635.0
2000-08-08,6669.85009765625
2000-08-09,6519.0
2000-08-10,6474.81005859375
2000-08-11,6501.2998046875
2000-08-14,6506.31982421875
2000-08-15,6501.669921875
2000-08-16,6477.97998046875
2000-08-17,6536.8701171875
2000-08-18,6386.66015625
2000-08-21,6345.1298828125
2000-08-22,6341.2998046875
2000-08-23,6367.0
2000-08-24,6293.5498046875
2000-08-25,6181.14990234375
2000-08-28,6226.3701171875
2000-08-29,6331.27978515625
2000-08-30,6572.91015625
2000-08-31,6664.81982421875
2000-09-01,6722.41015625
2000-09-04,6775.97021484375
2000-09-05,6824.97021484375
2000-09-06,6789.72998046875
2000-09-07,6953.31005859375
2000-09-08,6903.47998046875
2000-09-11,6801.39990234375
2000-09-12,6702.259765625
2000-09-13,6833.0400390625
2000-09-14,6878.89013671875
2000-09-15,6835.43017578125
2000-09-18,6599.009765625
2000-09-19,6634.52978515625
2000-09-20,6752.47021484375
2000-09-21,6558.89990234375
2000-09-22,6549.6201171875
2000-09-25,6533.580078125
2000-09-26,6459.14990234375
2000-09-27,6368.5400390625
2000-09-28,6475.4599609375
2000-09-29,6334.56005859375
2000-10-02,6244.64990234375
2000-10-03,6230.89013671875
2000-10-04,6345.52978515625
2000-10-05,6368.669921875
2000-10-06,6166.8798828125
2000-10-09,6141.52978515625
2000-10-10,6095.490234375
2000-10-11,5946.93017578125
2000-10-12,5751.66015625
2000-10-13,5853.9501953125
2000-10-16,5789.02978515625
2000-10-17,5709.669921875
2000-10-18,5769.02001953125
2000-10-19,5991.25
2000-10-20,5943.330078125
2000-10-23,5908.2900390625
2000-10-24,6081.66015625
2000-10-25,6003.68017578125
2000-10-26,6123.509765625
2000-10-27,6206.3701171875
2000-10-30,6282.580078125
2000-10-31,6394.240234375
2000-11-01,6409.0400390625
2000-11-03,6319.580078125
2000-11-06,6359.91015625
2000-11-07,6478.64013671875
2000-11-08,6376.75
2000-11-09,6216.4599609375
2000-11-10,6107.75
2000-11-13,5914.83984375
2000-11-14,6075.2001953125
2000-11-15,6153.330078125
2000-11-16,6146.10009765625
2000-11-17,6303.47021484375
2000-11-21,6135.4501953125
2000-11-22,5923.919921875
2000-11-23,5998.14013671875
2000-11-24,6062.740234375
2000-11-27,6032.27001953125
2000-11-28,5934.93017578125
2000-11-29,5907.240234375
2000-11-30,5652.6298828125
2000-12-04,5532.64013671875
2000-12-05,5793.77001953125
2000-12-06,5787.35009765625
2000-12-07,5785.35986328125
2000-12-08,5795.08984375
2000-12-11,5828.1201171875
2000-12-13,5699.759765625
2000-12-14,5645.58984375
2000-12-15,5531.39013671875
2000-12-18,5547.169921875
2000-12-19,5506.5498046875
2000-12-20,5231.85009765625
2000-12-21,5342.31005859375
2000-12-22,5492.31005859375
2000-12-26,5499.39990234375
2000-12-27,5568.27001953125
2000-12-28,5591.990234375
2000-12-29,5652.18994140625
2001-01-02,5556.7099609375
2001-01-03,5857.4501953125
2001-01-04,6048.33984375
2001-01-05,5924.330078125
2001-01-08,5916.06005859375
2001-01-09,5909.52978515625
2001-01-10,5814.97998046875
2001-01-11,5966.7998046875
2001-01-12,5966.60009765625
2001-01-15,5998.02001953125
2001-01-16,6002.64990234375
2001-01-17,6078.25
2001-01-18,6194.2998046875
2001-01-19,6267.490234375
2001-01-22,6271.06982421875
2001-01-23,6377.93994140625
2001-01-24,6311.85009765625
2001-01-25,6281.0
2001-01-26,6418.64013671875
2001-01-29,6419.77978515625
2001-01-30,6518.580078125
2001-01-31,6496.89013671875
2001-02-01,6540.8798828125
2001-02-02,6522.22998046875
2001-02-06,6447.10009765625
2001-02-07,6350.35009765625
2001-02-08,6330.97021484375
2001-02-09,6344.16015625
2001-02-12,6430.72998046875
2001-02-13,6361.31982421875
2001-02-14,6360.08984375
2001-02-15,6395.18994140625
2001-02-16,6368.490234375
2001-02-19,6369.509765625
2001-02-20,6246.35986328125
2001-02-21,6007.669921875
2001-02-22,6030.759765625
2001-02-23,5998.68994140625
2001-02-26,6058.02001953125
2001-02-27,6065.14990234375
2001-02-28,6032.10009765625
2001-03-01,6080.64990234375
2001-03-02,6133.33984375
2001-03-05,6110.14013671875
2001-03-06,6252.9501953125
2001-03-07,6331.31982421875
2001-03-08,6361.06982421875
2001-03-09,6270.9599609375
2001-03-12,5963.3701171875
2001-03-13,5991.9501953125
2001-03-14,5813.83984375
2001-03-15,5792.7099609375
2001-03-16,5878.56982421875
2001-03-19,5935.22021484375
2001-03-20,5769.669921875
2001-03-22,5636.47998046875
2001-03-23,5618.669921875
2001-03-26,5647.18017578125
2001-03-27,5787.47998046875
2001-03-28,5700.3701171875
2001-03-29,5648.6201171875
2001-03-30,5727.89013671875
2001-04-02,5694.06982421875
2001-04-03,5575.0498046875
2001-04-04,5573.72021484375
2001-04-05,5699.33984375
2001-04-06,5695.259765625
2001-04-09,5756.35986328125
2001-04-10,5968.66015625
2001-04-11,6002.89990234375
2001-04-16,5951.7001953125
2001-04-17,6068.89990234375
2001-04-18,6143.85986328125
2001-04-19,6029.06005859375
2001-04-20,5950.7900390625
2001-04-23,5885.60009765625
2001-04-24,5887.0400390625
2001-04-25,5933.7099609375
2001-04-26,6007.10009765625
2001-04-27,6008.02978515625
2001-04-30,5987.25
2001-05-02,6109.2001953125
2001-05-03,6139.6201171875
2001-05-04,6129.509765625
2001-05-07,6065.580078125
2001-05-08,6010.52001953125
2001-05-09,6106.419921875
2001-05-10,6092.06982421875
2001-05-11,6110.35986328125
2001-05-14,6042.02978515625
2001-05-15,5987.0
2001-05-16,6033.97021484375
2001-05-17,6392.77001953125
2001-05-18,6527.60009765625
2001-05-21,6571.080078125
2001-05-22,6651.27001953125
2001-05-23,6782.509765625
2001-05-24,6714.47021484375
2001-05-25,6711.33984375
2001-05-28,6700.330078125
2001-05-29,6665.5400390625
2001-05-30,6586.93017578125
2001-05-31,6595.39013671875
2001-06-01,6619.66015625
2001-06-04,6631.75
2001-06-05,6672.35009765625
2001-06-06,6790.97998046875
2001-06-07,6840.6298828125
2001-06-08,6783.72021484375
2001-06-11,6731.2900390625
2001-06-12,6796.81982421875
2001-06-13,6802.3701171875
2001-06-14,6749.7998046875
2001-06-15,6670.72021484375
2001-06-18,6489.56005859375
2001-06-19,6359.06005859375
2001-06-20,6455.14990234375
2001-06-21,6543.39013671875
2001-06-22,6539.64990234375
2001-06-25,6562.66015625
2001-06-26,6582.169921875
2001-06-27,6587.68017578125
2001-06-28,6607.2001953125
2001-06-29,6666.169921875
2001-07-02,6797.10986328125
2001-07-03,6840.740234375
2001-07-04,6868.89013671875
2001-07-05,6814.6201171875
2001-07-06,6715.81005859375
2001-07-09,6709.1298828125
2001-07-10,6713.0400390625
2001-07-11,6564.14013671875
2001-07-12,6470.8798828125
2001-07-13,6452.1201171875
2001-07-16,6377.31005859375
2001-07-17,6395.43017578125
2001-07-18,6388.259765625
2001-07-19,6418.83984375
2001-07-20,6389.27001953125
2001-07-23,6422.7099609375
2001-07-24,6377.81005859375
2001-07-25,6411.52978515625
2001-07-26,6502.68994140625
2001-07-27,6522.2001953125
2001-07-30,6538.27978515625
2001-07-31,6474.39990234375
2001-08-01,6573.10009765625
2001-08-02,6707.91015625
2001-08-03,6702.93017578125
2001-08-06,6633.93994140625
2001-08-07,6638.83984375
2001-08-08,6651.43994140625
2001-08-09,6599.60986328125
2001-08-10,6628.490234375
2001-08-13,6655.10986328125
2001-08-14,6671.240234375
2001-08-15,6542.14990234375
2001-08-16,6445.14990234375
2001-08-17,6218.4599609375
2001-08-20,6245.419921875
2001-08-21,6276.08984375
2001-08-22,6333.14013671875
2001-08-23,6294.2900390625
2001-08-24,6416.77001953125
2001-08-27,6399.93017578125
2001-08-28,6302.68994140625
2001-08-29,6324.91015625
2001-08-30,6310.169921875
2001-08-31,6310.7001953125
2001-09-03,6233.2900390625
2001-09-04,6172.25
2001-09-05,6088.4501953125
2001-09-06,5875.85986328125
2001-09-07,5844.60009765625
2001-09-10,5856.18994140625
2001-09-13,5531.02001953125
2001-09-17,5316.77001953125
2001-09-18,5297.85986328125
2001-09-19,5256.0
2001-09-20,5081.919921875
2001-09-21,5087.93994140625
2001-09-24,5325.10986328125
2001-09-25,5304.3798828125
2001-09-26,5324.83984375
2001-09-27,5306.080078125
2001-09-28,5403.52978515625
2001-10-01,5385.5
2001-10-02,5361.7998046875
2001-10-03,5407.5400390625
2001-10-04,5499.31005859375
2001-10-05,5528.5498046875
2001-10-08,5527.10986328125
2001-10-09,5558.85986328125
2001-10-10,5684.89990234375
2001-10-11,5808.22021484375
2001-10-12,5671.10009765625
2001-10-15,5500.10009765625
2001-10-16,5542.60986328125
2001-10-17,5541.8798828125
2001-10-18,5529.75
2001-10-19,5588.22998046875
2001-10-22,5539.27978515625
2001-10-23,5571.27001953125
2001-10-24,5708.27978515625
2001-10-25,5729.1298828125
2001-10-26,5693.1201171875
2001-10-29,5599.1298828125
2001-10-30,5529.18017578125
2001-10-31,5537.0400390625
2001-11-01,5610.77001953125
2001-11-02,5632.759765625
2001-11-05,5681.06982421875
2001-11-06,5677.7900390625
2001-11-07,5638.0400390625
2001-11-08,5649.8701171875
2001-11-09,5596.3798828125
2001-11-12,5524.56982421875
2001-11-13,5663.35009765625
2001-11-14,5751.72021484375
2001-11-15,5778.64990234375
2001-11-16,5712.4599609375
2001-11-19,5699.18994140625
2001-11-21,5674.41015625
2001-11-22,5685.39013671875
2001-11-23,5734.89990234375
2001-11-26,5759.490234375
2001-11-27,5860.43994140625
2001-11-28,5848.2099609375
2001-11-29,5841.33984375
2001-11-30,5832.830078125
2001-12-03,5870.93017578125
2001-12-04,5931.43017578125
2001-12-05,6099.27978515625
2001-12-06,6101.72021484375
2001-12-07,6141.18994140625
2001-12-10,6126.3798828125
2001-12-11,6150.259765625
2001-12-13,6075.06005859375
2001-12-14,6139.06982421875
2001-12-17,6271.490234375
2001-12-18,6268.97021484375
2001-12-19,6250.740234375
2001-12-20,6263.2900390625
2001-12-21,6380.60009765625
2001-12-24,6374.490234375
2001-12-26,6371.83984375
2001-12-27,6419.18994140625
2001-12-28,6467.08984375
2001-12-31,6372.27978515625
2002-01-02,6410.0498046875
2002-01-03,6603.75
2002-01-04,6612.080078125
2002-01-07,6565.43994140625
2002-01-08,6641.14013671875
2002-01-09,6560.580078125
2002-01-10,6453.009765625
2002-01-11,6420.14990234375
2002-01-14,6388.27001953125
2002-01-15,6573.18994140625
2002-01-16,6579.35009765625
2002-01-17,6604.66015625
2002-01-18,6600.72998046875
2002-01-21,6607.7998046875
2002-01-22,6590.0400390625
2002-01-23,6782.77978515625
2002-01-24,6768.2998046875
2002-01-25,6831.43017578125
2002-01-28,6872.43994140625
2002-01-29,6793.3798828125
2002-01-30,6750.7998046875
2002-01-31,6927.8701171875
2002-02-01,6901.81005859375
2002-02-04,6865.1298828125
2002-02-06,6786.740234375
2002-02-07,6780.93994140625
2002-02-08,6681.4501953125
2002-02-11,6589.83984375
2002-02-12,6673.35986328125
2002-02-13,6715.5498046875
2002-02-14,6717.60986328125
2002-02-15,6697.669921875
2002-02-18,6679.7099609375
2002-02-19,6609.2998046875
2002-02-20,6583.990234375
2002-02-21,6533.64013671875
2002-02-22,6473.1201171875
2002-02-25,6562.93994140625
2002-02-26,6637.9599609375
2002-02-27,6795.89990234375
2002-02-28,6734.43994140625
2002-03-01,6898.0
2002-03-04,7029.60009765625
2002-03-05,7053.5400390625
2002-03-06,7154.14013671875
2002-03-07,7061.0
2002-03-08,7192.22021484375
2002-03-11,7161.39990234375
2002-03-12,7278.06005859375
2002-03-13,7218.509765625
2002-03-14,7188.77001953125
2002-03-15,7273.080078125
2002-03-18,7344.56982421875
2002-03-19,7427.919921875
2002-03-20,7384.1298828125
2002-03-22,7439.5
2002-03-25,7381.56982421875
2002-03-26,7351.18994140625
2002-03-27,7361.85986328125
2002-04-01,7371.89013671875
2002-04-02,7316.68994140625
2002-04-03,7191.93994140625
2002-04-04,7253.5
2002-04-05,7335.759765625
2002-04-08,7271.77001953125
2002-04-09,7271.22021484375
2002-04-10,7517.68017578125
2002-04-11,7441.52001953125
2002-04-12,7391.25
2002-04-15,7396.72021484375
2002-04-16,7535.06982421875
2002-04-17,7574.35009765625
2002-04-18,7532.14013671875
2002-04-19,7509.22021484375
2002-04-22,7435.1298828125
2002-04-23,7403.3798828125
2002-04-24,7504.72998046875
2002-04-25,7476.3701171875
2002-04-26,7491.77978515625
2002-04-29,7434.18994140625
2002-04-30,7480.740234375
2002-05-02,7486.85986328125
2002-05-03,7521.9501953125
2002-05-06,7542.47998046875
2002-05-07,7431.89013671875
2002-05-08,7517.83984375
2002-05-09,7351.080078125
2002-05-10,7303.56982421875
2002-05-13,7307.16015625
2002-05-14,7361.93994140625
2002-05-15,7402.7998046875
2002-05-16,7514.89990234375
2002-05-17,7537.81982421875
2002-05-20,7469.68017578125
2002-05-21,7385.919921875
2002-05-22,7385.14990234375
2002-05-23,7398.5
2002-05-24,7366.43017578125
2002-05-27,7357.240234375
2002-05-28,7303.56982421875
2002-05-29,7130.7099609375
2002-05-30,7061.39990234375
2002-05-31,7031.64013671875
2002-06-03,6997.0498046875
2002-06-04,7016.14013671875
2002-06-05,6974.919921875
2002-06-06,6791.91015625
2002-06-07,6857.419921875
2002-06-10,6835.0
2002-06-11,6862.89013671875
2002-06-12,6801.64990234375
2002-06-14,6720.3701171875
2002-06-17,6788.93994140625
2002-06-18,6765.18994140625
2002-06-19,6691.0400390625
2002-06-20,6580.81005859375
2002-06-21,6502.97021484375
2002-06-24,6331.31982421875
2002-06-25,6354.259765625
2002-06-26,6171.6298828125
2002-06-27,6400.89013671875
2002-06-28,6460.9501953125
2002-07-01,6363.0498046875
2002-07-02,6306.52001953125
2002-07-03,6326.490234375
2002-07-04,6352.89013671875
2002-07-05,6462.830078125
2002-07-08,6488.919921875
2002-07-09,6460.9501953125
2002-07-10,6371.27001953125
2002-07-11,6390.169921875
2002-07-12,6400.419921875
2002-07-15,6372.080078125
2002-07-16,6316.16015625
2002-07-17,6403.27978515625
2002-07-18,6433.830078125
2002-07-19,6336.9501953125
2002-07-22,6113.830078125
2002-07-23,5892.41015625
2002-07-24,6010.419921875
2002-07-25,5922.33984375
2002-07-26,5900.43994140625
2002-07-29,6103.8798828125
2002-07-30,6014.68017578125
2002-07-31,6021.83984375
2002-08-01,5755.990234375
2002-08-02,5644.7001953125
2002-08-05,5534.47021484375
2002-08-06,5747.43994140625
2002-08-07,5855.89990234375
2002-08-08,6029.77001953125
2002-08-09,5913.2099609375
2002-08-12,5901.830078125
2002-08-13,5841.89990234375
2002-08-14,6053.60009765625
2002-08-15,6146.10986328125
2002-08-16,6190.60009765625
2002-08-19,6200.8701171875
2002-08-20,6192.91015625
2002-08-21,6267.8798828125
2002-08-22,6239.490234375
2002-08-23,6148.89013671875
2002-08-26,6262.43994140625
2002-08-27,6157.419921875
2002-08-28,6115.56005859375
2002-08-29,6181.669921875
2002-08-30,6216.43017578125
2002-09-02,6165.93017578125
2002-09-03,6094.2900390625
2002-09-04,6114.35009765625
2002-09-05,6067.25
2002-09-06,6113.31982421875
2002-09-09,6159.89990234375
2002-09-10,6225.16015625
2002-09-11,6260.60986328125
2002-09-12,6219.93017578125
2002-09-13,6190.52001953125
2002-09-17,6079.9501953125
2002-09-18,5960.3798828125
2002-09-19,5645.0
2002-09-20,5788.77978515625
2002-09-23,5741.72998046875
2002-09-24,5705.669921875
2002-09-25,5808.43994140625
2002-09-26,5956.93017578125
2002-09-27,5801.1201171875
2002-09-30,5728.4599609375
2002-10-01,5926.66015625
2002-10-02,5827.7099609375
2002-10-03,5898.3798828125
2002-10-04,5869.22021484375
2002-10-07,5853.5498046875
2002-10-08,5849.419921875
2002-10-09,5762.39990234375
2002-10-10,5762.14990234375
2002-10-11,5845.330078125
2002-10-14,5865.18017578125
2002-10-15,6040.31982421875
2002-10-16,5924.93994140625
2002-10-17,5985.77001953125
2002-10-18,5973.2099609375
2002-10-21,6017.3701171875
2002-10-22,5979.56982421875
2002-10-23,6000.6201171875
2002-10-24,5908.06982421875
2002-10-25,5905.580078125
2002-10-28,5887.2900390625
2002-10-29,5893.759765625
2002-10-30,5963.830078125
2002-10-31,5967.72998046875
2002-11-01,6045.16015625
2002-11-04,6058.89990234375
2002-11-05,6040.169921875
2002-11-06,6064.0
2002-11-07,6009.93017578125
2002-11-08,5988.52978515625
2002-11-11,5891.7900390625
2002-11-12,5865.10986328125
2002-11-13,5813.35986328125
2002-11-14,5898.06005859375
2002-11-15,5819.08984375
2002-11-18,5726.0
2002-11-19,5641.740234375
2002-11-21,5859.0498046875
2002-11-22,5818.43017578125
2002-11-25,5861.81982421875
2002-11-26,5922.41015625
2002-11-27,6129.25
2002-11-28,6158.490234375
2002-11-29,6156.830078125
2002-12-02,6223.58984375
2002-12-03,6221.68017578125
2002-12-04,6187.669921875
2002-12-05,6152.009765625
2002-12-06,6126.22998046875
2002-12-09,6053.75
2002-12-10,6081.52001953125
2002-12-11,6135.39013671875
2002-12-13,6114.2001953125
2002-12-16,6185.9501953125
2002-12-17,6168.4599609375
2002-12-18,6089.66015625
2002-12-19,6120.4599609375
2002-12-20,6130.830078125
2002-12-23,6153.22021484375
2002-12-24,6151.47998046875
2002-12-26,6182.91015625
2002-12-27,6126.240234375
2002-12-30,6124.509765625
2002-12-31,6127.08984375
2003-01-02,6225.39990234375
2003-01-03,6253.33984375
2003-01-06,6333.4599609375
2003-01-07,6279.27978515625
2003-01-08,6266.47998046875
2003-01-09,6329.9599609375
2003-01-10,6353.02978515625
2003-01-13,6364.64013671875
2003-01-14,6407.0
2003-01-15,6398.89990234375
2003-01-16,6331.990234375
2003-01-17,6204.4599609375
2003-01-20,6161.1201171875
2003-01-21,6092.1298828125
2003-01-22,6024.08984375
2003-01-23,6054.43994140625
2003-01-24,6012.56005859375
2003-01-27,5923.330078125
2003-01-28,5919.7001953125
2003-01-29,5937.97021484375
2003-01-30,5870.509765625
2003-01-31,5954.35009765625
2003-02-03,6031.81005859375
2003-02-04,5968.4599609375
2003-02-06,5894.27001953125
2003-02-07,5866.02978515625
2003-02-10,5837.89013671875
2003-02-11,5779.4501953125
2003-02-12,5763.8701171875
2003-02-13,5791.39013671875
2003-02-14,5774.39013671875
2003-02-17,5829.8701171875
2003-02-18,5880.009765625
2003-02-19,5857.35009765625
2003-02-20,5880.89990234375
2003-02-21,5956.97021484375
2003-02-24,5913.68017578125
2003-02-25,5869.2099609375
2003-02-26,5869.7900390625
2003-02-27,5900.02001953125
2003-02-28,5927.06005859375
2003-03-03,5926.64990234375
2003-03-04,5911.240234375
2003-03-05,5914.41015625
2003-03-06,5913.919921875
2003-03-07,5907.93017578125
2003-03-10,5859.77001953125
2003-03-11,5821.10009765625
2003-03-12,5809.97021484375
2003-03-13,5931.9599609375
2003-03-14,5993.009765625
2003-03-17,6009.919921875
2003-03-18,6042.759765625
2003-03-19,6017.43017578125
2003-03-20,6048.41015625
2003-03-24,5924.33984375
2003-03-25,5937.990234375
2003-03-26,5952.3798828125
2003-03-27,5951.33984375
2003-03-28,5947.47998046875
2003-03-31,5914.02978515625
2003-04-01,5895.759765625
2003-04-02,6008.509765625
2003-04-03,6034.740234375
2003-04-04,6158.97021484375
2003-04-07,6257.1298828125
2003-04-08,6259.4599609375
2003-04-09,6212.14013671875
2003-04-10,6154.02001953125
2003-04-11,6175.22021484375
2003-04-14,6232.740234375
2003-04-15,6333.58984375
2003-04-16,6306.60009765625
2003-04-21,6326.64990234375
2003-04-22,6373.91015625
2003-04-23,6385.10986328125
2003-04-24,6379.43994140625
2003-04-25,6333.0
2003-04-28,6428.2001953125
2003-04-29,6499.68994140625
2003-04-30,6509.8798828125
2003-05-02,6590.919921875
2003-05-05,6608.18017578125
2003-05-06,6614.68017578125
2003-05-07,6575.2900390625
2003-05-08,6408.6201171875
2003-05-09,6488.490234375
2003-05-12,6496.43017578125
2003-05-13,6491.89013671875
2003-05-14,6549.7900390625
2003-05-15,6633.509765625
2003-05-16,6556.91015625
2003-05-19,6469.18017578125
2003-05-20,6388.490234375
2003-05-21,6410.81982421875
2003-05-22,6510.89013671875
2003-05-23,6586.919921875
2003-05-26,6545.77978515625
2003-05-27,6650.31005859375
2003-05-28,6667.35009765625
2003-05-29,6647.7099609375
2003-05-30,6699.18017578125
2003-06-02,6722.240234375
2003-06-03,6738.97021484375
2003-06-04,6889.759765625
2003-06-05,6873.39013671875
2003-06-06,6870.60009765625
2003-06-09,6801.58984375
2003-06-10,6924.990234375
2003-06-11,6979.68017578125
2003-06-12,7060.5
2003-06-13,6984.6298828125
2003-06-16,7019.490234375
2003-06-17,7130.22998046875
2003-06-18,7125.41015625
2003-06-19,7084.009765625
2003-06-20,7080.68994140625
2003-06-23,7015.080078125
2003-06-24,7114.39990234375
2003-06-25,7078.35986328125
2003-06-26,7118.47021484375
2003-06-27,7083.4501953125
2003-06-30,7054.990234375
2003-07-01,7123.5400390625
2003-07-02,7164.02001953125
2003-07-03,7127.419921875
2003-07-04,7142.85009765625
2003-07-07,7215.02978515625
2003-07-08,7234.93994140625
2003-07-09,7171.89013671875
2003-07-10,7096.0400390625
2003-07-11,7083.81982421875
2003-07-14,7167.5400390625
2003-07-15,7120.31005859375
2003-07-16,7023.93994140625
2003-07-17,6999.06982421875
2003-07-18,7030.759765625
2003-07-21,7024.72998046875
2003-07-22,7164.2900390625
2003-07-23,7280.64990234375
2003-07-24,7309.41015625
2003-07-25,7349.9599609375
2003-07-28,7314.22021484375
2003-07-29,7233.2001953125
2003-07-30,7260.2001953125
2003-07-31,7355.06982421875
2003-08-01,7320.41015625
2003-08-04,7344.43017578125
2003-08-05,7273.4501953125
2003-08-06,7230.06982421875
2003-08-07,7304.669921875
2003-08-08,7316.68994140625
2003-08-11,7356.6201171875
2003-08-12,7358.3701171875
2003-08-13,7368.919921875
2003-08-14,7421.740234375
2003-08-15,7418.43017578125
2003-08-18,7500.009765625
2003-08-19,7487.56982421875
2003-08-20,7460.14990234375
2003-08-21,7498.31005859375
2003-08-22,7493.72998046875
2003-08-25,7435.330078125
2003-08-26,7437.72021484375
2003-08-27,7502.080078125
2003-08-28,7563.490234375
2003-08-29,7591.419921875
2003-09-01,7631.81982421875
2003-09-02,7671.740234375
2003-09-03,7719.1201171875
2003-09-04,7719.47998046875
2003-09-05,7775.33984375
2003-09-08,7814.6298828125
2003-09-09,7732.89990234375
2003-09-10,7734.72021484375
2003-09-11,7741.8701171875
2003-09-12,7712.75
2003-09-15,7729.14013671875
2003-09-17,7746.5400390625
2003-09-18,7868.27978515625
2003-09-19,7891.669921875
2003-09-22,7815.47021484375
2003-09-23,7834.47021484375
2003-09-24,7788.080078125
2003-09-25,7771.93017578125
2003-09-26,7786.22021484375
2003-09-29,7836.35986328125
2003-09-30,7822.47998046875
2003-10-01,7937.18017578125
2003-10-02,7775.7998046875
2003-10-03,7838.77001953125
2003-10-06,7816.31005859375
2003-10-07,7825.009765625
2003-10-08,7812.06982421875
2003-10-09,7937.0
2003-10-10,7949.02978515625
2003-10-13,7960.419921875
2003-10-14,7886.72021484375
2003-10-15,7843.7001953125
2003-10-16,7838.14013671875
2003-10-17,7859.81982421875
2003-10-20,7875.77001953125
2003-10-21,7936.68017578125
2003-10-22,7914.14013671875
2003-10-23,7874.0498046875
2003-10-24,7842.85986328125
2003-10-27,7905.2099609375
2003-10-28,7928.72021484375
2003-10-29,7925.2001953125
2003-10-30,8022.93994140625
2003-10-31,8064.830078125
2003-11-03,8237.16015625
2003-11-04,8265.849609375
2003-11-05,8232.0595703125
2003-11-06,8342.6298828125
2003-11-07,8430.599609375
2003-11-10,8372.099609375
2003-11-11,8365.509765625
2003-11-12,8539.3095703125
2003-11-13,8643.9296875
2003-11-14,8606.0302734375
2003-11-17,8488.650390625
2003-11-18,8542.0
2003-11-19,8351.2900390625
2003-11-21,8335.1201171875
2003-11-24,8164.72998046875
2003-11-25,8288.8095703125
2003-11-26,8385.400390625
2003-11-27,8455.98046875
2003-11-28,8554.48046875
2003-12-01,8621.1103515625
2003-12-02,8635.4404296875
2003-12-03,8553.740234375
2003-12-04,8528.8095703125
2003-12-05,8489.5400390625
2003-12-08,8509.3798828125
2003-12-09,8429.0302734375
2003-12-10,8342.1103515625
2003-12-11,8441.08984375
2003-12-15,8337.9697265625
2003-12-16,8348.33984375
2003-12-17,8416.0703125
2003-12-18,8519.7001953125
2003-12-19,8564.900390625
2003-12-22,8564.900390625
2003-12-23,8607.9599609375
2003-12-24,8636.0498046875
2003-12-26,8632.1298828125
2003-12-29,8729.5302734375
2003-12-30,8771.4296875
2003-12-31,8795.2802734375
2004-01-02,8818.1904296875
2004-01-05,9054.1103515625
2004-01-06,9038.4599609375
2004-01-07,9098.2197265625
2004-01-08,9169.8095703125
2004-01-09,9102.8203125
2004-01-12,9129.0498046875
2004-01-13,9141.580078125
2004-01-14,9171.66015625
2004-01-15,9135.16015625
2004-01-16,9193.8095703125
2004-01-19,9242.5703125
2004-01-20,9322.8203125
2004-01-21,9427.7998046875
2004-01-22,9497.009765625
2004-01-23,9480.240234375
2004-01-26,9563.91015625
2004-01-27,9612.1396484375
2004-01-28,9551.1298828125
2004-01-29,9444.23046875
2004-01-30,9428.76953125
2004-02-02,9633.8603515625
2004-02-03,9702.849609375
2004-02-04,9674.1796875
2004-02-06,9810.76953125
2004-02-09,9882.349609375
2004-02-10,9804.9404296875
2004-02-11,9875.3203125
2004-02-12,9960.0498046875
2004-02-13,9982.8701171875
2004-02-16,10004.6904296875
2004-02-17,10100.0498046875
2004-02-18,10125.0400390625
2004-02-19,10072.23046875
2004-02-20,9888.73046875
2004-02-23,9764.3896484375
2004-02-24,9855.0302734375
2004-02-25,9926.669921875
2004-02-26,10003.5703125
2004-02-27,9991.7998046875
2004-03-01,10157.1298828125
2004-03-02,10106.4404296875
2004-03-03,10053.1796875
2004-03-04,10196.169921875
2004-03-05,10195.0302734375
2004-03-08,10095.8701171875
2004-03-09,10079.2001953125
2004-03-10,9978.7099609375
2004-03-11,9725.830078125
2004-03-12,9837.330078125
2004-03-15,9791.349609375
2004-03-16,9877.2900390625
2004-03-17,9959.41015625
2004-03-18,9952.009765625
2004-03-19,10039.6796875
2004-03-22,9928.3203125
2004-03-23,10053.8896484375
2004-03-24,10161.650390625
2004-03-25,10344.7900390625
2004-03-26,10432.0
2004-03-29,10455.509765625
2004-03-30,10468.75
2004-03-31,10517.5
2004-04-01,10611.8701171875
2004-04-02,10713.5400390625
2004-04-05,10749.23046875
2004-04-06,10714.2802734375
2004-04-07,10746.580078125
2004-04-12,10844.0302734375
2004-04-13,10686.58984375
2004-04-14,10609.919921875
2004-04-15,10610.419921875
2004-04-16,10677.1396484375
2004-04-19,10646.8095703125
2004-04-20,10663.4404296875
2004-04-21,10539.400390625
2004-04-22,10645.150390625
2004-04-23,10721.6201171875
2004-04-26,10648.76953125
2004-04-27,10606.6298828125
2004-04-28,10240.91015625
2004-04-29,9980.509765625
2004-04-30,9948.1298828125
2004-05-03,10191.51953125
2004-05-04,10333.169921875
2004-05-05,10114.490234375
2004-05-06,9852.41015625
2004-05-07,9790.990234375
2004-05-10,9440.5703125
2004-05-11,9648.099609375
2004-05-12,9690.669921875
2004-05-13,9784.08984375
2004-05-14,9786.3203125
2004-05-17,9605.6201171875
2004-05-18,9730.16015625
2004-05-19,9767.6298828125
2004-05-20,9810.7802734375
2004-05-21,9822.3896484375
2004-05-24,9891.490234375
2004-05-25,9991.2001953125
2004-05-26,10062.580078125
2004-05-27,10153.6103515625
2004-05-28,10028.419921875
2004-05-31,10036.2900390625
2004-06-01,10043.3203125
2004-06-02,9981.8896484375
2004-06-03,9907.58984375
2004-06-04,10057.58984375
2004-06-07,10368.6201171875
2004-06-08,10336.1201171875
2004-06-09,10219.0302734375
2004-06-10,10230.5
2004-06-11,10214.509765625
2004-06-14,10093.01953125
2004-06-15,10220.6904296875
2004-06-16,10151.599609375
2004-06-17,10175.330078125
2004-06-18,10224.3896484375
2004-06-21,10187.919921875
2004-06-22,10140.25
2004-06-23,10137.8798828125
2004-06-24,10182.5400390625
2004-06-25,10128.7900390625
2004-06-28,10137.0302734375
2004-06-29,10137.419921875
2004-06-30,10281.8203125
2004-07-01,10260.9599609375
2004-07-02,10240.83984375
2004-07-05,10222.4501953125
2004-07-06,10121.1201171875
2004-07-07,10042.01953125
2004-07-08,9975.1201171875
2004-07-09,10042.33984375
2004-07-12,10090.419921875
2004-07-13,10033.900390625
2004-07-14,9843.01953125
2004-07-15,9875.5703125
2004-07-16,9923.919921875
2004-07-19,9921.16015625
2004-07-20,10025.1298828125
2004-07-21,9987.0595703125
2004-07-22,9987.330078125
2004-07-23,9907.669921875
2004-07-26,9921.400390625
2004-07-27,10119.9599609375
2004-07-28,10090.5595703125
2004-07-29,10060.2900390625
2004-07-30,10116.3896484375
2004-08-02,10173.900390625
2004-08-03,10205.6103515625
2004-08-04,10075.7998046875
2004-08-05,10066.900390625
2004-08-06,9866.1298828125
2004-08-09,9814.0595703125
2004-08-10,9910.83984375
2004-08-11,9849.9296875
2004-08-12,9812.66015625
2004-08-13,9790.6201171875
2004-08-16,9899.51953125
2004-08-17,9997.0302734375
2004-08-18,10080.5498046875
2004-08-19,10099.6103515625
2004-08-20,10143.4296875
2004-08-23,10169.1904296875
2004-08-24,10222.6796875
2004-08-25,10237.8896484375
2004-08-26,10198.3798828125
2004-08-27,10225.0595703125
2004-08-30,10199.5400390625
2004-08-31,10264.3203125
2004-09-01,10329.75
2004-09-02,10422.6298828125
2004-09-03,10335.009765625
2004-09-06,10376.1103515625
2004-09-07,10486.7998046875
2004-09-08,10537.9599609375
2004-09-09,10553.41015625
2004-09-10,10661.5302734375
2004-09-13,10620.3798828125
2004-09-14,10701.0498046875
2004-09-15,10660.91015625
2004-09-17,10790.5302734375
2004-09-20,10803.6796875
2004-09-21,10850.3603515625
2004-09-22,10777.23046875
2004-09-23,10811.3603515625
2004-09-24,10856.4404296875
2004-09-27,10687.599609375
2004-09-28,10843.419921875
2004-09-29,10980.3203125
2004-09-30,10957.3701171875
2004-10-01,11078.259765625
2004-10-04,11181.6298828125
2004-10-05,11117.33984375
2004-10-06,11090.919921875
2004-10-07,11097.9599609375
2004-10-08,10920.9697265625
2004-10-11,10975.2900390625
2004-10-12,11023.16015625
2004-10-13,10942.3603515625
2004-10-14,10876.0
2004-10-15,10991.4296875
2004-10-18,11055.759765625
2004-10-19,11023.7900390625
2004-10-20,11076.849609375
2004-10-21,11166.8896484375
2004-10-22,11226.080078125
2004-10-25,11178.009765625
2004-10-26,11341.580078125
2004-10-27,11517.7099609375
2004-10-28,11442.4501953125
2004-10-29,11564.349609375
2004-11-01,11622.41015625
2004-11-02,11610.41015625
2004-11-03,11765.76953125
2004-11-04,11864.419921875
2004-11-05,11793.8701171875
2004-11-08,11760.0
2004-11-09,11786.91015625
2004-11-10,11794.01953125
2004-11-11,11971.9501953125
2004-11-12,11957.3203125
2004-11-15,11955.3896484375
2004-11-16,11951.16015625
2004-11-17,12020.3798828125
2004-11-18,12038.9404296875
2004-11-19,11839.2099609375
2004-11-22,11879.8203125
2004-11-23,11876.580078125
2004-11-24,11907.3203125
2004-11-25,11997.6396484375
2004-11-26,12076.080078125
2004-11-29,12196.3896484375
2004-11-30,12102.5498046875
2004-12-01,12233.91015625
2004-12-02,12116.1298828125
2004-12-03,12109.4697265625
2004-12-06,12190.259765625
2004-12-07,12118.3095703125
2004-12-08,12113.580078125
2004-12-09,12124.8203125
2004-12-10,12260.8603515625
2004-12-13,12290.16015625
2004-12-14,12430.8603515625
2004-12-15,12493.849609375
2004-12-16,12505.4501953125
2004-12-17,12519.7900390625
2004-12-20,12514.0703125
2004-12-21,12651.73046875
2004-12-22,12712.2001953125
2004-12-23,12748.4501953125
2004-12-24,12802.76953125
2004-12-27,12819.6103515625
2004-12-28,12912.6904296875
2004-12-29,13031.5703125
2004-12-30,12968.740234375
2004-12-31,12917.8798828125
2005-01-03,13022.8203125
2005-01-04,12777.1298828125
2005-01-05,12591.330078125
2005-01-06,12703.4697265625
2005-01-07,12453.330078125
2005-01-10,12446.099609375
2005-01-11,12216.7998046875
2005-01-12,12329.16015625
2005-01-13,12462.900390625
2005-01-14,12694.740234375
2005-01-17,12817.8896484375
2005-01-18,13029.7001953125
2005-01-19,13035.8095703125
2005-01-20,12769.990234375
2005-01-21,12673.6201171875
2005-01-24,12743.580078125
2005-01-25,12866.7802734375
2005-01-26,13045.0498046875
2005-01-27,12986.400390625
2005-01-28,13040.5302734375
2005-01-31,13097.1201171875
2005-02-01,13340.51953125
2005-02-02,13339.41015625
2005-02-03,13440.830078125
2005-02-04,13446.9501953125
2005-02-07,13476.76953125
2005-02-08,13508.5
2005-02-09,13662.3798828125
2005-02-10,13708.919921875
2005-02-11,13714.6298828125
2005-02-14,13564.9599609375
2005-02-15,13695.91015625
2005-02-16,13640.759765625
2005-02-17,13592.0302734375
2005-02-18,13580.259765625
2005-02-21,13600.4697265625
2005-02-22,13520.58984375
2005-02-23,13541.9599609375
2005-02-24,13684.5595703125
2005-02-25,13870.2001953125
2005-02-28,13789.4599609375
2005-03-01,13804.76953125
2005-03-02,13770.259765625
2005-03-03,13782.9501953125
2005-03-04,13862.759765625
2005-03-07,13877.6904296875
2005-03-08,13752.7998046875
2005-03-09,13671.400390625
2005-03-10,13421.3896484375
2005-03-11,13532.349609375
2005-03-14,13238.5400390625
2005-03-15,13184.26953125
2005-03-16,13096.5498046875
2005-03-17,13138.759765625
2005-03-18,13094.400390625
2005-03-22,13062.4501953125
2005-03-23,12852.8095703125
2005-03-28,12828.91015625
2005-03-29,12581.7998046875
2005-03-30,12653.419921875
2005-03-31,12676.900390625
2005-04-01,12714.1904296875
2005-04-04,12593.3798828125
2005-04-05,12300.7001953125
2005-04-06,12170.8701171875
2005-04-07,12471.009765625
2005-04-08,12531.6298828125
2005-04-11,12425.41015625
2005-04-12,12522.240234375
2005-04-13,12424.3701171875
2005-04-14,12233.2099609375
2005-04-15,11942.7001953125
2005-04-18,11739.990234375
2005-04-19,12011.5302734375
2005-04-20,11842.7197265625
2005-04-21,12063.6201171875
2005-04-22,11995.3203125
2005-04-25,12377.099609375
2005-04-26,12577.7197265625
2005-04-27,12454.6904296875
2005-04-28,12255.91015625
2005-04-29,12322.990234375
2005-05-02,12424.9501953125
2005-05-03,12357.8798828125
2005-05-04,12643.0400390625
2005-05-05,12619.91015625
2005-05-06,12615.830078125
2005-05-09,12563.01953125
2005-05-10,12497.4296875
2005-05-11,12464.83984375
2005-05-12,12448.73046875
2005-05-13,12347.7197265625
2005-05-16,12442.26953125
2005-05-17,12439.4599609375
2005-05-18,12727.740234375
2005-05-19,12795.330078125
2005-05-20,12883.4599609375
2005-05-23,13029.580078125
2005-05-24,13020.7197265625
2005-05-25,13057.83984375
2005-05-26,13152.6396484375
2005-05-27,13131.3896484375
2005-05-30,13161.7802734375
2005-05-31,12964.3896484375
2005-06-01,13143.6201171875
2005-06-02,13284.8896484375
2005-06-03,13204.3896484375
2005-06-06,13208.4296875
2005-06-07,13148.0302734375
2005-06-08,13102.66015625
2005-06-09,13225.2802734375
2005-06-10,13214.599609375
2005-06-13,13299.58984375
2005-06-14,13343.099609375
2005-06-15,13501.509765625
2005-06-16,13537.2802734375
2005-06-17,13645.9599609375
2005-06-20,13709.3603515625
2005-06-21,13547.990234375
2005-06-22,13441.650390625
2005-06-23,13389.66015625
2005-06-24,13299.2802734375
2005-06-27,13454.73046875
2005-06-28,13523.0703125
2005-06-29,13550.1396484375
2005-06-30,13486.1298828125
2005-07-01,13509.1298828125
2005-07-04,13500.830078125
2005-07-05,13648.4697265625
2005-07-06,13790.150390625
2005-07-07,13850.3603515625
2005-07-08,13871.259765625
2005-07-11,13807.2998046875
2005-07-12,13971.669921875
2005-07-13,14005.23046875
2005-07-14,14085.0595703125
2005-07-15,13952.599609375
2005-07-18,13972.6103515625
2005-07-19,14167.509765625
2005-07-20,14306.0595703125
2005-07-21,14271.8896484375
2005-07-22,14318.4697265625
2005-07-25,14135.240234375
2005-07-26,14067.73046875
2005-07-27,14173.3798828125
2005-07-28,14256.83984375
2005-07-29,14409.66015625
2005-08-01,14582.5
2005-08-02,14677.66015625
2005-08-03,14615.9599609375
2005-08-04,14612.2197265625
2005-08-05,14463.1396484375
2005-08-08,14596.76953125
2005-08-09,14673.33984375
2005-08-10,14702.580078125
2005-08-11,14768.9501953125
2005-08-12,14673.2197265625
2005-08-15,14842.7001953125
2005-08-16,14559.1904296875
2005-08-17,14560.330078125
2005-08-18,14619.98046875
2005-08-19,14678.16015625
2005-08-22,14770.26953125
2005-08-23,14717.91015625
2005-08-24,14603.0
2005-08-25,14604.6103515625
2005-08-26,14444.83984375
2005-08-29,14327.2001953125
2005-08-30,14008.2001953125
2005-08-31,14243.1904296875
2005-09-01,14486.58984375
2005-09-02,14772.7001953125
2005-09-05,14857.3095703125
2005-09-06,15030.6201171875
2005-09-07,15246.23046875
2005-09-08,15055.919921875
2005-09-09,15212.8798828125
2005-09-12,15190.169921875
2005-09-13,15087.2900390625
2005-09-14,15221.3896484375
2005-09-15,15428.7802734375
2005-09-19,15656.83984375
2005-09-20,15563.4697265625
2005-09-21,15734.41015625
2005-09-22,15661.1298828125
2005-09-23,15649.330078125
2005-09-26,15765.5302734375
2005-09-27,15801.8095703125
2005-09-28,15869.330078125
2005-09-29,15841.83984375
2005-09-30,16120.080078125
2005-10-03,16051.01953125
2005-10-04,15933.41015625
2005-10-05,15720.349609375
2005-10-06,15247.599609375
2005-10-07,15447.58984375
2005-10-10,15466.41015625
2005-10-11,15445.3701171875
2005-10-12,15103.16015625
2005-10-13,14924.73046875
2005-10-14,14892.8798828125
2005-10-17,15282.73046875
2005-10-18,15084.83984375
2005-10-19,15111.9501953125
2005-10-20,14821.099609375
2005-10-21,14903.3603515625
2005-10-24,15356.3203125
2005-10-25,15367.8701171875
2005-10-26,15666.2197265625
2005-10-27,15437.6298828125
2005-10-28,15579.6796875
2005-10-31,15759.73046875
2005-11-01,15922.51953125
2005-11-02,15896.48046875
2005-11-03,15798.0400390625
2005-11-04,15900.5302734375
2005-11-07,15944.150390625
2005-11-08,15930.7099609375
2005-11-09,15981.1796875
2005-11-10,16153.080078125
2005-11-11,16137.0703125
2005-11-14,16293.5302734375
2005-11-15,16193.580078125
2005-11-16,16310.6796875
2005-11-17,16455.390625
2005-11-18,16545.439453125
2005-11-21,16767.0703125
2005-11-22,16866.83984375
2005-11-23,16713.91015625
2005-11-24,16750.439453125
2005-11-25,16879.369140625
2005-11-28,16836.109375
2005-11-29,16694.94921875
2005-11-30,16830.9609375
2005-12-01,17133.830078125
2005-12-02,17150.990234375
2005-12-05,17271.060546875
2005-12-06,17424.4296875
2005-12-07,17244.189453125
2005-12-08,17211.01953125
2005-12-09,17554.48046875
2005-12-13,17819.6796875
2005-12-14,18054.029296875
2005-12-15,17922.470703125
2005-12-16,17737.58984375
2005-12-19,17666.41015625
2005-12-20,17680.94921875
2005-12-21,17781.509765625
2005-12-22,17768.900390625
2005-12-23,17802.279296875
2005-12-26,17776.880859375
2005-12-27,17832.640625
2005-12-28,17690.69921875
2005-12-29,17832.80078125
2005-12-30,17802.7109375
2006-01-02,17925.69921875
2006-01-03,18500.689453125
2006-01-04,18669.23046875
2006-01-05,18608.33984375
2006-01-06,18736.779296875
2006-01-09,18998.830078125
2006-01-10,18912.380859375
2006-01-11,19160.439453125
2006-01-12,18925.009765625
2006-01-13,18889.19921875
2006-01-16,18958.2890625
2006-01-17,18489.630859375
2006-01-18,18265.9609375
2006-01-19,18521.44921875
2006-01-20,18346.23046875
2006-01-23,18447.109375
2006-01-24,18875.41015625
2006-01-25,18866.369140625
2006-01-26,19216.75
2006-01-27,18956.5
2006-01-30,18849.240234375
2006-01-31,18907.099609375
2006-02-01,19162.380859375
2006-02-02,19060.380859375
2006-02-03,18862.1796875
2006-02-07,18665.060546875
2006-02-08,18410.240234375
2006-02-09,18518.330078125
2006-02-10,18298.580078125
2006-02-13,17883.630859375
2006-02-14,18023.009765625
2006-02-15,18169.16015625
2006-02-16,18457.240234375
2006-02-17,18480.779296875
2006-02-20,18542.580078125
2006-02-21,18497.380859375
2006-02-22,18780.4609375
2006-02-23,19117.720703125
2006-02-24,19100.890625
2006-02-27,18854.669921875
2006-02-28,18706.3203125
2006-03-01,19058.740234375
2006-03-02,19102.330078125
2006-03-03,19189.25
2006-03-06,18991.4609375
2006-03-07,18551.0703125
2006-03-08,18398.8203125
2006-03-09,18310.5703125
2006-03-10,18420.169921875
2006-03-13,18706.189453125
2006-03-14,18941.0390625
2006-03-15,18999.640625
2006-03-16,19166.4296875
2006-03-17,19345.80078125
2006-03-20,19581.119140625
2006-03-22,19598.109375
2006-03-23,19255.869140625
2006-03-24,19339.30078125
2006-03-27,19226.3203125
2006-03-28,18929.98046875
2006-03-29,19132.33984375
2006-03-30,19214.0
2006-03-31,19272.630859375
2006-04-03,19634.2109375
2006-04-04,19764.080078125
2006-04-05,19930.630859375
2006-04-06,19869.7109375
2006-04-07,19472.359375
2006-04-10,19548.349609375
2006-04-11,19465.150390625
2006-04-12,19322.619140625
2006-04-17,19632.33984375
2006-04-18,19820.0703125
2006-04-19,19933.08984375
2006-04-20,19979.5390625
2006-04-21,20174.640625
2006-04-24,20198.7109375
2006-04-25,20360.609375
2006-04-26,20566.91015625
2006-04-27,20390.619140625
2006-04-28,20646.189453125
2006-05-02,21079.869140625
2006-05-03,21159.16015625
2006-05-04,21293.66015625
2006-05-05,21237.44921875
2006-05-08,21608.669921875
2006-05-09,21822.9296875
2006-05-10,21781.0703125
2006-05-11,21435.26953125
2006-05-12,21154.900390625
2006-05-15,20722.130859375
2006-05-16,20851.060546875
2006-05-17,20261.859375
2006-05-18,20217.01953125
2006-05-19,20182.140625
2006-05-22,19369.2890625
2006-05-23,19084.830078125
2006-05-24,18805.5703125
2006-05-25,19405.7109375
2006-05-26,19585.2109375
2006-05-29,19500.5390625
2006-05-30,18841.33984375
2006-05-31,18677.919921875
2006-06-01,19128.630859375
2006-06-02,19421.73046875
2006-06-05,18954.919921875
2006-06-06,18798.279296875
2006-06-07,18413.439453125
2006-06-08,18257.640625
2006-06-09,17748.740234375
2006-06-12,16986.26953125
2006-06-13,16653.150390625
2006-06-14,16802.099609375
2006-06-15,17932.330078125
2006-06-16,18041.7890625
2006-06-19,17581.880859375
2006-06-20,17781.279296875
2006-06-21,18156.2109375
2006-06-22,18188.400390625
2006-06-23,18545.73046875
2006-06-26,18491.400390625
2006-06-27,18021.470703125
2006-06-28,18101.830078125
2006-06-29,18908.330078125
2006-06-30,19147.169921875
2006-07-03,20060.8203125
2006-07-04,20329.490234375
2006-07-05,19514.619140625
2006-07-06,20047.619140625
2006-07-07,19829.599609375
2006-07-10,19700.150390625
2006-07-11,19570.2109375
2006-07-12,19419.439453125
2006-07-13,18725.259765625
2006-07-14,18328.66015625
2006-07-17,18437.98046875
2006-07-18,18885.669921875
2006-07-19,19871.779296875
2006-07-20,19510.51953125
2006-07-21,19527.369140625
2006-07-24,19938.69921875
2006-07-25,20082.0
2006-07-26,19913.189453125
2006-07-27,20138.7890625
2006-07-28,20252.330078125
2006-07-31,20095.9296875
2006-08-01,19973.19921875
2006-08-02,20145.099609375
2006-08-03,20261.810546875
2006-08-04,20354.990234375
2006-08-07,20412.490234375
2006-08-08,20342.779296875
2006-08-09,20062.369140625
2006-08-10,20048.1796875
2006-08-11,20273.859375
2006-08-14,20290.490234375
2006-08-15,20544.439453125
2006-08-16,20900.0
2006-08-17,20971.779296875
2006-08-18,21046.630859375
2006-08-21,20861.560546875
2006-08-22,20986.890625
2006-08-23,20742.439453125
2006-08-24,20751.44921875
2006-08-25,20994.939453125
2006-08-28,21228.869140625
2006-08-29,21282.080078125
2006-08-30,21331.08984375
2006-08-31,21049.349609375
2006-09-01,21192.259765625
2006-09-04,21385.630859375
2006-09-05,21256.109375
2006-09-06,20965.240234375
2006-09-07,20833.23046875
2006-09-08,20795.8203125
2006-09-11,20612.890625
2006-09-12,21102.76953125
2006-09-13,21320.2109375
2006-09-14,21334.01953125
2006-09-15,21548.869140625
2006-09-18,21666.0703125
2006-09-19,21659.01953125
2006-09-20,21841.44921875
2006-09-21,21498.08984375
2006-09-22,21390.4296875
2006-09-25,21674.740234375
2006-09-26,21792.30078125
2006-09-27,21748.5703125
2006-09-28,21854.48046875
2006-09-29,21937.109375
2006-10-02,21619.9609375
2006-10-03,21631.0
2006-10-04,22105.970703125
2006-10-05,22326.859375
2006-10-06,22350.05078125
2006-10-09,22313.419921875
2006-10-10,22523.560546875
2006-10-11,22387.080078125
2006-10-12,22661.8203125
2006-10-13,22848.3203125
2006-10-16,22950.1796875
2006-10-17,22799.419921875
2006-10-18,23012.869140625
2006-10-19,23168.51953125
2006-10-20,23233.48046875
2006-10-23,23321.41015625
2006-10-24,23279.76953125
2006-10-25,23397.689453125
2006-10-26,23361.419921875
2006-10-27,22762.859375
2006-10-30,22370.08984375
2006-10-31,23046.94921875
2006-11-01,23042.279296875
2006-11-03,23169.869140625
2006-11-06,23733.0703125
2006-11-07,23585.140625
2006-11-08,23930.640625
2006-11-09,23941.80078125
2006-11-10,23951.630859375
2006-11-13,24188.58984375
2006-11-14,24288.060546875
2006-11-15,24315.599609375
2006-11-16,24266.029296875
2006-11-17,24196.05078125
2006-11-21,24585.6796875
2006-11-22,24674.75
2006-11-23,24730.009765625
2006-11-24,24792.890625
2006-11-27,24442.7890625
2006-11-28,24344.94921875
2006-11-29,24776.08984375
2006-11-30,24962.009765625
2006-12-04,25207.48046875
2006-12-05,25593.919921875
2006-12-06,25615.849609375
2006-12-07,25639.310546875
2006-12-08,25756.810546875
2006-12-11,25828.48046875
2006-12-13,25690.390625
2006-12-14,25863.390625
2006-12-15,25757.6796875
2006-12-18,25857.439453125
2006-12-19,25621.5
2006-12-20,25394.689453125
2006-12-21,25546.8203125
2006-12-22,25432.640625
2006-12-26,25705.0390625
2006-12-27,26196.66015625
2006-12-28,26295.2109375
2006-12-29,26448.3203125
2007-01-02,26664.44921875
2007-01-03,26619.369140625
2007-01-04,26566.279296875
2007-01-05,26135.599609375
2007-01-08,26281.640625
2007-01-09,25783.0390625
2007-01-10,25885.80078125
2007-01-11,26247.900390625
2007-01-12,26324.380859375
2007-01-15,26480.029296875
2007-01-16,26480.330078125
2007-01-17,26558.5
2007-01-18,26112.869140625
2007-01-19,26213.380859375
2007-01-22,26432.25
2007-01-23,26810.0
2007-01-24,27338.30078125
2007-01-25,26899.33984375
2007-01-26,27045.7109375
2007-01-29,26834.05078125
2007-01-30,27135.369140625
2007-01-31,27561.490234375
2007-02-01,27842.759765625
2007-02-02,27933.0703125
2007-02-07,28123.759765625
2007-02-08,28197.259765625
2007-02-09,27906.890625
2007-02-12,27972.23046875
2007-02-13,28262.650390625
2007-02-14,28539.689453125
2007-02-15,28498.75
2007-02-16,28491.0703125
2007-02-19,28590.169921875
2007-02-20,28589.66015625
2007-02-21,28715.9609375
2007-02-22,28676.48046875
2007-02-23,28505.720703125
2007-02-26,28046.16015625
2007-02-27,26418.8203125
2007-02-28,26638.94921875
2007-03-01,26647.650390625
2007-03-02,26321.119140625
2007-03-05,25788.369140625
2007-03-06,26355.640625
2007-03-07,26184.390625
2007-03-08,26773.7890625
2007-03-09,27106.529296875
2007-03-12,27261.169921875
2007-03-13,26589.19921875
2007-03-14,26719.3203125
2007-03-15,26883.529296875
2007-03-16,26901.419921875
2007-03-20,27407.4609375
2007-03-21,28219.55078125
2007-03-22,28258.80078125
2007-03-23,28272.029296875
2007-03-26,28158.970703125
2007-03-27,28124.330078125
2007-03-28,28098.279296875
2007-03-29,28704.240234375
2007-03-30,28747.689453125
2007-04-02,29171.51953125
2007-04-03,29348.08984375
2007-04-04,29370.939453125
2007-04-09,29632.19921875
2007-04-10,29515.640625
2007-04-11,29278.75
2007-04-12,29606.970703125
2007-04-13,29762.220703125
2007-04-16,29718.66015625
2007-04-17,29598.990234375
2007-04-18,29559.51953125
2007-04-19,29614.05078125
2007-04-20,29832.48046875
2007-04-23,29593.849609375
2007-04-24,29544.1796875
2007-04-25,29444.150390625
2007-04-26,29342.69921875
2007-04-27,29372.9296875
2007-04-30,28996.7109375
2007-05-02,29259.919921875
2007-05-03,29752.94921875
2007-05-04,30013.849609375
2007-05-07,29776.5703125
2007-05-08,29572.400390625
2007-05-09,29992.830078125
2007-05-10,29653.8203125
2007-05-11,30058.75
2007-05-14,29766.330078125
2007-05-15,29619.91015625
2007-05-16,30341.25
2007-05-17,30478.369140625
2007-05-18,30676.33984375
2007-05-21,30708.73046875
2007-05-22,30802.25
2007-05-23,30869.83984375
2007-05-24,30338.580078125
2007-05-25,30700.009765625
2007-05-28,30928.4296875
2007-05-29,30664.73046875
2007-05-30,31380.0
2007-05-31,31398.9609375
2007-06-01,31946.400390625
2007-06-04,32096.2109375
2007-06-05,32271.380859375
2007-06-06,31681.759765625
2007-06-07,31184.490234375
2007-06-08,31466.599609375
2007-06-11,31833.439453125
2007-06-12,31608.58984375
2007-06-13,31884.060546875
2007-06-14,32114.08984375
2007-06-15,32128.970703125
2007-06-18,32218.169921875
2007-06-19,32064.990234375
2007-06-20,31550.759765625
2007-06-21,31830.83984375
2007-06-22,31642.259765625
2007-06-25,31296.009765625
2007-06-26,30744.7109375
2007-06-27,30804.2109375
2007-06-28,31079.240234375
2007-06-29,31151.05078125
2007-07-02,31420.689453125
2007-07-03,32117.830078125
2007-07-04,32201.630859375
2007-07-05,32177.830078125
2007-07-06,32411.83984375
2007-07-09,32088.25
2007-07-10,31743.01953125
2007-07-11,31916.26953125
2007-07-12,32261.099609375
2007-07-13,32386.509765625
2007-07-16,32265.9296875
2007-07-17,31979.140625
2007-07-18,31886.740234375
2007-07-19,32150.650390625
2007-07-20,31922.619140625
2007-07-23,32168.4296875
2007-07-24,31462.150390625
2007-07-25,31103.529296875
2007-07-26,29996.599609375
2007-07-27,30235.169921875
2007-07-30,30900.6796875
2007-07-31,30659.66015625
2007-08-01,30048.369140625
2007-08-02,30394.810546875
2007-08-03,29671.76953125
2007-08-06,29721.630859375
2007-08-07,30239.919921875
2007-08-08,30661.869140625
2007-08-09,29883.9609375
2007-08-10,29420.470703125
2007-08-13,29607.19921875
2007-08-14,28895.73046875
2007-08-15,28140.73046875
2007-08-16,27793.16015625
2007-08-17,28510.66015625
2007-08-20,28453.55078125
2007-08-21,28568.4296875
2007-08-22,29269.33984375
2007-08-23,29459.8203125
2007-08-24,30041.5390625
2007-08-27,30275.83984375
2007-08-28,29326.759765625
2007-08-29,29710.779296875
2007-08-30,29744.0703125
2007-08-31,30347.859375
2007-09-03,30797.599609375
2007-09-04,30932.7109375
2007-09-05,30809.55078125
2007-09-06,30816.94921875
2007-09-07,30252.76953125
2007-09-10,29893.1796875
2007-09-11,30191.140625
2007-09-12,30076.330078125
2007-09-13,30302.23046875
2007-09-14,30096.029296875
2007-09-17,29794.490234375
2007-09-18,30603.419921875
2007-09-19,30512.640625
2007-09-20,30485.75
2007-09-21,30583.0703125
2007-09-24,30543.44921875
2007-09-25,30294.76953125
2007-09-26,30303.1796875
2007-09-27,30528.0
2007-09-28,30296.189453125
2007-10-01,30855.6796875
2007-10-02,31451.7890625
2007-10-03,31178.83984375
2007-10-04,31078.330078125
2007-10-05,31540.939453125
2007-10-08,31825.509765625
2007-10-09,31801.689453125
2007-10-10,32129.400390625
2007-10-11,31980.94921875
2007-10-12,32473.470703125
2007-10-15,32335.859375
2007-10-16,32230.8203125
2007-10-17,32721.8203125
2007-10-18,32836.12109375
2007-10-19,31823.400390625
2007-10-22,31969.48046875
2007-10-23,32229.439453125
2007-10-24,32048.1796875
2007-10-25,31886.099609375
2007-10-26,32136.759765625
2007-10-29,32100.759765625
2007-10-30,31783.619140625
2007-10-31,31458.669921875
2007-11-01,30806.30078125
2007-11-05,30157.689453125
2007-11-06,30430.5
2007-11-07,29582.2109375
2007-11-08,29289.720703125
2007-11-09,29158.859375
2007-11-12,28185.900390625
2007-11-13,29484.779296875
2007-11-14,29655.6796875
2007-11-15,29170.900390625
2007-11-16,29631.5703125
2007-11-21,28446.44921875
2007-11-22,28520.16015625
2007-11-23,28710.869140625
2007-11-26,27883.009765625
2007-11-27,28124.650390625
2007-11-28,29276.390625
2007-11-29,29399.919921875
2007-11-30,29770.51953125
2007-12-03,29968.529296875
2007-12-04,29998.7890625
2007-12-05,30761.640625
2007-12-06,31257.30078125
2007-12-07,31268.359375
2007-12-10,31182.75
2007-12-11,30327.359375
2007-12-13,30088.0390625
2007-12-14,29994.900390625
2007-12-17,28968.19921875
2007-12-18,29254.98046875
2007-12-19,29074.119140625
2007-12-20,29148.44921875
2007-12-21,29638.400390625
2007-12-24,29853.76953125
2007-12-26,30002.4609375
2007-12-27,29642.119140625
2007-12-28,29700.189453125
2007-12-31,29536.830078125
2008-01-02,28699.119140625
2008-01-03,28860.779296875
2008-01-04,28317.919921875
2008-01-07,28152.560546875
2008-01-08,28267.779296875
2008-01-09,28401.609375
2008-01-10,29069.560546875
2008-01-11,28723.8203125
2008-01-14,28607.44921875
2008-01-15,27961.849609375
2008-01-16,27343.5703125
2008-01-17,26698.66015625
2008-01-18,26713.830078125
2008-01-21,25284.880859375
2008-01-22,26892.740234375
2008-01-23,27620.330078125
2008-01-24,27905.130859375
2008-01-25,27379.919921875
2008-01-28,27758.9296875
2008-01-29,28263.94921875
2008-01-30,28296.80078125
2008-01-31,28793.640625
2008-02-01,29429.9296875
2008-02-05,28086.970703125
2008-02-06,27929.2890625
2008-02-07,28088.3203125
2008-02-08,28185.259765625
2008-02-11,28789.55078125
2008-02-12,28869.9609375
2008-02-13,29306.759765625
2008-02-14,29138.919921875
2008-02-15,28744.810546875
2008-02-18,29172.2109375
2008-02-19,28899.970703125
2008-02-20,29224.439453125
2008-02-21,29361.3203125
2008-02-22,29528.7890625
2008-02-25,29962.880859375
2008-02-26,30228.080078125
2008-02-27,30424.759765625
2008-02-28,30130.470703125
2008-02-29,28918.51953125
2008-03-03,29526.69921875
2008-03-04,29261.109375
2008-03-05,29277.349609375
2008-03-06,28717.0390625
2008-03-07,28612.75
2008-03-10,28207.2890625
2008-03-11,29466.169921875
2008-03-12,29283.400390625
2008-03-13,29703.08984375
2008-03-14,29048.509765625
2008-03-18,29515.55078125
2008-03-19,29071.33984375
2008-03-24,29634.16015625
2008-03-25,29981.080078125
2008-03-26,30057.259765625
2008-03-27,29987.05078125
2008-03-28,30089.900390625
2008-03-31,30912.990234375
2008-04-01,31787.6796875
2008-04-02,31467.869140625
2008-04-03,31689.609375
2008-04-04,31545.369140625
2008-04-07,31715.439453125
2008-04-08,31726.859375
2008-04-09,31417.830078125
2008-04-10,31649.05078125
2008-04-11,31302.5703125
2008-04-14,31192.48046875
2008-04-15,31375.94921875
2008-04-16,31910.2109375
2008-04-17,31785.990234375
2008-04-18,31795.6796875
2008-04-21,32095.0390625
2008-04-22,32039.720703125
2008-04-23,31847.98046875
2008-04-24,31746.23046875
2008-04-25,31009.01953125
2008-04-28,30623.390625
2008-04-29,30270.640625
2008-04-30,30281.41015625
2008-05-02,30551.470703125
2008-05-05,30958.890625
2008-05-06,31223.419921875
2008-05-07,30762.16015625
2008-05-08,30751.970703125
2008-05-09,30674.359375
2008-05-12,30637.359375
2008-05-13,30887.400390625
2008-05-14,31336.5703125
2008-05-15,31542.970703125
2008-05-16,31486.94921875
2008-05-19,31796.41015625
2008-05-20,31526.169921875
2008-05-21,31126.0703125
2008-05-22,31245.6796875
2008-05-23,31068.69921875
2008-05-26,31314.55078125
2008-05-27,31414.2109375
2008-05-28,31647.029296875
2008-05-29,31837.26953125
2008-05-30,31975.470703125
2008-06-02,31636.2109375
2008-06-03,31492.640625
2008-06-04,31448.109375
2008-06-05,31726.009765625
2008-06-06,31149.060546875
2008-06-09,30933.439453125
2008-06-10,30898.869140625
2008-06-11,30446.240234375
2008-06-12,30475.439453125
2008-06-13,30413.48046875
2008-06-16,30354.1796875
2008-06-17,29925.26953125
2008-06-18,29618.109375
2008-06-19,29847.849609375
2008-06-20,29533.439453125
2008-06-23,29464.5390625
2008-06-24,29291.609375
2008-06-25,29569.439453125
2008-06-26,29199.939453125
2008-06-27,29295.0
2008-06-30,29395.490234375
2008-07-01,29221.109375
2008-07-02,28680.830078125
2008-07-03,28465.55078125
2008-07-04,28338.119140625
2008-07-07,28383.529296875
2008-07-08,28551.25
2008-07-09,28095.7890625
2008-07-10,27877.330078125
2008-07-11,27614.5390625
2008-07-14,27517.109375
2008-07-15,27435.80078125
2008-07-16,27968.8203125
2008-07-17,28215.859375
2008-07-18,28169.76953125
2008-07-21,27988.470703125
2008-07-22,27592.240234375
2008-07-23,27644.75
2008-07-24,27644.75
2008-07-25,27084.76953125
2008-07-28,26732.83984375
2008-07-29,27318.640625
2008-07-30,27474.0390625
2008-07-31,27501.01953125
2008-08-01,26959.1796875
2008-08-04,26487.759765625
2008-08-05,26990.189453125
2008-08-06,27342.390625
2008-08-07,26986.98046875
2008-08-08,27132.7890625
2008-08-11,26943.689453125
2008-08-12,26636.55078125
2008-08-13,26877.0703125
2008-08-14,27247.44921875
2008-08-15,27340.830078125
2008-08-18,26777.48046875
2008-08-19,26732.109375
2008-08-20,26865.0390625
2008-08-21,26534.970703125
2008-08-22,26875.44921875
2008-08-25,26416.619140625
2008-08-26,26071.4609375
2008-08-27,26131.349609375
2008-08-28,26444.119140625
2008-08-29,26290.990234375
2008-09-01,26424.69921875
2008-09-02,26522.759765625
2008-09-03,26467.7890625
2008-09-04,26151.630859375
2008-09-05,25904.1796875
2008-09-08,26232.560546875
2008-09-09,25629.7890625
2008-09-10,25622.91015625
2008-09-11,25552.490234375
2008-09-12,25588.41015625
2008-09-15,24618.150390625
2008-09-17,23456.83984375
2008-09-18,24577.900390625
2008-09-19,25701.029296875
2008-09-22,25131.91015625
2008-09-23,24969.169921875
2008-09-24,24944.25
2008-09-25,25645.5
2008-09-26,25593.76953125
2008-09-29,23955.669921875
2008-09-30,24888.900390625
2008-10-01,25117.3203125
2008-10-02,24027.349609375
2008-10-03,22989.5
2008-10-06,21749.130859375
2008-10-07,20884.740234375
2008-10-08,20678.970703125
2008-10-09,20310.19921875
2008-10-10,19905.26953125
2008-10-13,22095.890625
2008-10-14,22244.609375
2008-10-15,21135.419921875
2008-10-16,20457.9296875
2008-10-17,20312.830078125
2008-10-20,20786.2109375
2008-10-21,20203.26953125
2008-10-22,18787.33984375
2008-10-23,17798.990234375
2008-10-24,16978.83984375
2008-10-27,16891.029296875
2008-10-28,18632.529296875
2008-10-29,19157.330078125
2008-10-30,20207.01953125
2008-10-31,20445.3203125
2008-11-03,20612.6796875
2008-11-04,21535.26953125
2008-11-05,20446.76953125
2008-11-06,19650.859375
2008-11-07,19865.220703125
2008-11-10,20020.529296875
2008-11-11,19795.25
2008-11-12,18804.94921875
2008-11-13,19710.099609375
2008-11-14,19562.140625
2008-11-18,19036.23046875
2008-11-19,18578.380859375
2008-11-20,18190.69921875
2008-11-21,18251.41015625
2008-11-24,19529.25
2008-11-25,19297.630859375
2008-11-26,20025.7890625
2008-11-27,20201.8203125
2008-11-28,20534.720703125
2008-12-01,19533.080078125
2008-12-02,19802.26953125
2008-12-03,20147.009765625
2008-12-04,19916.2109375
2008-12-05,20081.830078125
2008-12-08,21168.720703125
2008-12-09,21439.650390625
2008-12-10,21689.83984375
2008-12-11,21408.349609375
2008-12-15,21050.55078125
2008-12-16,22032.5390625
2008-12-17,22572.5
2008-12-18,22347.169921875
2008-12-19,22221.640625
2008-12-22,22059.1796875
2008-12-23,22174.259765625
2008-12-24,22340.69921875
2008-12-26,22515.33984375
2008-12-29,22392.380859375
2008-12-30,22420.009765625
2008-12-31,22380.3203125
2009-01-02,23250.9609375
2009-01-05,23238.859375
2009-01-06,23005.41015625
2009-01-07,22117.509765625
2009-01-08,21955.400390625
2009-01-09,21741.2890625
2009-01-12,21162.26953125
2009-01-13,21047.30078125
2009-01-14,20369.23046875
2009-01-15,20280.490234375
2009-01-16,20325.390625
2009-01-19,20393.41015625
2009-01-20,19213.01953125
2009-01-21,19497.099609375
2009-01-22,19306.73046875
2009-01-23,19348.810546875
2009-01-26,19583.080078125
2009-01-27,19616.150390625
2009-01-28,20145.220703125
2009-01-29,19537.05078125
2009-01-30,19565.140625
2009-02-03,19630.4609375
2009-02-04,19622.599609375
2009-02-05,19736.9609375
2009-02-06,20438.130859375
2009-02-09,20537.099609375
2009-02-10,19825.720703125
2009-02-11,19446.650390625
2009-02-12,19358.25
2009-02-13,19368.099609375
2009-02-16,19520.869140625
2009-02-17,18853.9296875
2009-02-18,18741.26953125
2009-02-19,18682.470703125
2009-02-20,18324.23046875
2009-02-23,17956.400390625
2009-02-24,18296.109375
2009-02-25,18200.69921875
2009-02-26,18047.16015625
2009-02-27,17752.1796875
2009-03-02,16929.80078125
2009-03-03,17093.25
2009-03-04,17824.9609375
2009-03-05,17365.01953125
2009-03-06,17043.439453125
2009-03-09,16964.359375
2009-03-10,17543.51953125
2009-03-11,17790.689453125
2009-03-12,18864.869140625
2009-03-13,19437.009765625
2009-03-17,19325.05078125
2009-03-18,19620.48046875
2009-03-19,19596.509765625
2009-03-20,19363.30078125
2009-03-23,20346.4296875
2009-03-24,20242.609375
2009-03-25,20272.76953125
2009-03-26,20542.25
2009-03-27,20315.169921875
2009-03-30,19530.150390625
2009-03-31,19626.75
2009-04-01,19880.369140625
2009-04-02,20562.58984375
2009-04-03,20933.779296875
2009-04-06,20807.2109375
2009-04-07,20623.419921875
2009-04-08,20530.630859375
2009-04-13,21838.9609375
2009-04-14,21918.599609375
2009-04-15,21861.359375
2009-04-16,22189.19921875
2009-04-17,22234.83984375
2009-04-20,21587.490234375
2009-04-21,21216.939453125
2009-04-22,21480.009765625
2009-04-23,21829.330078125
2009-04-24,22582.169921875
2009-04-27,21827.109375
2009-04-28,21662.529296875
2009-04-29,22079.33984375
2009-04-30,21898.849609375
2009-05-04,23014.05078125
2009-05-05,23430.240234375
2009-05-06,23906.130859375
2009-05-07,23589.400390625
2009-05-08,24085.580078125
2009-05-11,23943.01953125
2009-05-12,23696.490234375
2009-05-13,23155.009765625
2009-05-14,23405.9296875
2009-05-15,23341.720703125
2009-05-18,23935.490234375
2009-05-19,24344.619140625
2009-05-20,24399.599609375
2009-05-21,23821.259765625
2009-05-22,24093.240234375
2009-05-25,24198.9609375
2009-05-26,24640.080078125
2009-05-27,24507.810546875
2009-05-28,24659.240234375
2009-05-29,24331.7109375
2009-06-01,25105.630859375
2009-06-02,25183.830078125
2009-06-03,24651.3203125
2009-06-04,24748.029296875
2009-06-05,24913.009765625
2009-06-08,24932.880859375
2009-06-09,25107.4296875
2009-06-10,25183.720703125
2009-06-11,25372.849609375
2009-06-12,25460.01953125
2009-06-15,24899.689453125
2009-06-16,24224.830078125
2009-06-17,24150.939453125
2009-06-18,24340.650390625
2009-06-19,24274.720703125
2009-06-22,23314.6796875
2009-06-23,23496.390625
2009-06-24,23711.240234375
2009-06-25,24245.7109375
2009-06-26,24458.23046875
2009-06-29,24473.529296875
2009-06-30,24368.380859375
2009-07-01,24524.009765625
2009-07-02,24051.4609375
2009-07-03,24045.390625
2009-07-06,23742.490234375
2009-07-07,23359.939453125
2009-07-08,23468.98046875
2009-07-09,23634.26953125
2009-07-10,23656.259765625
2009-07-13,23951.9609375
2009-07-14,24340.650390625
2009-07-15,25336.330078125
2009-07-16,25735.560546875
2009-07-17,25741.9609375
2009-07-20,26284.060546875
2009-07-21,26004.01953125
2009-07-22,26288.2109375
2009-07-23,26805.419921875
2009-07-24,26646.369140625
2009-07-27,26815.30078125
2009-07-28,26850.75
2009-07-29,26516.5
2009-07-30,26810.26953125
2009-07-31,27043.5
2009-08-03,27692.48046875
2009-08-04,27869.919921875
2009-08-05,28082.630859375
2009-08-06,27802.41015625
2009-08-07,28179.55078125
2009-08-10,28305.3203125
2009-08-11,27800.80078125
2009-08-12,28096.01953125
2009-08-13,28155.490234375
2009-08-14,27855.4296875
2009-08-17,27299.580078125
2009-08-18,27544.3203125
2009-08-19,27598.369140625
2009-08-20,27944.240234375
2009-08-21,28308.9609375
2009-08-24,28004.26953125
2009-08-25,28005.4609375
2009-08-26,28212.849609375
2009-08-27,28437.259765625
2009-08-28,28599.919921875
2009-08-31,28129.94921875
2009-09-01,27749.16015625
2009-09-02,27953.33984375
2009-09-03,28150.08984375
2009-09-04,28309.55078125
2009-09-07,28585.25
2009-09-08,29190.8203125
2009-09-09,29100.05078125
2009-09-10,29318.419921875
2009-09-11,29448.7890625
2009-09-14,29383.189453125
2009-09-15,29625.01953125
2009-09-17,30017.720703125
2009-09-18,29942.0
2009-09-21,29607.16015625
2009-09-22,29513.6796875
2009-09-23,28959.669921875
2009-09-24,28465.109375
2009-09-25,28759.98046875
2009-09-28,29401.990234375
2009-09-29,29432.009765625
2009-09-30,29232.240234375
2009-10-01,28588.259765625
2009-10-02,28678.66015625
2009-10-05,29214.400390625
2009-10-06,29690.48046875
2009-10-07,29763.369140625
2009-10-08,29898.849609375
2009-10-09,30039.7109375
2009-10-12,30475.4296875
2009-10-13,30611.099609375
2009-10-14,30881.099609375
2009-10-15,31017.73046875
2009-10-16,30726.30078125
2009-10-19,30927.109375
2009-10-20,31000.939453125
2009-10-21,30889.05078125
2009-10-22,30761.759765625
2009-10-23,30617.6796875
2009-10-26,30280.080078125
2009-10-27,29312.83984375
2009-10-28,28670.900390625
2009-10-29,29247.830078125
2009-10-30,28646.029296875
2009-11-03,28886.529296875
2009-11-04,29430.509765625
2009-11-05,29735.33984375
2009-11-06,29868.619140625
2009-11-09,30646.240234375
2009-11-10,30788.19921875
2009-11-11,31097.640625
2009-11-12,30759.849609375
2009-11-13,31002.08984375
2009-11-17,31400.19921875
2009-11-18,31056.619140625
2009-11-19,30817.669921875
2009-11-20,30666.509765625
2009-11-23,31126.169921875
2009-11-24,30961.990234375
2009-11-25,31364.0390625
2009-11-26,30447.830078125
2009-11-27,30775.44921875
2009-11-30,30957.109375
2009-12-01,31750.580078125
2009-12-02,32111.7890625
2009-12-03,31967.4296875
2009-12-04,32105.390625
2009-12-07,32085.169921875
2009-12-08,31710.390625
2009-12-09,31670.2109375
2009-12-10,31916.599609375
2009-12-11,31901.689453125
2009-12-14,32009.880859375
2009-12-15,31902.599609375
2009-12-16,31956.25
2009-12-17,31948.41015625
2009-12-18,31834.0703125
2009-12-21,31799.23046875
2009-12-22,32240.3203125
2009-12-23,32450.23046875
2009-12-24,32548.529296875
2009-12-28,32610.509765625
2009-12-29,32626.2890625
2009-12-30,32448.740234375
2009-12-31,32120.470703125
2010-01-04,32758.529296875
2010-01-05,32732.759765625
2010-01-06,32830.16015625
2010-01-07,33064.5703125
2010-01-08,32892.0390625
2010-01-11,32935.37890625
2010-01-12,32792.66015625
2010-01-13,32836.078125
2010-01-14,32729.580078125
2010-01-15,32262.30078125
2010-01-18,32482.73046875
2010-01-19,32473.05078125
2010-01-20,32025.33984375
2010-01-21,31205.30078125
2010-01-22,30830.91015625
2010-01-25,30465.060546875
2010-01-26,30651.560546875
2010-01-27,30610.830078125
2010-01-28,30811.349609375
2010-01-29,30391.609375
2010-02-02,30876.650390625
2010-02-03,31287.0390625
2010-02-04,30603.7109375
2010-02-05,30630.73046875
2010-02-08,30649.439453125
2010-02-09,30818.48046875
2010-02-10,30746.05078125
2010-02-11,30845.630859375
2010-02-12,31005.740234375
2010-02-15,31038.3203125
2010-02-16,31644.76953125
2010-02-17,31892.119140625
2010-02-18,32170.7890625
2010-02-19,32172.109375
2010-02-22,32034.33984375
2010-02-23,31850.240234375
2010-02-24,31788.5390625
2010-02-25,31649.099609375
2010-02-26,31634.5390625
2010-03-01,31765.140625
2010-03-02,32055.0390625
2010-03-03,32353.5390625
2010-03-04,32202.0
2010-03-05,32436.529296875
2010-03-08,32520.26953125
2010-03-09,32514.169921875
2010-03-10,32505.759765625
2010-03-11,32602.939453125
2010-03-12,32578.05078125
2010-03-16,32723.900390625
2010-03-17,32798.30078125
2010-03-18,32969.828125
2010-03-19,33022.83984375
2010-03-22,33142.01953125
2010-03-23,33361.26953125
2010-03-24,33160.96875
2010-03-25,33164.328125
2010-03-26,33147.80859375
2010-03-29,33416.1015625
2010-03-30,33399.4609375
2010-03-31,33266.4296875
2010-04-05,33648.890625
2010-04-06,33801.2109375
2010-04-07,33632.3515625
2010-04-08,33567.3515625
2010-04-09,33840.8515625
2010-04-12,33852.390625
2010-04-13,33819.0390625
2010-04-14,34113.9296875
2010-04-15,34134.23046875
2010-04-16,33621.390625
2010-04-19,33439.76953125
2010-04-20,33813.16015625
2010-04-21,33517.1796875
2010-04-22,33658.37109375
2010-04-23,33853.69140625
2010-04-26,33771.55078125
2010-04-27,32679.359375
2010-04-28,32952.859375
2010-04-29,32861.0
2010-04-30,32687.3203125
2010-05-04,32120.650390625
2010-05-05,31995.279296875
2010-05-06,31398.970703125
2010-05-07,31488.8203125
2010-05-10,32276.919921875
2010-05-11,32119.109375
2010-05-12,32379.630859375
2010-05-13,32342.4296875
2010-05-14,31812.73046875
2010-05-17,31580.630859375
2010-05-18,31136.349609375
2010-05-19,30992.759765625
2010-05-20,30368.080078125
2010-05-21,30629.150390625
2010-05-24,30759.48046875
2010-05-25,30634.169921875
2010-05-26,31328.490234375
2010-05-27,32056.16015625
2010-05-28,31547.55078125
2010-05-31,32038.529296875
2010-06-01,31245.830078125
2010-06-02,31411.91015625
2010-06-03,31331.859375
2010-06-04,30992.650390625
2010-06-07,30739.009765625
2010-06-08,31059.830078125
2010-06-09,31209.330078125
2010-06-10,31910.220703125
2010-06-11,32124.279296875
2010-06-14,32238.41015625
2010-06-15,32685.400390625
2010-06-16,32805.62890625
2010-06-17,32775.33984375
2010-06-18,32814.62109375
2010-06-21,32882.0
2010-06-22,32470.69921875
2010-06-23,32663.2890625
2010-06-24,32312.759765625
2010-06-25,32607.130859375
2010-06-28,32568.189453125
2010-06-29,31473.19921875
2010-06-30,31156.970703125
2010-07-01,31197.0390625
2010-07-02,31379.669921875
2010-07-05,31391.44921875
2010-07-06,31533.580078125
2010-07-07,32035.189453125
2010-07-08,31960.640625
2010-07-09,32004.310546875
2010-07-12,31870.55078125
2010-07-13,32185.19921875
2010-07-14,32305.7109375
2010-07-15,32381.060546875
2010-07-16,31783.390625
2010-07-19,31845.880859375
2010-07-20,32024.26953125
2010-07-21,32108.990234375
2010-07-22,32720.759765625
2010-07-23,32806.03125
2010-07-26,32958.890625
2010-07-27,32695.310546875
2010-07-28,32665.560546875
2010-07-29,32463.720703125
2010-07-30,32308.740234375
2010-08-02,32816.51953125
2010-08-03,32768.078125
2010-08-04,32900.48046875
2010-08-05,32907.19140625
2010-08-06,32917.921875
2010-08-09,32837.5703125
2010-08-10,32685.51953125
2010-08-11,32058.5703125
2010-08-12,32041.130859375
2010-08-13,32099.75
2010-08-16,32119.880859375
2010-08-17,32286.080078125
2010-08-18,32408.30078125
2010-08-19,32153.630859375
2010-08-20,32291.669921875
2010-08-23,32142.669921875
2010-08-24,31364.890625
2010-08-25,31453.720703125
2010-08-26,31217.990234375
2010-08-27,31755.349609375
2010-08-30,31382.669921875
2010-08-31,31679.849609375
2010-09-01,32339.23046875
2010-09-02,32417.330078125
2010-09-03,32592.869140625
2010-09-06,32746.669921875
2010-09-07,32448.400390625
2010-09-08,32409.599609375
2010-09-09,32518.98046875
2010-09-10,32626.869140625
2010-09-13,32921.62890625
2010-09-14,33058.0
2010-09-15,33046.69140625
2010-09-20,33273.53125
2010-09-21,33296.69140625
2010-09-22,33207.2109375
2010-09-23,33091.12890625
2010-09-24,33280.75
2010-09-27,33122.44140625
2010-09-28,33258.53125
2010-09-29,33186.76171875
2010-09-30,33330.33984375
2010-10-01,33807.48046875
2010-10-04,34040.171875
2010-10-05,34257.3984375
2010-10-06,34370.640625
2010-10-07,34257.80859375
2010-10-08,34464.8203125
2010-10-11,34465.41015625
2010-10-12,34437.390625
2010-10-13,34798.6484375
2010-10-14,34836.5
2010-10-15,34741.5390625
2010-10-18,34919.30859375
2010-10-19,34452.2109375
2010-10-20,34880.46875
2010-10-21,34965.25
2010-10-22,35120.87890625
2010-10-25,35262.890625
2010-10-26,35373.390625
2010-10-27,35262.8984375
2010-10-28,35376.71875
2010-10-29,35568.21875
2010-11-01,35722.7109375
2010-11-03,35843.80859375
2010-11-04,36198.6015625
2010-11-05,36317.51171875
2010-11-08,36543.390625
2010-11-09,36198.03125
2010-11-10,36417.46875
2010-11-11,36304.5390625
2010-11-12,36057.390625
2010-11-16,35648.2109375
2010-11-17,35842.48046875
2010-11-18,36322.12109375
2010-11-19,36601.3984375
2010-11-22,36710.4609375
2010-11-23,36271.828125
2010-11-24,37079.28125
2010-11-25,36969.19921875
2010-11-26,36904.53125
2010-11-29,36890.609375
2010-11-30,36817.3203125
2010-12-01,37277.55859375
2010-12-02,37399.46875
2010-12-03,37385.91015625
2010-12-06,37737.12890625
2010-12-07,37880.12890625
2010-12-08,37617.76953125
2010-12-09,37567.390625
2010-12-10,37677.78125
2010-12-13,37894.33984375
2010-12-14,37901.0390625
2010-12-15,37676.55078125
2010-12-16,37832.859375
2010-12-17,37997.33984375
2010-12-20,37975.48046875
2010-12-21,38230.859375
2010-12-22,38172.91015625
2010-12-23,38131.46875
2010-12-27,38132.8515625
2010-12-28,38147.51171875
2010-12-29,38230.19921875
2010-12-30,38243.140625
2011-01-03,38605.80078125
2011-01-04,38542.16015625
2011-01-05,38696.23828125
2011-01-06,38589.671875
2011-01-07,38600.859375
2011-01-10,38378.16015625
2011-01-11,38028.80859375
2011-01-12,37963.30859375
2011-01-13,38070.19140625
2011-01-14,37994.71875
2011-01-17,38096.91015625
2011-01-18,38151.30078125
2011-01-19,37810.16015625
2011-01-20,37584.6796875
2011-01-21,37321.109375
2011-01-24,37667.8984375
2011-01-25,37470.76171875
2011-01-26,37585.3984375
2011-01-27,37447.69921875
2011-01-28,36839.71875
2011-01-31,36982.23828125
2011-02-01,37618.1015625
2011-02-02,37948.75
2011-02-03,37739.078125
2011-02-04,37451.83984375
2011-02-08,37565.6484375
2011-02-09,36986.94140625
2011-02-10,36652.12890625
2011-02-11,37011.48828125
2011-02-14,36998.9296875
2011-02-15,36951.25
2011-02-16,37074.9296875
2011-02-17,37226.4296875
2011-02-18,37522.30078125
2011-02-21,37242.05078125
2011-02-22,36781.55078125
2011-02-23,36464.0703125
2011-02-24,36446.55859375
2011-02-25,36880.19921875
2011-02-28,37019.69921875
2011-03-01,36768.08984375
2011-03-02,36863.53125
2011-03-03,37132.98046875
2011-03-04,36900.83984375
2011-03-07,36603.30078125
2011-03-08,36688.12109375
2011-03-09,36450.19140625
2011-03-10,35891.41015625
2011-03-11,36091.21875
2011-03-14,36205.76171875
2011-03-15,36012.171875
2011-03-16,35655.30859375
2011-03-17,35621.6796875
2011-03-18,35418.5
2011-03-22,35925.3515625
2011-03-23,36546.62109375
2011-03-24,36872.37890625
2011-03-25,36784.26953125
2011-03-28,36767.859375
2011-03-29,36795.890625
2011-03-30,37210.26953125
2011-03-31,37440.51171875
2011-04-01,37775.0703125
2011-04-04,37903.578125
2011-04-05,37832.9609375
2011-04-06,37861.80859375
2011-04-07,37471.5390625
2011-04-08,37471.71875
2011-04-11,37590.671875
2011-04-12,37321.80078125
2011-04-13,37347.69140625
2011-04-14,37069.9609375
2011-04-15,36988.37890625
2011-04-18,36332.1015625
2011-04-19,36440.21875
2011-04-20,36816.30859375
2011-04-25,36860.6796875
2011-04-26,36892.23828125
2011-04-27,36826.9296875
2011-04-28,36722.640625
2011-04-29,36962.62109375
2011-05-02,36592.609375
2011-05-03,35873.2109375
2011-05-04,35531.21875
2011-05-05,35325.08984375
2011-05-06,35212.23046875
2011-05-09,35467.01171875
2011-05-10,35678.921875
2011-05-11,35380.53125
2011-05-12,35161.26171875
2011-05-13,35045.140625
2011-05-16,35130.6015625
2011-05-17,34819.5703125
2011-05-18,35364.328125
2011-05-19,35276.46875
2011-05-20,35298.671875
2011-05-23,35215.01953125
2011-05-24,35382.55859375
2011-05-25,35498.421875
2011-05-26,35742.2109375
2011-05-27,35819.19921875
2011-05-30,35639.37890625
2011-05-31,35832.7890625
2011-06-01,35410.51171875
2011-06-02,35416.25
2011-06-03,35123.890625
2011-06-06,34673.48046875
2011-06-07,34895.828125
2011-06-08,34879.0703125
2011-06-09,35233.3984375
2011-06-10,34963.78125
2011-06-13,34997.96875
2011-06-14,35445.6484375
2011-06-15,35318.390625
2011-06-16,35220.98828125
2011-06-17,35025.73828125
2011-06-20,35109.96875
2011-06-21,35276.6015625
2011-06-22,35399.44140625
2011-06-23,35326.66015625
2011-06-24,35347.8515625
2011-06-27,35601.73046875
2011-06-28,36188.91015625
2011-06-29,36579.58984375
2011-06-30,36558.0703125
2011-07-01,36800.71875
2011-07-04,36847.1015625
2011-07-05,36640.9296875
2011-07-06,36468.01171875
2011-07-07,36583.2890625
2011-07-08,36499.8515625
2011-07-11,36359.48828125
2011-07-12,36178.58984375
2011-07-13,36254.69921875
2011-07-14,36164.609375
2011-07-15,36155.859375
2011-07-18,35781.4296875
2011-07-19,35752.01953125
2011-07-20,35341.671875
2011-07-21,35555.828125
2011-07-22,35755.48046875
2011-07-25,35479.671875
2011-07-26,35341.26953125
2011-07-27,35597.62890625
2011-07-28,35917.80078125
2011-07-29,35999.33984375
2011-08-01,35730.7109375
2011-08-02,34814.94140625
2011-08-03,34484.37109375
2011-08-04,33322.62890625
2011-08-05,33697.87109375
2011-08-08,31740.130859375
2011-08-09,32381.55078125
2011-08-10,32219.330078125
2011-08-11,33590.328125
2011-08-12,33361.5
2011-08-15,33901.078125
2011-08-16,33948.48046875
2011-08-17,34049.578125
2011-08-18,33246.62890625
2011-08-19,33136.890625
2011-08-22,33593.6484375
2011-08-23,34675.53125
2011-08-24,34644.921875
2011-08-25,33904.37890625
2011-08-26,34042.21875
2011-08-29,35016.0390625
2011-08-30,35148.91015625
2011-08-31,35721.1015625
2011-09-01,35637.859375
2011-09-02,35134.4296875
2011-09-05,33880.01953125
2011-09-06,34439.33984375
2011-09-07,35179.58984375
2011-09-08,34712.37890625
2011-09-09,33812.62109375
2011-09-12,33792.55859375
2011-09-13,33947.62109375
2011-09-14,34661.78125
2011-09-15,35181.44140625
2011-09-19,35076.9609375
2011-09-20,34337.96875
2011-09-21,34019.21875
2011-09-22,32381.060546875
2011-09-23,32588.4296875
2011-09-26,33385.94140625
2011-09-27,33783.6796875
2011-09-28,33438.16015625
2011-09-29,33686.16015625
2011-09-30,33503.28125
2011-10-03,33133.87890625
2011-10-04,32966.23046875
2011-10-05,33000.2890625
2011-10-06,33279.71875
2011-10-07,33005.08984375
2011-10-10,33547.23828125
2011-10-11,33681.80078125
2011-10-12,34470.359375
2011-10-13,34584.75
2011-10-14,34848.421875
2011-10-17,34125.69921875
2011-10-18,35011.7109375
2011-10-19,34523.26953125
2011-10-20,34395.5
2011-10-21,35020.73828125
2011-10-24,35265.55859375
2011-10-25,35290.1484375
2011-10-26,35818.578125
2011-10-27,36727.2109375
2011-10-28,36708.640625
2011-10-31,36159.98828125
2011-11-01,35742.5703125
2011-11-03,36579.0703125
2011-11-04,36689.37890625
2011-11-07,37024.609375
2011-11-08,37351.80859375
2011-11-09,36553.8515625
2011-11-10,36615.0703125
2011-11-11,37555.6484375
2011-11-14,37069.8984375
2011-11-15,37293.37890625
2011-11-16,36708.41015625
2011-11-17,36110.6796875
2011-11-18,36284.19921875
2011-11-22,35969.609375
2011-11-23,35375.609375
2011-11-24,35323.6015625
2011-11-25,34573.0390625
2011-11-28,35558.1796875
2011-11-29,35708.7109375
2011-11-30,36829.1484375
2011-12-01,36567.62890625
2011-12-02,36756.05859375
2011-12-05,37103.171875
2011-12-06,37071.171875
2011-12-07,37054.55859375
2011-12-08,36641.30859375
2011-12-09,37227.2109375
2011-12-13,36471.44140625
2011-12-14,36012.671875
2011-12-15,36006.8984375
2011-12-16,36054.62890625
2011-12-19,35587.78125
2011-12-20,36239.390625
2011-12-21,36628.05859375
2011-12-22,37066.76953125
2011-12-23,37041.421875
2011-12-27,37091.421875
2011-12-28,36644.859375
2011-12-29,37185.73046875
2011-12-30,37077.51953125
2012-01-03,37384.33984375
2012-01-04,37387.62890625
2012-01-05,37017.94921875
2012-01-09,36785.33984375
2012-01-10,37190.8984375
2012-01-11,37307.640625
2012-01-12,37320.96875
2012-01-13,36548.55859375
2012-01-16,36916.16015625
2012-01-17,36601.19921875
2012-01-18,37506.76171875
2012-01-19,37680.05859375
2012-01-20,37384.2109375
2012-01-23,37195.73046875
2012-01-24,36853.30078125
2012-01-25,37212.859375
2012-01-26,37240.78125
2012-01-27,37184.7109375
2012-01-30,37241.609375
2012-01-31,37422.6796875
2012-02-01,37709.6484375
2012-02-02,37711.16015625
2012-02-03,38092.80859375
2012-02-07,38062.421875
2012-02-08,38140.55078125
2012-02-09,38242.28125
2012-02-10,38149.21875
2012-02-13,38204.328125
2012-02-14,37831.87109375
2012-02-15,37864.55078125
2012-02-16,38212.23828125
2012-02-17,37914.69921875
2012-02-20,38296.6796875
2012-02-21,37859.48046875
2012-02-22,37912.55078125
2012-02-23,38027.83984375
2012-02-24,37945.21875
2012-02-27,37785.71875
2012-02-28,38021.421875
2012-02-29,37816.69140625
2012-03-01,38033.44921875
2012-03-02,38327.4296875
2012-03-05,38155.26953125
2012-03-06,37487.62890625
2012-03-07,37548.5390625
2012-03-08,37815.4296875
2012-03-09,37691.01171875
2012-03-12,37590.171875
2012-03-13,38019.76171875
2012-03-14,37971.44140625
2012-03-15,38134.5703125
2012-03-16,38258.44921875
2012-03-20,38055.26953125
2012-03-21,38434.51171875
2012-03-22,38323.51171875
2012-03-23,38334.8984375
2012-03-26,38863.1484375
2012-03-27,38956.3203125
2012-03-28,38910.6796875
2012-03-29,39125.3515625
2012-03-30,39521.23828125
2012-04-02,39908.5390625
2012-04-03,39924.9296875
2012-04-04,39398.87890625
2012-04-09,39432.1484375
2012-04-10,39035.171875
2012-04-11,39167.140625
2012-04-12,39357.80859375
2012-04-13,38444.01171875
2012-04-16,39054.83984375
2012-04-17,39355.171875
2012-04-18,39330.12109375
2012-04-19,39395.640625
2012-04-20,39354.859375
2012-04-23,38961.7890625
2012-04-24,38849.078125
2012-04-25,39066.01171875
2012-04-26,39212.16015625
2012-04-27,39324.140625
2012-04-30,39461.0
2012-05-02,39597.421875
2012-05-03,39580.05078125
2012-05-04,39408.609375
2012-05-07,40045.51171875
2012-05-08,39214.640625
2012-05-09,39122.8203125
2012-05-10,39170.8984375
2012-05-11,38888.7890625
2012-05-14,38352.109375
2012-05-15,37939.62890625
2012-05-16,37511.078125
2012-05-17,37261.23828125
2012-05-18,36875.328125
2012-05-21,37512.41015625
2012-05-22,37481.19140625
2012-05-23,37422.37890625
2012-05-24,37553.2109375
2012-05-25,37486.25
2012-05-28,37642.80078125
2012-05-29,38126.8515625
2012-05-30,38070.671875
2012-05-31,37872.94921875
2012-06-01,37182.37109375
2012-06-04,37059.78125
2012-06-05,37089.359375
2012-06-06,37274.7890625
2012-06-07,37247.33984375
2012-06-08,37323.91015625
2012-06-11,37035.75
2012-06-12,37271.0
2012-06-13,37142.1484375
2012-06-14,37440.48046875
2012-06-15,37738.578125
2012-06-18,38060.8203125
2012-06-19,38688.6484375
2012-06-20,38973.640625
2012-06-21,38515.94140625
2012-06-22,39071.5
2012-06-25,39157.51171875
2012-06-26,39339.1484375
2012-06-27,39490.6796875
2012-06-28,39637.66015625
2012-06-29,40199.55078125
2012-07-03,40434.7109375
2012-07-04,40353.4296875
2012-07-05,40040.69140625
2012-07-06,39831.6484375
2012-07-09,39963.26171875
2012-07-10,40049.58984375
2012-07-11,40221.80078125
2012-07-12,40268.41015625
2012-07-13,40498.46875
2012-07-16,40910.80078125
2012-07-17,41273.01953125
2012-07-18,40747.46875
2012-07-19,40752.53125
2012-07-20,40808.73046875
2012-07-23,40947.55078125
2012-07-24,40697.87109375
2012-07-25,40435.1015625
2012-07-26,40977.3203125
2012-07-27,41476.48046875
2012-07-30,41333.109375
2012-07-31,40704.28125
2012-08-01,40805.3984375
2012-08-02,40759.0
2012-08-03,40998.3984375
2012-08-06,41096.44140625
2012-08-07,41070.23828125
2012-08-08,40851.1796875
2012-08-09,40677.48046875
2012-08-10,40850.0
2012-08-13,40366.26953125
2012-08-14,40644.96875
2012-08-15,40792.58984375
2012-08-16,40714.87109375
2012-08-17,40547.48828125
2012-08-20,40350.0
2012-08-21,40096.640625
2012-08-22,40027.12890625
2012-08-23,39879.01171875
2012-08-24,40211.41015625
2012-08-27,39972.8515625
2012-08-28,39950.8984375
2012-08-29,39908.8984375
2012-08-30,39925.69140625
2012-08-31,39421.6484375
2012-09-03,39802.94140625
2012-09-04,39549.4296875
2012-09-05,39573.921875
2012-09-06,39987.05859375
2012-09-07,40043.87109375
2012-09-10,39991.19140625
2012-09-11,39998.96875
2012-09-12,40248.37890625
2012-09-14,40693.46875
2012-09-17,40621.4609375
2012-09-18,40590.9609375
2012-09-19,40941.30859375
2012-09-20,40500.3515625
2012-09-21,40338.69921875
2012-09-24,40561.21875
2012-09-25,40215.3515625
2012-09-26,40332.98046875
2012-09-27,40729.69921875
2012-09-28,40799.23828125
2012-10-01,41124.55859375
2012-10-02,41199.2890625
2012-10-03,41004.83984375
2012-10-04,41421.73828125
2012-10-05,41934.078125
2012-10-08,41756.9609375
2012-10-09,41755.16015625
2012-10-10,41470.05078125
2012-10-11,41745.390625
2012-10-12,41665.48046875
2012-10-15,42008.55078125
2012-10-16,42518.3515625
2012-10-17,42559.98046875
2012-10-18,42592.78125
2012-10-19,42386.828125
2012-10-22,42122.25
2012-10-23,42041.140625
2012-10-24,42095.16015625
2012-10-25,41877.26953125
2012-10-26,41836.921875
2012-10-29,41817.109375
2012-10-30,41599.0
2012-10-31,41619.9609375
2012-11-05,41722.140625
2012-11-06,41720.62109375
2012-11-07,41010.98046875
2012-11-08,40830.6484375
2012-11-09,40677.0703125
2012-11-12,40859.8984375
2012-11-13,41078.5
2012-11-14,40750.421875
2012-11-15,40573.66015625
2012-11-16,40830.6015625
2012-11-20,41184.0
2012-11-21,41668.05859375
2012-11-22,42032.3515625
2012-11-23,41919.55078125
2012-11-26,41878.26953125
2012-11-27,41769.37890625
2012-11-28,41912.94921875
2012-11-29,42090.69140625
2012-11-30,41833.51953125
2012-12-03,42323.83984375
2012-12-04,42337.8203125
2012-12-05,42416.2890625
2012-12-06,42589.6796875
2012-12-07,42797.671875
2012-12-10,43134.51171875
2012-12-11,43183.28125
2012-12-13,43006.30859375
2012-12-14,43050.921875
2012-12-17,43338.328125
2012-12-18,43825.96875
2012-12-19,43647.98828125
2012-12-20,43637.6796875
2012-12-21,43621.62109375
2012-12-24,43533.44921875
2012-12-26,43495.73828125
2012-12-27,43469.890625
2012-12-28,43721.9296875
2012-12-31,43705.828125
2013-01-02,44304.171875
2013-01-03,44370.640625
2013-01-04,44562.328125
2013-01-07,44625.9296875
2013-01-08,44571.19921875
2013-01-09,44862.5390625
2013-01-10,44859.80078125
2013-01-11,44888.12890625
2013-01-14,44862.921875
2013-01-15,44748.05859375
2013-01-16,44865.30078125
2013-01-17,44943.33984375
2013-01-18,45212.53125
2013-01-21,45223.8515625
2013-01-22,45320.30078125
2013-01-23,45442.98046875
2013-01-24,45428.69921875
2013-01-25,45575.859375
2013-01-28,45912.51171875
2013-01-29,45907.98046875
2013-01-30,45753.1796875
2013-01-31,45278.05859375
2013-02-01,45768.48828125
2013-02-05,45688.12109375
2013-02-06,45570.7109375
2013-02-07,45019.2109375
2013-02-08,45089.359375
2013-02-11,45063.87890625
2013-02-12,44873.44140625
2013-02-13,44096.26953125
2013-02-14,43878.28125
2013-02-15,44152.9609375
2013-02-18,44141.921875
2013-02-19,44639.76171875
2013-02-20,44299.55859375
2013-02-21,44136.6015625
2013-02-22,43875.73046875
2013-02-25,43497.19921875
2013-02-26,43489.19921875
2013-02-27,43772.890625
2013-02-28,44120.98828125
2013-03-01,43995.71875
2013-03-04,43871.30859375
2013-03-05,44017.12109375
2013-03-06,44159.6484375
2013-03-07,43968.6015625
2013-03-08,44322.51171875
2013-03-11,44013.30078125
2013-03-12,43965.41015625
2013-03-13,43278.109375
2013-03-14,43348.51953125
2013-03-15,42605.05078125
2013-03-19,42060.609375
2013-03-20,42497.96875
2013-03-21,42531.0703125
2013-03-22,42686.6796875
2013-03-25,42900.828125
2013-03-26,43664.73046875
2013-03-27,44077.08984375
2013-04-01,43932.51953125
2013-04-02,44113.5
2013-04-03,43717.5703125
2013-04-04,43566.69140625
2013-04-05,43244.25
2013-04-08,43430.98828125
2013-04-09,43973.1796875
2013-04-10,44380.828125
2013-04-11,44408.4296875
2013-04-12,44004.26953125
2013-04-15,42984.37890625
2013-04-16,43223.69140625
2013-04-17,42610.91015625
2013-04-18,42460.2109375
2013-04-19,42808.171875
2013-04-22,42914.19921875
2013-04-23,43113.609375
2013-04-24,42294.9296875
2013-04-25,42547.46875
2013-04-26,41897.0
2013-04-29,41910.53125
2013-04-30,42263.48046875
2013-05-02,42090.01171875
2013-05-03,42602.0703125
2013-05-06,42197.98828125
2013-05-07,42406.671875
2013-05-08,42102.140625
2013-05-09,41682.640625
2013-05-10,41741.5390625
2013-05-13,41766.91015625
2013-05-14,41925.140625
2013-05-15,41905.23046875
2013-05-16,41761.109375
2013-05-17,41806.73046875
2013-05-20,41080.4296875
2013-05-21,40548.44140625
2013-05-22,40119.01953125
2013-05-23,40505.26953125
2013-05-24,40521.26953125
2013-05-27,40144.6484375
2013-05-28,40764.0390625
2013-05-29,40638.96875
2013-05-30,40984.5
2013-05-31,41588.3203125
2013-06-03,41094.8203125
2013-06-04,40750.3984375
2013-06-05,40226.328125
2013-06-06,40579.078125
2013-06-07,40232.6796875
2013-06-10,40721.3515625
2013-06-11,39890.23828125
2013-06-12,39480.3515625
2013-06-13,39481.46875
2013-06-14,39269.30078125
2013-06-17,39549.4609375
2013-06-18,39459.98046875
2013-06-19,39044.94921875
2013-06-20,37517.23046875
2013-06-21,38036.4609375
2013-06-24,37517.359375
2013-06-25,37901.76953125
2013-06-26,38805.26953125
2013-06-27,39650.75
2013-06-28,40623.30078125
2013-07-01,41176.80078125
2013-07-02,40832.48046875
2013-07-03,40828.8515625
2013-07-04,41200.3984375
2013-07-05,40623.08984375
2013-07-08,40071.640625
2013-07-09,40221.0
2013-07-10,39999.01953125
2013-07-11,40479.828125
2013-07-12,40329.80859375
2013-07-15,40322.3203125
2013-07-16,39659.51171875
2013-07-17,40240.19140625
2013-07-18,40245.30859375
2013-07-19,39891.671875
2013-07-22,40117.671875
2013-07-23,40790.16015625
2013-07-24,40839.0390625
2013-07-25,40752.08984375
2013-07-26,41064.578125
2013-07-29,40341.859375
2013-07-30,40236.55078125
2013-07-31,40837.87890625
2013-08-01,41863.76171875
2013-08-02,42051.6015625
2013-08-05,41918.41015625
2013-08-06,41914.8203125
2013-08-07,42246.5
2013-08-08,42712.05078125
2013-08-09,42648.73828125
2013-08-12,42124.83984375
2013-08-13,42366.44921875
2013-08-14,42430.109375
2013-08-15,42155.33984375
2013-08-16,42049.69921875
2013-08-19,41484.25
2013-08-20,41825.3984375
2013-08-21,41458.16015625
2013-08-22,41007.4296875
2013-08-23,40925.12890625
2013-08-26,40419.9296875
2013-08-27,39656.0
2013-08-28,39248.0703125
2013-08-29,39162.48828125
2013-08-30,39492.37109375
2013-09-02,40129.0390625
2013-09-03,39541.51171875
2013-09-04,39773.53125
2013-09-05,39686.44921875
2013-09-06,39915.05859375
2013-09-09,40953.8515625
2013-09-10,41732.98046875
2013-09-11,41640.53125
2013-09-12,40785.6796875
2013-09-13,41122.46875
2013-09-17,41137.671875
2013-09-18,41902.19921875
2013-09-19,41752.26171875
2013-09-20,41225.98046875
2013-09-23,41314.6796875
2013-09-24,41209.94921875
2013-09-25,41724.03125
2013-09-26,41327.578125
2013-09-27,40903.6484375
2013-09-30,40185.23046875
2013-10-01,41335.26953125
2013-10-02,41300.66015625
2013-10-03,40841.12890625
2013-10-04,40909.5390625
2013-10-07,40451.16015625
2013-10-08,39916.83984375
2013-10-09,39866.171875
2013-10-10,40489.94921875
2013-10-11,40975.37109375
2013-10-14,40882.08984375
2013-10-15,40218.3203125
2013-10-16,40355.26953125
2013-10-17,40199.46875
2013-10-18,40412.69140625
2013-10-21,40345.78125
2013-10-22,40813.48046875
2013-10-23,40552.58984375
2013-10-24,40246.73046875
2013-10-25,40671.609375
2013-10-28,41125.01953125
2013-10-29,41284.37890625
2013-10-30,41050.08984375
2013-10-31,41038.6484375
2013-11-01,41079.609375
2013-11-04,41013.71875
2013-11-05,40304.44921875
2013-11-06,40280.08984375
2013-11-07,40009.8984375
2013-11-08,39864.16015625
2013-11-11,39686.828125
2013-11-12,39594.640625
2013-11-13,39765.921875
2013-11-14,40306.69921875
2013-11-15,41034.109375
2013-11-19,40643.25
2013-11-20,40795.55859375
2013-11-21,40998.37109375
2013-11-22,41199.01953125
2013-11-25,40948.359375
2013-11-26,41002.6796875
2013-11-27,41872.58984375
2013-11-28,42160.421875
2013-11-29,42499.12890625
2013-12-02,42138.55078125
2013-12-03,41876.859375
2013-12-04,42003.6484375
2013-12-05,41910.078125
2013-12-06,41925.5390625
2013-12-09,42289.23046875
2013-12-10,42490.1015625
2013-12-11,42304.55078125
2013-12-13,41884.828125
2013-12-16,42054.01953125
2013-12-17,41758.55078125
2013-12-18,42079.87109375
2013-12-19,42198.3203125
2013-12-20,42183.76953125
2013-12-23,42508.03125
2013-12-26,42540.3203125
2013-12-27,42753.21875
2013-12-30,42958.8203125
2014-01-02,42188.44921875
2014-01-03,42064.96875
2014-01-06,41525.94921875
2014-01-07,41778.6015625
2014-01-08,41515.48828125
2014-01-09,41585.5390625
2014-01-10,42458.51171875
2014-01-13,42158.62109375
2014-01-14,42439.7890625
2014-01-15,42511.25
2014-01-16,42172.73046875
2014-01-17,41911.30859375
2014-01-20,41976.37109375
2014-01-21,41838.62890625
2014-01-22,42062.8203125
2014-01-23,41531.80078125
2014-01-24,40979.80078125
2014-01-27,40863.41015625
2014-01-28,40660.9296875
2014-01-29,40689.8984375
2014-01-30,41008.30078125
2014-01-31,40879.75
2014-02-04,40085.51953125
2014-02-05,39880.87109375
2014-02-06,40288.78125
2014-02-07,40525.73828125
2014-02-10,40116.359375
2014-02-11,40759.62109375
2014-02-12,40690.05859375
2014-02-13,40308.9609375
2014-02-14,40710.890625
2014-02-17,40735.48046875
2014-02-18,40421.859375
2014-02-19,40006.421875
2014-02-20,39654.23046875
2014-02-21,39724.578125
2014-02-24,39792.7109375
2014-02-25,39023.6484375
2014-02-26,38605.62109375
2014-02-27,38912.9296875
2014-02-28,38782.890625
2014-03-03,38534.8203125
2014-03-04,39084.359375
2014-03-05,39021.0703125
2014-03-06,39176.30078125
2014-03-07,38913.0390625
2014-03-10,38671.01171875
2014-03-11,38689.5703125
2014-03-12,38634.828125
2014-03-13,38037.5
2014-03-14,37950.96875
2014-03-18,38814.69140625
2014-03-19,38811.94140625
2014-03-20,39616.19140625
2014-03-21,40021.73046875
2014-03-24,39821.7109375
2014-03-25,39793.01953125
2014-03-26,39761.30078125
2014-03-27,39911.01171875
2014-03-28,40048.19921875
2014-03-31,40461.6015625
2014-04-01,40470.01171875
2014-04-02,40900.53125
2014-04-03,40563.05859375
2014-04-04,40598.33984375
2014-04-07,40595.69921875
2014-04-08,40906.828125
2014-04-09,40937.76953125
2014-04-10,40447.9609375
2014-04-11,40380.7890625
2014-04-14,40530.69140625
2014-04-15,40481.80078125
2014-04-16,40890.53125
2014-04-21,40654.0703125
2014-04-22,40468.19921875
2014-04-23,40296.98046875
2014-04-24,40407.9296875
2014-04-25,40198.3984375
2014-04-28,40136.5703125
2014-04-29,40702.671875
2014-04-30,40711.55859375
2014-05-02,40967.94921875
2014-05-05,41047.87890625
2014-05-06,41470.8203125
2014-05-07,41803.12890625
2014-05-08,41659.91015625
2014-05-09,41641.109375
2014-05-12,42086.171875
2014-05-13,42236.828125
2014-05-14,42144.51171875
2014-05-15,41561.828125
2014-05-16,41898.83984375
2014-05-19,41840.05078125
2014-05-20,41805.1015625
2014-05-21,41828.98046875
2014-05-22,41943.9609375
2014-05-23,41917.921875
2014-05-26,42004.578125
2014-05-27,41958.96875
2014-05-28,41960.44921875
2014-05-29,42009.921875
2014-05-30,41362.51171875
2014-06-02,41936.7109375
2014-06-03,42126.08984375
2014-06-04,41953.30078125
2014-06-05,42173.03125
2014-06-06,42778.26171875
2014-06-09,43009.98828125
2014-06-10,43045.26953125
2014-06-11,42944.80859375
2014-06-12,42617.62109375
2014-06-13,42485.66015625
2014-06-16,42596.25
2014-06-17,42612.640625
2014-06-18,42802.6015625
2014-06-19,42957.359375
2014-06-20,42865.71875
2014-06-23,42916.73046875
2014-06-24,42884.76171875
2014-06-25,42854.19140625
2014-06-26,42613.80078125
2014-06-27,42493.859375
2014-06-30,42737.171875
2014-07-01,42872.83984375
2014-07-02,43279.48046875
2014-07-03,43660.69921875
2014-07-04,43518.05859375
2014-07-07,43452.55078125
2014-07-08,43403.4296875
2014-07-09,43686.75
2014-07-10,43474.2890625
2014-07-11,43481.828125
2014-07-14,43967.44140625
2014-07-15,43960.4296875
2014-07-16,44009.23046875
2014-07-17,43920.76171875
2014-07-18,44278.8984375
2014-07-21,44125.73046875
2014-07-22,44257.08984375
2014-07-23,44199.01171875
2014-07-24,44420.37890625
2014-07-25,44386.62109375
2014-07-28,44544.96875
2014-07-29,44481.2890625
2014-07-30,44311.05859375
2014-07-31,43817.69140625
2014-08-01,43986.109375
2014-08-04,44594.66015625
2014-08-05,44481.6796875
2014-08-06,44425.76953125
2014-08-07,44116.1484375
2014-08-08,44105.94921875
2014-08-11,44679.16015625
2014-08-12,44734.0390625
2014-08-13,44723.9609375
2014-08-14,44793.01953125
2014-08-15,44629.328125
2014-08-18,44854.80859375
2014-08-19,44962.87890625
2014-08-20,45248.05078125
2014-08-21,45410.359375
2014-08-22,45374.98828125
2014-08-25,45504.33984375
2014-08-26,45464.75
2014-08-27,45601.0
2014-08-28,45501.28125
2014-08-29,45628.08984375
2014-09-01,45438.0390625
2014-09-02,45825.05859375
2014-09-03,46049.328125
2014-09-04,46313.3984375
2014-09-05,46231.44140625
2014-09-08,46357.23828125
2014-09-09,45915.171875
2014-09-10,45894.05078125
2014-09-11,45672.6015625
2014-09-12,45799.69921875
2014-09-15,45861.83984375
2014-09-17,46043.62109375
2014-09-18,46168.640625
2014-09-19,45761.8984375
2014-09-22,45302.0
2014-09-23,45015.171875
2014-09-24,45116.94140625
2014-09-25,44781.12109375
2014-09-26,44884.328125
2014-09-29,44898.19140625
2014-09-30,44985.66015625
2014-10-01,44364.9609375
2014-10-02,44254.4296875
2014-10-03,44678.140625
2014-10-06,44820.8515625
2014-10-07,44536.62109375
2014-10-08,44487.96875
2014-10-09,44082.171875
2014-10-10,43435.73046875
2014-10-13,43088.671875
2014-10-14,43179.8515625
2014-10-15,42984.94921875
2014-10-16,42907.62109375
2014-10-17,43273.5
2014-10-20,43213.8984375
2014-10-21,43630.578125
2014-10-22,43450.75
2014-10-23,43691.05859375
2014-10-24,43665.5390625
2014-10-27,43810.51171875
2014-10-28,44039.640625
2014-10-29,44238.94140625
2014-10-30,44599.26953125
2014-10-31,45027.51953125
2014-11-03,45184.76171875
2014-11-04,44884.4296875
2014-11-05,45071.98046875
2014-11-06,44849.859375
2014-11-07,44614.66015625
2014-11-10,44523.0
2014-11-11,44300.828125
2014-11-12,43744.5703125
2014-11-13,43743.80078125
2014-11-14,43372.01171875
2014-11-18,43491.44921875
2014-11-19,44118.12890625
2014-11-20,44209.421875
2014-11-21,44633.28125
2014-11-24,44621.0703125
2014-11-25,44441.01953125
2014-11-26,44672.19921875
2014-11-27,44689.2109375
2014-11-28,44190.46875
2014-12-01,43392.0703125
2014-12-02,43008.0703125
2014-12-03,43112.2890625
2014-12-04,42816.1484375
2014-12-05,43230.33984375
2014-12-08,42941.828125
2014-12-09,42339.62890625
2014-12-10,41372.66015625
2014-12-11,41714.5703125
2014-12-15,40334.58984375
2014-12-16,40225.078125
2014-12-17,41004.44140625
2014-12-18,42475.671875
2014-12-19,42529.890625
2014-12-22,42873.01171875
2014-12-23,43122.73046875
2014-12-24,43002.87109375
2014-12-29,43187.640625
2014-12-30,43018.75
2014-12-31,43145.66015625
2015-01-02,42115.46875
2015-01-05,41099.37109375
2015-01-06,41329.41015625
2015-01-07,41813.9296875
2015-01-08,42402.30859375
2015-01-09,42382.41015625
2015-01-12,41780.78125
2015-01-13,41478.26171875
2015-01-14,40984.21875
2015-01-15,40998.76953125
2015-01-16,41402.01171875
2015-01-19,41285.578125
2015-01-20,41752.671875
2015-01-21,42488.73046875
2015-01-22,43121.28125
2015-01-23,42649.71875
2015-01-26,42737.8515625
2015-01-27,42627.8203125
2015-01-28,42158.0703125
2015-01-29,41862.328125
2015-01-30,40950.578125
2015-02-03,41572.23828125
2015-02-04,41710.8203125
2015-02-05,42453.640625
2015-02-06,42715.4296875
2015-02-09,42810.2890625
2015-02-10,42635.19140625
2015-02-11,41933.26171875
2015-02-12,43045.51171875
2015-02-13,43072.421875
2015-02-16,42959.55859375
2015-02-17,43251.7890625
2015-02-18,43053.6484375
2015-02-19,43231.421875
2015-02-20,43551.26171875
2015-02-23,43675.87109375
2015-02-24,43921.55078125
2015-02-25,43802.0703125
2015-02-26,44416.48828125
2015-02-27,44190.171875
2015-03-02,43882.7109375
2015-03-03,43600.37109375
2015-03-04,43296.55078125
2015-03-05,43517.7890625
2015-03-06,43280.80859375
2015-03-09,43251.3984375
2015-03-10,42972.1484375
2015-03-11,43227.19921875
2015-03-12,44055.890625
2015-03-13,44002.2890625
2015-03-17,43761.359375
2015-03-18,44360.87109375
2015-03-19,44118.171875
2015-03-20,43968.1484375
2015-03-23,43952.7109375
2015-03-24,44051.2109375
2015-03-25,43630.9609375
2015-03-26,43229.16015625
2015-03-27,43637.96875
2015-03-30,43922.828125
2015-03-31,43724.78125
2015-04-01,44202.94140625
2015-04-06,44850.05859375
2015-04-07,44987.87109375
2015-04-08,44980.55859375
2015-04-09,44913.26953125
2015-04-10,44882.01171875
2015-04-13,44994.55859375
2015-04-14,45004.51953125
2015-04-15,45262.94140625
2015-04-16,45480.23046875
2015-04-17,45012.37109375
2015-04-20,45077.80859375
2015-04-21,45296.91015625
2015-04-22,45232.0390625
2015-04-23,45418.828125
2015-04-24,45773.30859375
2015-04-27,45512.37890625
2015-04-28,45338.359375
2015-04-29,44942.23046875
2015-04-30,44582.390625
2015-05-04,45238.46875
2015-05-05,45091.328125
2015-05-06,44853.26171875
2015-05-07,44768.80078125
2015-05-08,45125.94921875
2015-05-11,45179.96875
2015-05-12,44950.48828125
2015-05-13,45038.140625
2015-05-14,45271.4609375
2015-05-15,45332.80078125
2015-05-18,45408.33984375
2015-05-19,45311.75
2015-05-20,45283.46875
2015-05-21,45097.390625
2015-05-22,44874.0390625
2015-05-25,44852.2890625
2015-05-26,44401.3984375
2015-05-27,44682.58984375
2015-05-28,44807.30859375
2015-05-29,44703.62109375
2015-06-01,44760.1015625
2015-06-02,44931.48046875
2015-06-03,44732.71875
2015-06-04,44561.109375
2015-06-05,44561.94140625
2015-06-08,44544.05078125
2015-06-09,44519.2109375
2015-06-10,44578.28125
2015-06-11,44624.73828125
2015-06-12,44692.5
2015-06-15,44395.76171875
2015-06-16,44722.28125
2015-06-17,44792.0390625
2015-06-18,45120.7890625
2015-06-19,44973.41015625
2015-06-22,45224.98046875
2015-06-23,45454.1484375
2015-06-24,45424.94140625
2015-06-25,45377.12109375
2015-06-26,45566.328125
2015-06-29,44710.3515625
2015-06-30,45053.69921875
2015-07-01,44928.51953125
2015-07-02,45175.578125
2015-07-03,45065.46875
2015-07-06,44794.01171875
2015-07-07,45017.75
2015-07-08,44497.73828125
2015-07-09,44564.3203125
2015-07-10,44915.98046875
2015-07-13,44990.390625
2015-07-14,45136.69140625
2015-07-15,45107.12890625
2015-07-16,45344.8984375
2015-07-17,45325.37890625
2015-07-20,45567.98828125
2015-07-21,45401.23046875
2015-07-22,44670.421875
2015-07-23,44836.328125
2015-07-24,44249.48828125
2015-07-27,43713.71875
2015-07-28,44222.96875
2015-07-29,44471.2890625
2015-07-30,44373.30859375
2015-07-31,44752.9296875
2015-08-03,44903.94921875
2015-08-04,45177.98046875
2015-08-05,44937.609375
2015-08-06,44921.21875
2015-08-07,44862.140625
2015-08-10,45320.69140625
2015-08-11,44379.7890625
2015-08-12,44032.37890625
2015-08-13,43870.53125
2015-08-14,43746.71875
2015-08-17,43953.48046875
2015-08-18,43872.12109375
2015-08-19,43473.73828125
2015-08-20,43036.58984375
2015-08-21,42163.8203125
2015-08-24,41471.46875
2015-08-25,42010.890625
2015-08-26,42323.0390625
2015-08-27,43452.359375
2015-08-28,43290.859375
2015-08-31,43721.9609375
2015-09-01,42911.51171875
2015-09-02,42969.9296875
2015-09-03,43283.46875
2015-09-04,42742.859375
2015-09-07,42756.26171875
2015-09-08,43083.94140625
2015-09-09,42754.6796875
2015-09-10,42888.51171875
2015-09-11,42780.73046875
2015-09-14,42827.3515625
2015-09-15,43269.62109375
2015-09-17,43790.9296875
2015-09-18,43565.05078125
2015-09-21,43618.140625
2015-09-22,43232.05859375
2015-09-23,43042.359375
2015-09-24,42596.55859375
2015-09-25,42435.23046875
2015-09-28,41893.51171875
2015-09-29,42121.51171875
2015-09-30,42632.5390625
2015-10-01,42695.73828125
2015-10-02,42735.1484375
2015-10-05,43566.3203125
2015-10-06,43561.421875
2015-10-07,43832.03125
2015-10-08,44076.94140625
2015-10-09,44375.62109375
2015-10-12,44314.25
2015-10-13,44318.19140625
2015-10-14,44064.4296875
2015-10-15,44087.58984375
2015-10-16,44364.16015625
2015-10-19,44523.01171875
2015-10-20,44653.859375
2015-10-21,44426.0703125
2015-10-22,44627.96875
2015-10-23,45010.23828125
2015-10-26,45036.51953125
2015-10-27,44698.01171875
2015-10-28,44741.6796875
2015-10-29,44634.80859375
2015-10-30,44542.76171875
2015-11-03,45354.58984375
2015-11-04,45373.171875
2015-11-05,45195.6484375
2015-11-06,45243.8515625
2015-11-09,44479.23046875
2015-11-10,44359.890625
2015-11-11,44347.91015625
2015-11-12,44120.51953125
2015-11-13,43617.73046875
2015-11-17,44184.6484375
2015-11-18,44505.58984375
2015-11-19,44620.6015625
2015-11-20,44895.01953125
2015-11-23,44779.140625
2015-11-24,44576.23046875
2015-11-25,44138.75
2015-11-26,44374.51953125
2015-11-27,44247.98046875
2015-11-30,43418.55078125
2015-12-01,43984.8984375
2015-12-02,43417.05078125
2015-12-03,43027.30078125
2015-12-04,42994.23046875
2015-12-07,42655.23828125
2015-12-08,42236.73828125
2015-12-09,42398.05859375
2015-12-10,42447.76953125
2015-12-11,42000.62890625
2015-12-14,41901.9609375
2015-12-15,42905.19921875
2015-12-16,43429.71875
2015-12-17,43503.51953125
2015-12-18,42936.62890625
2015-12-21,43160.609375
2015-12-22,43328.71875
2015-12-23,43579.671875
2015-12-24,43528.26953125
2015-12-28,43396.16015625
2015-12-29,43391.78125
2015-12-30,43012.37109375
2015-12-31,42977.5
2016-01-04,42113.69921875
2016-01-05,42041.6796875
2016-01-06,41691.19140625
2016-01-07,40661.5703125
2016-01-08,40265.37109375
2016-01-11,40706.890625
2016-01-12,41022.73828125
2016-01-13,41008.78125
2016-01-14,41352.75
2016-01-15,40847.69921875
2016-01-18,40604.7890625
2016-01-19,40809.25
2016-01-20,40844.41015625
2016-01-21,41166.87890625
2016-01-22,41621.30859375
2016-01-25,41476.3515625
2016-01-26,41932.390625
2016-01-27,42109.890625
2016-01-28,42393.01953125
2016-01-29,43630.76953125
2016-02-02,43092.48828125
2016-02-03,43257.5390625
2016-02-04,43751.9296875
2016-02-05,43229.671875
2016-02-08,42774.8515625
2016-02-09,42399.19140625
2016-02-10,42535.73828125
2016-02-11,42359.26171875
2016-02-12,42416.44140625
2016-02-15,43205.91015625
2016-02-16,43100.3203125
2016-02-17,43585.23046875
2016-02-18,43516.66015625
2016-02-19,43375.30859375
2016-02-22,43546.71875
2016-02-23,43216.578125
2016-02-24,42744.91015625
2016-02-25,43434.55078125
2016-02-26,43473.37109375
2016-02-29,43714.9296875
2016-03-01,44214.5
2016-03-02,44615.75
2016-03-03,44742.21875
2016-03-04,44849.01953125
2016-03-07,44967.16015625
2016-03-08,44504.2890625
2016-03-09,44492.5
2016-03-10,44337.0390625
2016-03-11,44617.73828125
2016-03-14,44691.80078125
2016-03-15,44210.44140625
2016-03-16,44751.3984375
2016-03-17,45435.08984375
2016-03-18,45482.390625
2016-03-22,45632.28125
2016-03-23,45647.5703125
2016-03-28,45623.48046875
2016-03-29,45897.6484375
2016-03-30,46191.51171875
2016-03-31,45881.078125
2016-04-01,46062.921875
2016-04-04,45678.1796875
2016-04-05,45186.01171875
2016-04-06,45281.96875
2016-04-07,45052.16015625
2016-04-08,44859.48828125
2016-04-11,44760.53125
2016-04-12,45090.671875
2016-04-13,45411.30078125
2016-04-14,45403.5390625
2016-04-15,45536.51953125
2016-04-18,45022.62890625
2016-04-19,45780.1796875
2016-04-20,45650.3515625
2016-04-21,45556.6484375
2016-04-22,45613.2109375
2016-04-25,45581.19921875
2016-04-26,45416.8984375
2016-04-27,45941.51953125
2016-04-28,45528.9296875
2016-04-29,45784.76953125
2016-05-02,45707.87109375
2016-05-03,45647.8203125
2016-05-04,45349.0
2016-05-05,45147.96875
2016-05-06,45209.8515625
2016-05-09,45250.33984375
2016-05-10,45676.41015625
2016-05-11,45506.87109375
2016-05-12,45685.8203125
2016-05-13,45402.46875
2016-05-16,45843.140625
2016-05-17,45872.1796875
2016-05-18,45551.19921875
2016-05-19,45051.26953125
2016-05-20,45155.91015625
2016-05-23,45236.16015625
2016-05-24,45497.4609375
2016-05-25,45710.94140625
2016-05-26,46039.69140625
2016-05-27,46124.1484375
2016-05-30,46017.2109375
2016-05-31,45459.44921875
2016-06-01,45557.609375
2016-06-02,45508.30859375
2016-06-03,45928.23046875
2016-06-06,45857.73046875
2016-06-07,46124.62890625
2016-06-08,46263.83984375
2016-06-09,45662.7109375
2016-06-10,45177.5
2016-06-13,44930.25
2016-06-14,44570.58984375
2016-06-15,45011.21875
2016-06-16,45225.3984375
2016-06-17,45306.21875
2016-06-20,45779.66015625
2016-06-21,45705.421875
2016-06-22,45806.16015625
2016-06-23,46145.921875
2016-06-24,44885.8203125
2016-06-27,44282.03125
2016-06-28,44714.5390625
2016-06-29,45466.37109375
2016-06-30,45966.48828125
2016-07-01,46213.26953125
2016-07-04,46201.328125
2016-07-05,45819.6015625
2016-07-06,45304.75
2016-07-07,45394.37109375
2016-07-08,45744.2890625
2016-07-11,46177.609375
2016-07-12,46432.69921875
2016-07-13,46271.96875
2016-07-14,46498.51171875
2016-07-15,46713.4296875
2016-07-18,46961.25
2016-07-19,47060.5703125
2016-07-20,47505.25
2016-07-21,47364.80859375
2016-07-22,47537.28125
2016-07-25,47130.41015625
2016-07-26,46927.0
2016-07-27,46812.0703125
2016-07-28,46833.87109375
2016-07-29,46660.671875
2016-08-01,46807.23828125
2016-08-02,46558.359375
2016-08-03,46844.53125
2016-08-04,46941.4609375
2016-08-05,47194.1484375
2016-08-08,47368.6484375
2016-08-09,47630.37109375
2016-08-10,47797.69921875
2016-08-11,48341.94921875
2016-08-12,48363.890625
2016-08-15,48694.8984375
2016-08-16,48351.9609375
2016-08-17,48258.9296875
2016-08-18,48437.1015625
2016-08-19,48297.4609375
2016-08-22,48293.4609375
2016-08-23,47666.01953125
2016-08-24,47743.609375
2016-08-25,47734.19921875
2016-08-26,47369.5703125
2016-08-29,47599.12109375
2016-08-30,47650.5703125
2016-08-31,47541.3203125
2016-09-01,47563.33984375
2016-09-02,47787.98828125
2016-09-05,47842.23046875
2016-09-06,47626.98046875
2016-09-07,47398.69921875
2016-09-08,47416.96875
2016-09-09,46459.171875
2016-09-12,46720.9609375
2016-09-13,46154.19921875
2016-09-14,45767.5703125
2016-09-15,45922.91015625
2016-09-19,45871.0390625
2016-09-20,46341.328125
2016-09-21,46929.19140625
2016-09-22,47975.05078125
2016-09-23,47778.48046875
2016-09-26,47252.5390625
2016-09-27,47731.83984375
2016-09-28,48046.55859375
2016-09-29,47672.0703125
2016-09-30,47245.80078125
2016-10-03,47601.9296875
2016-10-04,47909.26953125
2016-10-05,48141.421875
2016-10-06,47944.76953125
2016-10-07,47596.6015625
2016-10-10,48264.9609375
2016-10-11,48014.3984375
2016-10-12,47915.12109375
2016-10-13,47741.5390625
2016-10-14,47701.44921875
2016-10-17,47657.328125
2016-10-18,48106.12109375
2016-10-19,48492.609375
2016-10-20,48274.25
2016-10-21,48418.3984375
2016-10-24,48431.25
2016-10-25,48093.53125
2016-10-26,47805.44140625
2016-10-27,48114.671875
2016-10-28,48007.19921875
2016-10-31,48009.28125
2016-11-01,47303.30859375
2016-11-03,46683.80078125
2016-11-04,46694.80859375
2016-11-07,48050.25
2016-11-08,48470.98828125
2016-11-09,47390.66015625
2016-11-10,45224.37890625
2016-11-11,44978.25
2016-11-14,45306.48046875
2016-11-15,45023.6484375
2016-11-16,44901.5703125
2016-11-17,44919.69140625
2016-11-18,44364.171875
2016-11-22,44838.76171875
2016-11-23,45184.078125
2016-11-24,45265.8984375
2016-11-25,45357.8515625
2016-11-28,45470.609375
2016-11-29,45372.19140625
2016-11-30,45315.9609375
2016-12-01,44884.859375
2016-12-02,44555.26171875
2016-12-05,44937.30078125
2016-12-06,45103.21875
2016-12-07,45609.8984375
2016-12-08,46360.23046875
2016-12-09,46913.46875
2016-12-13,46870.23828125
2016-12-14,46220.5390625
2016-12-15,45871.9609375
2016-12-16,45121.390625
2016-12-19,44895.2890625
2016-12-20,44930.26953125
2016-12-21,44983.03125
2016-12-22,45008.078125
2016-12-23,45173.5390625
2016-12-26,44989.578125
2016-12-27,45299.671875
2016-12-28,45563.1796875
2016-12-29,45909.30859375
2016-12-30,45642.8984375
2017-01-02,45695.1015625
2017-01-03,46123.359375
2017-01-04,46587.73828125
2017-01-05,46719.98828125
2017-01-06,46071.5703125
2017-01-09,45553.51171875
2017-01-10,45886.26953125
2017-01-11,45933.6484375
2017-01-12,46060.98046875
2017-01-13,46182.4296875
2017-01-16,45740.37890625
2017-01-17,46002.55859375
2017-01-18,46360.62890625
2017-01-19,46265.26171875
2017-01-20,46331.6015625
2017-01-23,47116.23828125
2017-01-24,48149.609375
2017-01-25,48275.828125
2017-01-26,47611.44140625
2017-01-27,47421.12109375
2017-01-30,47091.8203125
2017-01-31,47001.05859375
2017-02-01,47009.51171875
2017-02-02,47095.0703125
2017-02-03,47225.1015625
2017-02-07,46728.94921875
2017-02-08,46921.7109375
2017-02-09,47232.171875
2017-02-10,47797.0390625
2017-02-13,47661.69140625
2017-02-14,47391.23828125
2017-02-15,47161.73828125
2017-02-16,47293.8515625
2017-02-17,47164.7109375
2017-02-20,47083.80859375
2017-02-21,47614.98828125
2017-02-22,47195.6796875
2017-02-23,47206.359375
2017-02-24,47047.671875
2017-02-27,47349.19921875
2017-02-28,46856.7890625
2017-03-01,47467.94921875
2017-03-02,47288.66015625
2017-03-03,47414.5703125
2017-03-06,47883.58984375
2017-03-07,47419.16015625
2017-03-08,47539.21875
2017-03-09,47263.921875
2017-03-10,47102.30859375
2017-03-13,47101.140625
2017-03-14,47087.96875
2017-03-15,47470.30859375
2017-03-16,48056.55859375
2017-03-17,48593.44140625
2017-03-21,48589.05078125
2017-03-22,48487.30078125
2017-03-23,48676.91015625
2017-03-24,49083.8515625
2017-03-27,49312.98828125
2017-03-28,49339.23828125
2017-03-29,49036.51953125
2017-03-30,48863.30078125
2017-03-31,48541.55859375
2017-04-03,48819.0703125
2017-04-04,49342.76953125
2017-04-05,49207.609375
2017-04-06,49012.421875
2017-04-07,49343.640625
2017-04-10,49540.26171875
2017-04-11,49637.9296875
2017-04-12,48955.8203125
2017-04-17,49011.55859375
2017-04-18,48762.53125
2017-04-19,48873.83984375
2017-04-20,49144.9609375
2017-04-21,48967.828125
2017-04-24,49413.26171875
2017-04-25,49808.05078125
2017-04-26,49565.16015625
2017-04-27,49440.9609375
2017-04-28,49261.328125
2017-05-02,49588.83984375
2017-05-03,49099.98046875
2017-05-04,48998.109375
2017-05-05,49485.671875
2017-05-08,49505.859375
2017-05-09,49939.46875
2017-05-10,49930.5390625
2017-05-11,49530.53125
2017-05-12,49426.078125
2017-05-15,49678.9609375
2017-05-16,49459.62109375
2017-05-17,48747.94921875
2017-05-18,48322.23828125
2017-05-19,49067.46875
2017-05-22,48943.4609375
2017-05-23,49042.51953125
2017-05-24,49494.3984375
2017-05-25,49410.921875
2017-05-26,49688.26953125
2017-05-29,49450.48046875
2017-05-30,49277.94921875
2017-05-31,48788.44140625
2017-06-01,49101.640625
2017-06-02,49317.37890625
2017-06-05,49592.48828125
2017-06-06,49218.62109375
2017-06-07,49274.96875
2017-06-08,49087.4609375
2017-06-09,49081.73046875
2017-06-12,49128.76171875
2017-06-13,49026.828125
2017-06-14,49291.03125
2017-06-15,49139.69921875
2017-06-16,49221.03125
2017-06-19,49169.5703125
2017-06-20,49033.05078125
2017-06-21,48983.44921875
2017-06-22,49017.4296875
2017-06-23,48980.78125
2017-06-26,49165.671875
2017-06-27,49087.73828125
2017-06-28,49340.109375
2017-06-29,49198.12109375
2017-06-30,49857.48828125
2017-07-03,50109.16015625
2017-07-04,50041.578125
2017-07-05,50300.80859375
2017-07-06,50015.671875
2017-07-07,50059.01953125
2017-07-10,50616.80859375
2017-07-11,50510.23046875
2017-07-12,50809.76953125
2017-07-13,50968.76171875
2017-07-14,51162.23046875
2017-07-17,51332.2890625
2017-07-18,51099.7109375
2017-07-19,51086.9296875
2017-07-20,51144.140625
2017-07-21,51564.62109375
2017-07-24,51665.6484375
2017-07-25,51713.37890625
2017-07-26,51600.26171875
2017-07-27,51257.359375
2017-07-28,51213.6015625
2017-07-31,51011.87109375
2017-08-01,51195.01171875
2017-08-02,51200.12890625
2017-08-03,51293.0703125
2017-08-04,51328.2890625
2017-08-07,51389.26953125
2017-08-08,51328.76171875
2017-08-09,51237.5
2017-08-10,50906.83984375
2017-08-11,50645.1015625
2017-08-14,51167.46875
2017-08-15,51339.2890625
2017-08-16,51156.671875
2017-08-17,50994.1796875
2017-08-18,51075.4609375
2017-08-21,51241.109375
2017-08-22,51332.98046875
2017-08-23,51280.171875
2017-08-24,51470.05859375
2017-08-25,51373.23046875
2017-08-28,51266.71875
2017-08-29,51313.66015625
2017-08-30,51193.51953125
2017-08-31,51210.48046875
2017-09-01,51080.8515625
2017-09-04,50825.76953125
2017-09-05,50301.390625
2017-09-06,50515.6015625
2017-09-07,50249.12109375
2017-09-08,50083.80078125
2017-09-11,50359.3203125
2017-09-12,50480.9609375
2017-09-13,50164.87890625
2017-09-14,50107.859375
2017-09-15,49921.83984375
2017-09-18,50258.421875
2017-09-19,50265.4609375
2017-09-20,50363.94921875
2017-09-21,50545.75
2017-09-22,50313.51171875
2017-09-25,50368.171875
2017-09-26,50359.46875
2017-09-27,50169.12890625
2017-09-28,50137.0
2017-09-29,50346.05859375
2017-10-02,50501.16015625
2017-10-03,50615.2890625
2017-10-04,50565.2890625
2017-10-05,50480.921875
2017-10-06,50302.9609375
2017-10-09,50071.94140625
2017-10-10,49982.94140625
2017-10-11,50139.6796875
2017-10-12,49962.7890625
2017-10-13,49981.94140625
2017-10-16,49721.01171875
2017-10-17,50140.51953125
2017-10-18,49938.98046875
2017-10-19,50000.25
2017-10-20,49988.7109375
2017-10-23,49548.12890625
2017-10-24,50157.21875
2017-10-25,48876.4609375
2017-10-26,48986.83984375
2017-10-27,49209.578125
2017-10-30,48855.26953125
2017-10-31,48625.53125
2017-11-01,48334.44921875
2017-11-03,48534.83984375
2017-11-06,48967.01171875
2017-11-07,49004.51953125
2017-11-08,48835.69140625
2017-11-09,48713.51171875
2017-11-10,48028.30078125
2017-11-13,48002.4296875
2017-11-14,47873.6484375
2017-11-15,47690.80078125
2017-11-16,47747.69140625
2017-11-17,47857.140625
2017-11-21,48185.7109375
2017-11-22,48196.890625
2017-11-23,48136.23828125
2017-11-24,47941.87890625
2017-11-27,47275.3203125
2017-11-28,47229.16015625
2017-11-29,47622.9296875
2017-11-30,47092.44140625
2017-12-01,47265.30859375
2017-12-04,47161.3203125
2017-12-05,47462.7890625
2017-12-06,46973.30078125
2017-12-07,46987.01171875
2017-12-08,47572.859375
2017-12-11,47699.0390625
2017-12-13,48276.71875
2017-12-14,48222.37890625
2017-12-15,48081.55078125
2017-12-18,48634.5390625
2017-12-19,48403.03125
2017-12-20,48390.390625
2017-12-21,48503.30859375
2017-12-22,48387.9296875
2017-12-26,48451.328125
2017-12-27,48652.55859375
2017-12-28,48861.94140625
2017-12-29,49354.421875
2018-01-02,50033.94921875
2018-01-03,49782.23046875
2018-01-04,49744.62109375
2018-01-05,49887.73828125
2018-01-08,49995.5703125
2018-01-09,49701.37109375
2018-01-10,48785.25
2018-01-11,48799.390625
2018-01-12,49135.91015625
2018-01-15,49387.28125
2018-01-16,49491.71875
2018-01-17,49732.30078125
2018-01-18,49911.96875
2018-01-19,49695.55859375
2018-01-22,49974.48046875
2018-01-23,50260.25
2018-01-24,50746.9296875
2018-01-25,50777.8984375
2018-01-26,51065.48828125
2018-01-29,50636.3203125
2018-01-30,50382.859375
2018-01-31,50456.171875
2018-02-01,50591.1484375
2018-02-02,50395.828125
2018-02-06,49304.94140625
2018-02-07,48976.44921875
2018-02-08,47862.1015625
2018-02-09,47799.08984375
2018-02-12,47830.48828125
2018-02-13,47926.73046875
2018-02-14,48400.75
2018-02-15,48808.390625
2018-02-16,48882.78125
2018-02-19,48928.48046875
2018-02-20,48685.19140625
2018-02-21,48535.58984375
2018-02-22,48969.640625
2018-02-23,48643.4296875
2018-02-26,48463.44140625
2018-02-27,47970.19140625
2018-02-28,47437.9296875
2018-03-01,47599.421875
2018-03-02,47548.1015625
2018-03-05,47720.91015625
2018-03-06,47884.62890625
2018-03-07,47662.12109375
2018-03-08,48240.0
2018-03-09,48556.44921875
2018-03-12,48671.2890625
2018-03-13,48557.01171875
2018-03-14,48156.44140625
2018-03-15,47817.05078125
2018-03-16,47477.578125
2018-03-20,47076.51171875
2018-03-21,47521.83984375
2018-03-22,47361.0390625
2018-03-23,46515.9296875
2018-03-26,46858.4609375
2018-03-27,46793.578125
2018-03-28,46124.8515625
2018-04-02,45826.640625
2018-04-03,46684.05859375
2018-04-04,47457.4609375
2018-04-05,47951.75
2018-04-06,47926.109375
2018-04-09,48058.9609375
2018-04-10,48331.51171875
2018-04-11,48532.140625
2018-04-12,48782.55859375
2018-04-13,48768.30078125
2018-04-16,48434.390625
2018-04-17,48933.609375
2018-04-18,49090.73828125
2018-04-19,48745.28125
2018-04-20,48431.578125
2018-04-23,48442.21875
2018-04-24,48046.80078125
2018-04-25,48058.2109375
2018-04-26,48297.7109375
2018-04-27,48284.609375
2018-04-30,48358.16015625
2018-05-02,47809.98046875
2018-05-03,47094.12890625
2018-05-04,46992.171875
2018-05-07,46474.69921875
2018-05-08,46719.51171875
2018-05-09,46294.4296875
2018-05-10,46551.55078125
2018-05-11,46728.921875
2018-05-14,46519.2890625
2018-05-15,46258.9609375
2018-05-16,46419.76953125
2018-05-17,45787.8984375
2018-05-18,45666.76953125
2018-05-21,45305.01953125
2018-05-22,45600.87109375
2018-05-23,45776.69140625
2018-05-24,45433.08984375
2018-05-25,45091.98828125
2018-05-28,44851.05078125
2018-05-29,44647.37109375
2018-05-30,44715.87890625
2018-05-31,44662.55078125
2018-06-01,45013.12109375
2018-06-04,45243.98046875
2018-06-05,45130.69921875
2018-06-06,45181.8203125
2018-06-07,45476.5703125
2018-06-08,45939.5390625
2018-06-11,46301.140625
2018-06-12,46660.75
2018-06-13,46760.578125
2018-06-14,47197.23828125
2018-06-15,46938.8203125
2018-06-18,46660.87109375
2018-06-19,46488.37890625
2018-06-20,46759.41015625
2018-06-21,46456.91015625
2018-06-22,46737.640625
2018-06-25,46747.8515625
2018-06-26,46908.94140625
2018-06-27,46874.4296875
2018-06-28,47031.26953125
2018-06-29,47663.19921875
2018-07-02,46653.51953125
2018-07-03,47053.890625
2018-07-04,47318.51953125
2018-07-05,48562.6484375
2018-07-06,48981.41015625
2018-07-09,49235.80859375
2018-07-10,48990.921875
2018-07-11,49025.1484375
2018-07-12,48696.30078125
2018-07-13,48406.01171875
2018-07-16,48454.2109375
2018-07-17,48704.62890625
2018-07-18,49002.76953125
2018-07-19,48747.7890625
2018-07-20,48908.23828125
2018-07-23,48850.9296875
2018-07-24,49462.76953125
2018-07-25,49603.6484375
2018-07-26,49438.23828125
2018-07-27,49643.94140625
2018-07-30,49705.28125
2018-07-31,49698.01171875
2018-08-01,49449.44140625
2018-08-02,49056.0390625
2018-08-03,49302.5703125
2018-08-06,49320.2109375
2018-08-07,49963.87109375
2018-08-08,49894.55859375
2018-08-09,49244.3984375
2018-08-10,48383.58984375
2018-08-13,48767.01953125
2018-08-14,49096.12890625
2018-08-15,48556.69140625
2018-08-16,48059.05859375
2018-08-17,48264.62890625
2018-08-20,48785.48046875
2018-08-21,49344.05078125
2018-08-22,49880.33984375
2018-08-23,49749.55859375
2018-08-24,49633.76953125
2018-08-27,50416.26953125
2018-08-28,50023.98046875
2018-08-29,50187.48046875
2018-08-30,49653.140625
2018-08-31,49547.6796875
2018-09-03,49488.48046875
2018-09-04,48884.171875
2018-09-05,48595.37109375
2018-09-06,48711.8515625
2018-09-07,48971.140625
2018-09-10,48848.73828125
2018-09-11,48895.80078125
2018-09-12,49254.98046875
2018-09-13,49693.2109375
2018-09-14,49611.9296875
2018-09-17,49398.5703125
2018-09-18,49661.828125
2018-09-19,49590.7890625
2018-09-20,49510.78125
2018-09-21,49344.2890625
2018-09-24,49417.21875
2018-09-25,49651.55078125
2018-09-26,49606.0703125
2018-09-27,49646.91015625
2018-09-28,49504.16015625
2018-10-01,49841.46875
2018-10-02,49376.5
2018-10-03,49005.3515625
2018-10-04,48683.26171875
2018-10-05,48052.8515625
2018-10-08,48093.1015625
2018-10-09,48505.21875
2018-10-10,48136.1796875
2018-10-11,47558.23046875
2018-10-12,47444.05078125
2018-10-15,47739.08984375
2018-10-16,48191.5703125
2018-10-17,47887.94921875
2018-10-18,47024.4609375
2018-10-19,47437.44921875
2018-10-22,46962.73828125
2018-10-23,46449.03125
2018-10-24,45959.0390625
2018-10-25,46275.7109375
2018-10-26,45803.328125
2018-10-29,43879.12890625
2018-10-30,43538.12109375
2018-10-31,43942.55078125
2018-11-01,45446.828125
2018-11-05,46817.359375
2018-11-06,46328.3515625
2018-11-07,46917.3984375
2018-11-08,44190.25
2018-11-09,44263.73828125
2018-11-12,43310.01171875
2018-11-13,42421.328125
2018-11-14,42343.9609375
2018-11-15,41450.6484375
2018-11-16,42319.26953125
2018-11-20,41797.37109375
2018-11-21,41499.9296875
2018-11-22,41271.12109375
2018-11-23,41144.328125
2018-11-26,39427.28125
2018-11-27,39807.28125
2018-11-28,40989.48046875
2018-11-29,41913.44921875
2018-11-30,41732.78125
2018-12-03,42081.78125
2018-12-04,41865.0703125
2018-12-05,41895.26953125
2018-12-06,41987.0
2018-12-07,41870.12890625
2018-12-10,41356.0390625
2018-12-11,40897.8515625
2018-12-13,41512.51171875
2018-12-14,41312.171875
2018-12-17,40340.51171875
2018-12-18,40917.5703125
2018-12-19,41388.28125
2018-12-20,41683.26953125
2018-12-21,41468.55859375
2018-12-24,41380.109375
2018-12-26,41573.609375
2018-12-27,41417.8515625
2018-12-28,41459.1484375
2018-12-31,41640.26953125
2019-01-02,42271.140625
2019-01-03,42044.3203125
2019-01-04,42455.12890625
2019-01-07,42834.19921875
2019-01-08,43542.87109375
2019-01-09,43648.0703125
2019-01-10,43668.94921875
2019-01-11,43556.109375
2019-01-14,43397.98046875
2019-01-15,43603.62109375
2019-01-16,43819.53125
2019-01-17,43932.078125
2019-01-18,44241.5390625
2019-01-21,44028.9609375
2019-01-22,43768.078125
2019-01-23,43679.671875
2019-01-24,43566.109375
2019-01-25,43638.62109375
2019-01-28,43626.1484375
2019-01-29,43700.1015625
2019-01-30,43631.359375
2019-01-31,43987.94140625
2019-02-01,43738.26953125
2019-02-05,44337.1015625
2019-02-06,43855.7890625
2019-02-07,43624.55078125
2019-02-08,43180.44921875
2019-02-11,43285.171875
2019-02-12,43113.7890625
2019-02-13,42284.05859375
2019-02-14,42725.21875
2019-02-15,42988.71875
2019-02-18,42981.30859375
2019-02-19,42949.5
2019-02-20,43178.0
2019-02-21,43577.640625
2019-02-22,43738.66015625
2019-02-25,43664.328125
2019-02-26,43623.328125
2019-02-27,43311.1796875
2019-02-28,42823.80859375
2019-03-01,42619.23046875
2019-03-04,42418.48828125
2019-03-05,42128.91015625
2019-03-06,41908.1484375
2019-03-07,41641.83984375
2019-03-08,41586.69921875
2019-03-11,41876.171875
2019-03-12,41740.62109375
2019-03-13,41932.55859375
2019-03-14,41777.80859375
2019-03-15,42210.4609375
2019-03-19,42378.609375
2019-03-20,43156.2109375
2019-03-21,43251.19140625
2019-03-22,42259.12109375
2019-03-25,42703.37890625
2019-03-26,42826.16015625
2019-03-27,42947.55078125
2019-03-28,42942.23046875
2019-03-29,43281.28125
2019-04-01,43672.05859375
2019-04-02,43324.58984375
2019-04-03,43339.75
2019-04-04,43937.390625
2019-04-05,44989.859375
2019-04-08,45436.28125
2019-04-09,45151.62890625
2019-04-10,44909.140625
2019-04-11,44580.05859375
2019-04-12,44686.05859375
2019-04-15,44625.78125
2019-04-16,45009.359375
2019-04-17,45525.2890625
2019-04-22,45381.21875
2019-04-23,45148.3203125
2019-04-24,45045.328125
2019-04-25,45026.6796875
2019-04-26,44974.96875
2019-04-29,44956.73046875
2019-04-30,44597.3203125
2019-05-02,44312.4296875
2019-05-03,44277.23828125
2019-05-06,44116.69921875
2019-05-07,43583.6015625
2019-05-08,43410.73828125
2019-05-09,43193.359375
2019-05-10,43382.3515625
2019-05-13,43142.4609375
2019-05-14,43431.53125
2019-05-15,43338.8203125
2019-05-16,43442.48828125
2019-05-17,43445.62109375
2019-05-20,43519.21875
2019-05-21,43190.1015625
2019-05-22,42942.23046875
2019-05-23,42812.5703125
2019-05-24,42617.6015625
2019-05-27,42491.4296875
2019-05-28,42207.7109375
2019-05-29,42854.75
2019-05-30,43345.8203125
2019-05-31,42749.16015625
2019-06-03,43108.421875
2019-06-04,43241.8203125
2019-06-05,43420.37890625
2019-06-06,43147.828125
2019-06-07,43291.328125
2019-06-10,43609.171875
2019-06-11,43713.66015625
2019-06-12,43800.16015625
2019-06-13,43483.19921875
2019-06-14,43130.6484375
2019-06-17,42964.7109375
2019-06-18,43161.05078125
2019-06-19,43375.671875
2019-06-20,43645.109375
2019-06-21,43526.73046875
2019-06-24,43743.71875
2019-06-25,43792.171875
2019-06-26,43792.078125
2019-06-27,43316.55859375
2019-06-28,43161.171875
2019-07-01,43438.23828125
2019-07-02,43441.80078125
2019-07-03,43483.23046875
2019-07-04,43461.48046875
2019-07-05,43405.3203125
2019-07-08,43589.078125
2019-07-09,42818.66015625
2019-07-10,42805.609375
2019-07-11,42882.01953125
2019-07-12,42647.30859375
2019-07-15,43063.94921875
2019-07-16,42984.96875
2019-07-17,42551.5390625
2019-07-18,41618.109375
2019-07-19,41606.5390625
2019-07-22,41209.3203125
2019-07-23,40935.33984375
2019-07-24,41167.73828125
2019-07-25,40933.4296875
2019-07-26,40673.78125
2019-07-29,41276.671875
2019-07-30,41159.26953125
2019-07-31,40863.08984375
2019-08-01,40346.80078125
2019-08-02,39977.51953125
2019-08-05,39496.359375
2019-08-06,39785.62890625
2019-08-07,40432.359375
2019-08-08,40439.421875
2019-08-09,40421.28125
2019-08-12,39851.2109375
2019-08-13,39476.5
2019-08-14,38650.08984375
2019-08-15,38574.1796875
2019-08-16,39339.55078125
2019-08-19,39556.3203125
2019-08-20,39700.05078125
2019-08-21,40076.0390625
2019-08-22,40144.23828125
2019-08-23,39862.0703125
2019-08-26,40081.71875
2019-08-27,40648.96875
2019-08-28,40941.9609375
2019-08-29,41831.30078125
2019-08-30,42622.5
2019-09-02,42108.23046875
2019-09-03,41826.55078125
2019-09-04,42324.46875
2019-09-05,42731.48046875
2019-09-06,42707.66015625
2019-09-09,42662.46875
2019-09-10,42588.1015625
2019-09-11,42749.171875
2019-09-12,42670.41015625
2019-09-13,42841.4609375
2019-09-17,43448.94140625
2019-09-18,43070.33984375
2019-09-19,43017.4609375
2019-09-20,43559.44921875
2019-09-23,43507.94921875
2019-09-24,43099.328125
2019-09-25,43014.078125
2019-09-26,42984.75
2019-09-27,42857.578125
2019-09-30,43011.26953125
2019-10-01,42937.16015625
2019-10-02,42222.8984375
2019-10-03,42443.30859375
2019-10-04,43416.8984375
2019-10-07,42952.2890625
2019-10-08,42535.140625
2019-10-09,42501.921875
2019-10-10,42929.76171875
2019-10-11,43214.6015625
2019-10-14,43299.53125
2019-10-15,43244.62890625
2019-10-16,43538.48828125
2019-10-17,43479.98046875
2019-10-18,43178.62890625
2019-10-21,43405.4296875
2019-10-22,43363.5390625
2019-10-23,43546.48046875
2019-10-24,43776.6015625
2019-10-25,43389.16015625
2019-10-28,43765.48828125
2019-10-29,43851.05859375
2019-10-30,43741.62109375
2019-10-31,43337.28125
2019-11-01,43814.55078125
2019-11-04,43815.76171875
2019-11-05,43611.83984375
2019-11-06,43818.51171875
2019-11-07,44119.8984375
2019-11-08,43702.23046875
2019-11-11,43595.6015625
2019-11-12,43100.76953125
2019-11-13,43098.66015625
2019-11-14,43188.69140625
2019-11-15,43392.359375
2019-11-19,43602.25
2019-11-20,43604.69921875
2019-11-21,43255.4296875
2019-11-22,43521.859375
2019-11-25,43535.109375
2019-11-26,42852.359375
2019-11-27,43036.16015625
2019-11-28,43100.12109375
2019-11-29,42820.1796875
2019-12-02,42544.140625
2019-12-03,42294.51953125
2019-12-04,42191.921875
2019-12-05,42216.03125
2019-12-06,41938.69140625
2019-12-09,41951.58984375
2019-12-10,42633.4296875
2019-12-11,43195.19140625
2019-12-13,44254.4296875
2019-12-16,44356.21875
2019-12-17,44401.16015625
2019-12-18,45106.2890625
2019-12-19,44649.4296875
2019-12-20,44505.640625
2019-12-23,44276.8515625
2019-12-24,44157.96875
2019-12-26,44300.171875
2019-12-27,44261.51171875
2019-12-30,43657.48046875
2019-12-31,43541.01953125
2020-01-02,44437.23046875
2020-01-03,44624.8515625
2020-01-06,44495.30078125
2020-01-07,44157.80859375
2020-01-08,44470.91015625
2020-01-09,44572.171875
2020-01-10,44660.328125
2020-01-13,44847.46875
2020-01-14,44773.23828125
2020-01-15,44453.328125
2020-01-16,45303.078125
2020-01-17,45817.76171875
2020-01-20,45902.6796875
2020-01-21,45637.3203125
2020-01-22,45604.44140625
2020-01-23,45476.4296875
2020-01-24,45141.62109375
2020-01-27,44134.390625
2020-01-28,44717.94140625
2020-01-29,45132.6015625
2020-01-30,44862.76171875
2020-01-31,44108.30859375
2020-02-04,45047.0703125
2020-02-05,44782.859375
2020-02-06,44493.1484375
2020-02-07,44399.328125
2020-02-10,44290.53125
2020-02-11,45027.41015625
2020-02-12,45338.37109375
2020-02-13,45005.12109375
2020-02-14,44999.6796875
2020-02-17,45016.9609375
2020-02-18,44974.109375
2020-02-19,44901.5
2020-02-20,44774.5390625
2020-02-21,44802.5390625
2020-02-24,43818.0703125
2020-02-25,43045.6796875
2020-02-26,42737.28125
2020-02-27,41607.421875
2020-02-28,41324.30859375
2020-03-02,42167.23828125
2020-03-03,42472.25
2020-03-04,43404.76171875
2020-03-05,42344.859375
2020-03-06,41388.78125
2020-03-09,38730.55859375
2020-03-10,39565.44140625
2020-03-11,38678.55078125
2020-03-12,36636.69921875
2020-03-13,38085.05078125
2020-03-17,36862.83984375
2020-03-18,35532.73828125
2020-03-19,35143.62890625
2020-03-20,34269.51171875
2020-03-23,32964.21875
2020-03-24,34371.53125
2020-03-25,35536.69921875
2020-03-26,35706.5703125
2020-03-27,33799.48828125
2020-03-30,34199.96875
2020-03-31,34554.53125
2020-04-01,33691.87890625
2020-04-02,33590.62109375
2020-04-03,33075.41015625
2020-04-06,34381.55859375
2020-04-07,34526.30859375
2020-04-08,34567.78125
2020-04-13,34613.671875
2020-04-14,34746.390625
2020-04-15,33855.23828125
2020-04-16,33759.75
2020-04-17,34743.1015625
2020-04-20,34477.05859375
2020-04-21,33892.28125
2020-04-22,34223.8515625
2020-04-23,34240.6015625
2020-04-24,34586.8203125
2020-04-27,34968.08984375
2020-04-28,35830.80859375
2020-04-29,36870.08984375
2020-04-30,36470.109375
2020-05-04,36370.4296875
2020-05-05,36616.05859375
2020-05-06,36986.19921875
2020-05-07,36792.41015625
2020-05-08,37623.6796875
2020-05-11,37631.890625
2020-05-12,37462.890625
2020-05-13,36394.58984375
2020-05-14,36094.140625
2020-05-15,35691.390625
2020-05-18,37112.4609375
2020-05-19,35862.0390625
2020-05-20,36026.98046875
2020-05-21,35560.76171875
2020-05-22,35784.421875
2020-05-25,35832.76953125
2020-05-26,36206.859375
2020-05-27,36889.9609375
2020-05-28,36508.140625
2020-05-29,36122.73046875
2020-06-01,36980.8515625
2020-06-02,37460.44140625
2020-06-03,38290.76953125
2020-06-04,37872.890625
2020-06-05,38948.078125
2020-06-08,39954.01171875
2020-06-09,39185.66015625
2020-06-10,38266.19140625
2020-06-11,36827.359375
2020-06-12,37679.23828125
2020-06-15,37416.73828125
2020-06-16,37894.05078125
2020-06-17,37897.23828125
2020-06-18,37632.890625
2020-06-19,38404.62890625
2020-06-22,38123.55859375
2020-06-23,38217.6796875
2020-06-24,37908.37890625
2020-06-25,37734.51953125
2020-06-26,37431.94921875
2020-06-29,37769.19140625
2020-06-30,37716.4296875
2020-07-01,37619.76953125
2020-07-02,37894.078125
2020-07-03,37950.0
2020-07-06,37884.76171875
2020-07-07,37837.390625
2020-07-08,37483.87890625
2020-07-09,36795.94921875
2020-07-10,36465.4609375
2020-07-13,36389.390625
2020-07-14,36190.91015625
2020-07-15,36590.26171875
2020-07-16,36465.671875
2020-07-17,36327.83984375
2020-07-20,36323.69140625
2020-07-21,36881.671875
2020-07-22,37447.1015625
2020-07-23,37433.30078125
2020-07-24,37357.4609375
2020-07-27,37742.140625
2020-07-28,37771.2109375
2020-07-29,37720.83984375
2020-07-30,37136.78125
2020-07-31,37019.6796875
2020-08-03,37546.71875
2020-08-04,37466.94921875
2020-08-05,37901.9609375
2020-08-06,37998.33984375
2020-08-07,38005.0
2020-08-10,38289.76171875
2020-08-11,38703.58984375
2020-08-12,38634.1015625
2020-08-13,38615.62109375
2020-08-14,38949.87890625
2020-08-17,39285.8515625
2020-08-18,39087.3515625
2020-08-19,39021.921875
2020-08-20,38707.23828125
2020-08-21,38095.87890625
2020-08-24,38029.62109375
2020-08-25,38249.8984375
2020-08-26,37753.0390625
2020-08-27,37647.19140625
2020-08-28,37794.25
2020-08-31,36840.73046875
2020-09-01,37487.98828125
2020-09-02,37053.76953125
2020-09-03,36429.66015625
2020-09-04,36448.5
2020-09-07,36637.44921875
2020-09-08,36071.4296875
2020-09-09,36157.9609375
2020-09-10,36180.73828125
2020-09-11,36334.890625
2020-09-14,36881.98828125
2020-09-15,36729.1484375
2020-09-17,36130.921875
2020-09-18,36017.3515625
2020-09-21,35517.76953125
2020-09-22,35853.578125
2020-09-23,35829.578125
2020-09-24,36217.48828125
2020-09-25,36583.7109375
2020-09-28,37231.5
2020-09-29,37134.921875
2020-09-30,37458.69140625
2020-10-01,36626.109375
2020-10-02,36642.37890625
2020-10-05,36740.328125
2020-10-06,36947.87109375
2020-10-07,37418.7890625
2020-10-08,38404.05078125
2020-10-09,38478.578125
2020-10-12,38342.08984375
2020-10-13,38131.78125
2020-10-14,38025.71875
2020-10-15,38059.23046875
2020-10-16,37876.48828125
2020-10-19,37685.73828125
2020-10-20,38201.80859375
2020-10-21,38669.25
2020-10-22,38652.19140625
2020-10-23,38707.71875
2020-10-26,38245.859375
2020-10-27,38001.30859375
2020-10-28,37393.7109375
2020-10-29,36801.37109375
2020-10-30,36987.859375
2020-11-03,37466.08984375
2020-11-04,37475.76171875
2020-11-05,38399.0703125
2020-11-06,38530.5
2020-11-09,39652.51953125
2020-11-10,40404.578125
2020-11-11,40858.94921875
2020-11-12,40335.94921875
2020-11-13,40791.80859375
2020-11-17,41948.7890625
2020-11-18,42252.609375
2020-11-19,41868.8203125
2020-11-20,41905.05859375
2020-11-23,42267.19921875
2020-11-24,42736.48046875
2020-11-25,42200.58984375
2020-11-26,42412.46875
2020-11-27,41674.30078125
2020-11-30,41778.87109375
2020-12-01,42895.62890625
2020-12-02,43674.828125
2020-12-03,43934.2109375
2020-12-04,43646.03125
2020-12-07,43255.25
2020-12-08,43098.640625
2020-12-09,42736.9609375
2020-12-10,43518.7109375
2020-12-11,43612.30859375
2020-12-14,43569.83984375
2020-12-15,43543.3515625
2020-12-16,43790.421875
2020-12-17,44326.05078125
2020-12-18,43873.80859375
2020-12-21,43246.23828125
2020-12-22,42601.7109375
2020-12-23,43597.30078125
2020-12-24,43372.19921875
2020-12-28,43883.41015625
2020-12-29,44693.98828125
2020-12-30,44693.9609375
2020-12-31,44066.87890625
2021-01-04,44703.0
2021-01-05,44908.12109375
2021-01-06,45587.16015625
2021-01-07,46188.66015625
2021-01-08,46729.30078125
2021-01-11,46395.3203125
2021-01-12,45951.76953125
2021-01-13,45740.1484375
2021-01-14,46070.91015625
2021-01-15,45892.28125
2021-01-18,46458.01953125
2021-01-19,45495.41015625
2021-01-20,45125.7109375
2021-01-21,44810.2109375
2021-01-22,44683.55078125
2021-01-25,45126.51171875
2021-01-26,45053.55859375
2021-01-27,44262.01171875
2021-01-28,44280.73046875
2021-01-29,42985.73046875
2021-02-02,43848.921875
2021-02-03,43957.0703125
2021-02-04,44167.578125
2021-02-05,44145.69921875
2021-02-08,44197.51171875
2021-02-09,45020.9609375
2021-02-10,44718.23046875
2021-02-11,44060.08984375
2021-02-12,44202.51953125
2021-02-15,44157.48828125
2021-02-16,44698.58984375
2021-02-17,45061.94921875
2021-02-18,44507.94921875
2021-02-19,44900.078125
2021-02-22,44946.6015625
2021-02-23,45268.328125
2021-02-24,45151.37890625
2021-02-25,44310.26953125
2021-02-26,44592.91015625
2021-03-01,44784.578125
2021-03-02,45682.19140625
2021-03-03,46377.46875
2021-03-04,46004.19140625
2021-03-05,46342.5390625
2021-03-08,47075.41015625
2021-03-09,47103.6015625
2021-03-10,47549.671875
2021-03-11,47673.8203125
2021-03-12,47769.87109375
2021-03-16,48203.94921875
2021-03-17,47679.48828125
2021-03-18,47572.390625
2021-03-19,47028.0390625
2021-03-22,47225.44140625
2021-03-23,46659.1796875
2021-03-24,46703.140625
2021-03-25,47012.37109375
2021-03-26,47379.19140625
2021-03-29,47747.359375
2021-03-30,47905.0
2021-03-31,47246.26171875
2021-04-05,48245.8515625
2021-04-06,47985.4296875
2021-04-07,47897.83984375
2021-04-08,48188.1484375
2021-04-09,47627.671875
2021-04-12,47352.1796875
2021-04-13,47503.7109375
2021-04-14,48329.83984375
2021-04-15,48514.1015625
2021-04-16,48726.98046875
2021-04-19,48072.62109375
2021-04-20,48528.96875
2021-04-21,48867.62109375
2021-04-22,49092.30859375
2021-04-23,49091.08984375
2021-04-26,48923.9296875
2021-04-27,48812.171875
2021-04-28,48487.94140625
2021-04-29,48897.7890625
2021-04-30,48009.71875
2021-05-03,48498.640625
2021-05-04,48328.19921875
2021-05-05,48399.80078125
2021-05-06,48934.91015625
2021-05-07,49249.01953125
2021-05-10,49867.1484375
2021-05-11,49655.2890625
2021-05-12,48748.41015625
2021-05-13,48829.30859375
2021-05-14,49219.26171875
2021-05-17,49371.98046875
2021-05-18,49789.30859375
2021-05-19,49382.25
2021-05-20,49907.359375
2021-05-21,49778.80859375
2021-05-24,49457.9296875
2021-05-25,48826.94921875
2021-05-26,49103.5
2021-05-27,49627.94921875
2021-05-28,50040.73828125
2021-05-31,50885.94921875
2021-06-01,50722.3515625
2021-06-02,50749.640625
2021-06-03,50628.76953125
2021-06-04,50484.3515625
2021-06-07,51427.640625
2021-06-08,50865.2109375
2021-06-09,50823.30078125
2021-06-10,50886.328125
2021-06-11,51286.4609375
2021-06-14,51029.5390625
2021-06-15,50908.1796875
2021-06-16,50579.1015625
2021-06-17,50202.80078125
2021-06-18,50319.5703125
2021-06-21,50315.69140625
2021-06-22,50129.87890625
2021-06-23,50170.78125
2021-06-24,50558.3203125
2021-06-25,50549.859375
2021-06-28,50351.2109375
2021-06-29,50337.359375
2021-06-30,50289.75
2021-07-01,50376.890625
2021-07-02,50223.01171875
2021-07-05,50552.80078125
2021-07-06,50048.890625
2021-07-07,50052.91015625
2021-07-08,49570.87109375
2021-07-09,49768.3515625
2021-07-12,49789.12109375
2021-07-13,49274.96875
2021-07-14,49435.87890625
2021-07-15,50274.8515625
2021-07-16,50148.12890625
2021-07-19,49096.46875
2021-07-20,49256.96875
2021-07-21,50035.171875
2021-07-22,50240.51171875
2021-07-23,50268.44921875
2021-07-26,50897.7890625
2021-07-27,50910.53125
2021-07-28,51344.109375
2021-07-29,51634.6015625
2021-07-30,50868.3203125
2021-08-02,50869.48046875
2021-08-03,51633.91015625
2021-08-04,51195.4296875
2021-08-05,51134.9296875
2021-08-06,51113.8515625
2021-08-09,50900.4609375
2021-08-10,51114.16015625
2021-08-11,51311.6015625
2021-08-12,51049.69140625
2021-08-13,51490.94140625
2021-08-16,51384.91015625
2021-08-17,51576.578125
2021-08-18,51986.078125
2021-08-19,51099.359375
2021-08-20,51414.3203125
2021-08-23,52054.640625
2021-08-24,51985.0
2021-08-25,52345.390625
2021-08-26,52290.69140625
2021-08-27,52425.640625
2021-08-30,52602.0703125
2021-08-31,53304.73828125
2021-09-01,52215.5390625
2021-09-02,52087.46875
2021-09-03,51835.08984375
2021-09-06,52283.109375
2021-09-07,51950.44921875
2021-09-08,51469.71875
2021-09-09,51395.05859375
2021-09-10,51521.80078125
2021-09-13,51496.7109375
2021-09-14,51815.171875
2021-09-15,52192.328125
2021-09-17,51307.7109375
2021-09-20,50557.6484375
2021-09-21,50828.12890625
2021-09-22,51338.33984375
2021-09-23,51464.26953125
2021-09-24,51105.7109375
2021-09-27,51598.53125
2021-09-28,50925.51953125
2021-09-29,51084.609375
2021-09-30,51385.55078125
2021-10-01,51060.05078125
2021-10-04,50862.94140625
2021-10-05,51056.94140625
2021-10-06,50974.48828125
2021-10-07,50876.98046875
2021-10-08,51136.62109375
2021-10-11,51646.75
2021-10-12,51835.87890625
2021-10-13,51812.87109375
2021-10-14,52140.23828125
2021-10-15,52798.37890625
2021-10-18,52686.03125
2021-10-19,52402.73046875
2021-10-20,52298.19921875
2021-10-21,52020.05078125
2021-10-22,51889.66015625
2021-10-25,51833.80078125
2021-10-26,52206.58984375
2021-10-27,51714.6015625
2021-10-28,51248.83984375
2021-10-29,51309.83984375
2021-11-01,51653.26171875
2021-11-03,51876.80859375
2021-11-04,51873.4609375
2021-11-05,51977.9609375
2021-11-08,52251.48828125
2021-11-09,52114.12109375
2021-11-10,51704.3984375
2021-11-11,51707.01171875
2021-11-12,51432.5390625
2021-11-16,51161.5
2021-11-17,51045.1015625
2021-11-18,50831.94921875
2021-11-19,50811.30078125
2021-11-22,50497.078125
2021-11-23,51116.3203125
2021-11-24,50848.03125
2021-11-25,50625.0
2021-11-26,49492.51953125
2021-11-29,49796.30078125
2021-11-30,49698.71875
2021-12-01,50007.16015625
2021-12-02,50927.37890625
2021-12-03,50597.2890625
2021-12-06,50605.55859375
2021-12-07,50918.28125
2021-12-08,51056.26953125
2021-12-09,51238.01953125
2021-12-10,51213.48046875
2021-12-13,50419.171875
2021-12-14,51241.46875
2021-12-15,51163.66015625
2021-12-16,51384.05859375
2021-12-17,52379.37109375
2021-12-20,51623.859375
2021-12-21,52085.28125
2021-12-22,52403.05078125
2021-12-23,52650.91015625
2021-12-24,52853.37890625
2021-12-27,53259.55859375
2021-12-28,53238.48046875
2021-12-29,52748.9296875
2021-12-30,53175.25
2021-12-31,53272.44140625
2022-01-03,52941.01171875
2022-01-04,53016.78125
2022-01-05,53024.1484375
2022-01-06,53055.30859375
2022-01-07,53202.109375
2022-01-10,52835.76171875
2022-01-11,53061.921875
2022-01-12,53951.140625
2022-01-13,53930.44921875
2022-01-14,53744.921875
2022-01-17,53973.26953125
2022-01-18,53232.19921875
2022-01-19,52823.23046875
2022-01-20,52508.3515625
2022-01-21,51599.37890625
2022-01-24,50890.58984375
2022-01-25,51104.390625
2022-01-26,51037.05078125
2022-01-27,50466.01953125
2022-01-28,50661.859375
2022-01-31,51330.8515625
